,Date,USRECD_20250829,T10Y3M,spline,lagged_recession_periods,periods
0,1990-01-02,0,0.11,0.1241220176346531,0,
1,1990-01-03,0,0.1,0.12981147842719679,0,
2,1990-01-04,0,0.14,0.1355070046091054,0,
3,1990-01-05,0,0.2,0.14120855713235542,0,
4,1990-01-08,0,0.22,0.14691609694892363,0,
5,1990-01-09,0,0.21,0.15262958501078658,0,
6,1990-01-10,0,0.27,0.15834898226992095,0,
7,1990-01-11,0,0.23,0.1640742496783035,0,
8,1990-01-12,0,0.35,0.1698053481879107,0,
9,1990-01-16,0,0.3,0.17554223875071936,0,
10,1990-01-17,0,0.21,0.18128488231870596,0,
11,1990-01-18,0,0.28,0.18703323984384732,0,
12,1990-01-19,0,0.25,0.19278727227812006,0,
13,1990-01-22,0,0.27,0.1985469405735007,0,
14,1990-01-23,0,0.33,0.20431220568196612,0,
15,1990-01-24,0,0.45,0.21008302855549266,0,
16,1990-01-25,0,0.46,0.21585937014605727,0,
17,1990-01-26,0,0.56,0.2216411914056364,0,
18,1990-01-29,0,0.5,0.22742845328620673,0,
19,1990-01-30,0,0.5,0.23322111673974513,0,
20,1990-01-31,0,0.42,0.2390191427182279,0,
21,1990-02-01,0,0.4,0.24482249217363197,0,
22,1990-02-02,0,0.42,0.2506311260579338,0,
23,1990-02-05,0,0.44,0.25644500532311015,0,
24,1990-02-06,0,0.48,0.2622640909211378,0,
25,1990-02-07,0,0.43,0.26808834380399305,0,
26,1990-02-08,0,0.41,0.2739177249236529,0,
27,1990-02-09,0,0.29,0.2797521952320937,0,
28,1990-02-12,0,0.41,0.2855917156812923,0,
29,1990-02-13,0,0.5,0.2914362472232254,0,
30,1990-02-14,0,0.48,0.2972857508098694,0,
31,1990-02-15,0,0.46,0.3031401873932012,0,
32,1990-02-16,0,0.47,0.3089995179251973,0,
33,1990-02-20,0,0.55,0.3148637033578345,0,
34,1990-02-21,0,0.6,0.3207327046430892,0,
35,1990-02-22,0,0.54,0.32660648273293824,0,
36,1990-02-23,0,0.59,0.33248499857935837,0,
37,1990-02-26,0,0.49,0.338368213134326,0,
38,1990-02-27,0,0.41,0.34425608734981783,0,
39,1990-02-28,0,0.47,0.3501485821778106,0,
40,1990-03-01,0,0.5,0.3560456585702809,0,
41,1990-03-02,0,0.51,0.36194727747920563,0,
42,1990-03-05,0,0.56,0.36785339985656096,0,
43,1990-03-06,0,0.41,0.37376398665432375,0,
44,1990-03-07,0,0.4,0.3796789988244709,0,
45,1990-03-08,0,0.39,0.3855983973189788,0,
46,1990-03-09,0,0.39,0.3915221430898242,0,
47,1990-03-12,0,0.37,0.3974501970889836,0,
48,1990-03-13,0,0.47,0.4033825202684338,0,
49,1990-03-14,0,0.41,0.40931907358015146,0,
50,1990-03-15,0,0.44,0.4152598179761132,0,
51,1990-03-16,0,0.4,0.42120471440829554,0,
52,1990-03-19,0,0.36,0.42715372382867534,0,
53,1990-03-20,0,0.28,0.43310680718922906,0,
54,1990-03-21,0,0.32,0.43906392544193357,0,
55,1990-03-22,0,0.35,0.44502503953876527,0,
56,1990-03-23,0,0.36,0.450990110431701,0,
57,1990-03-26,0,0.37,0.45695909907271726,0,
58,1990-03-27,0,0.34,0.46293196641379086,0,
59,1990-03-28,0,0.39,0.4689086734068984,0,
60,1990-03-29,0,0.5,0.47488918100401645,0,
61,1990-03-30,0,0.58,0.4808734501571218,0,
62,1990-04-02,0,0.59,0.48686144181819097,0,
63,1990-04-03,0,0.54,0.49285311693920053,0,
64,1990-04-04,0,0.54,0.4988484364721275,0,
65,1990-04-05,0,0.55,0.504847361368948,0,
66,1990-04-06,0,0.54,0.5108498525816393,0,
67,1990-04-09,0,0.5,0.5168558710621775,0,
68,1990-04-10,0,0.54,0.5228653777625395,0,
69,1990-04-11,0,0.6,0.5288783336347019,0,
70,1990-04-12,0,0.62,0.5348946996306415,0,
71,1990-04-16,0,0.67,0.5409144367023346,0,
72,1990-04-17,0,0.74,0.5469375058017583,0,
73,1990-04-18,0,0.77,0.5529638678808889,0,
74,1990-04-19,0,0.8,0.5589934838917033,0,
75,1990-04-20,0,0.99,0.5650263147861778,0,
76,1990-04-23,0,0.98,0.5710623215162893,0,
77,1990-04-24,0,0.97,0.5771014650340147,0,
78,1990-04-25,0,0.94,0.5831437062913302,0,
79,1990-04-26,0,0.98,0.5891890062402125,0,
80,1990-04-27,0,1.0,0.5952373258326386,0,
81,1990-04-30,0,0.96,0.6012886260205847,0,
82,1990-05-01,0,0.89,0.607342867756028,0,
83,1990-05-02,0,0.92,0.6134000119909446,0,
84,1990-05-03,0,0.88,0.6194600196773113,0,
85,1990-05-04,0,0.82,0.625522851767105,0,
86,1990-05-07,0,0.77,0.631588469212302,0,
87,1990-05-08,0,0.77,0.6376568329648795,0,
88,1990-05-09,0,0.87,0.6437279039768137,0,
89,1990-05-10,0,0.85,0.6498016432000809,0,
90,1990-05-11,0,0.76,0.6558780115866587,0,
91,1990-05-14,0,0.71,0.6619569700885227,0,
92,1990-05-15,0,0.74,0.6680384796576505,0,
93,1990-05-16,0,0.75,0.6741225012460185,0,
94,1990-05-17,0,0.75,0.6802089958056025,0,
95,1990-05-18,0,0.74,0.6862979242883803,0,
96,1990-05-21,0,0.72,0.6923892476463281,0,
97,1990-05-22,0,0.66,0.6984829268314223,0,
98,1990-05-23,0,0.69,0.70457892279564,0,
99,1990-05-24,0,0.68,0.7106771964909576,0,
100,1990-05-25,0,0.67,0.7167777088693517,0,
101,1990-05-29,0,0.64,0.7228804208827992,0,
102,1990-05-30,0,0.58,0.7289852934832762,0,
103,1990-05-31,0,0.58,0.7350922876227601,0,
104,1990-06-01,0,0.49,0.7412013642532271,0,
105,1990-06-04,0,0.47,0.7473124843266541,0,
106,1990-06-05,0,0.51,0.7534256087950174,0,
107,1990-06-06,0,0.5,0.7595406986102938,0,
108,1990-06-07,0,0.5,0.7656577147244601,0,
109,1990-06-08,0,0.5,0.7717766180894928,0,
110,1990-06-11,0,0.49,0.7778973696573683,0,
111,1990-06-12,0,0.49,0.7840199303800641,0,
112,1990-06-13,0,0.47,0.7901442612095562,0,
113,1990-06-14,0,0.46,0.7962703230978212,0,
114,1990-06-15,0,0.51,0.8023980769968359,0,
115,1990-06-18,0,0.57,0.8085274838585769,0,
116,1990-06-19,0,0.5,0.8146585046350208,0,
117,1990-06-20,0,0.52,0.8207911002781447,0,
118,1990-06-21,0,0.49,0.8269252317399244,0,
119,1990-06-22,0,0.47,0.8330608599723376,0,
120,1990-06-25,0,0.52,0.8391979459273599,0,
121,1990-06-26,0,0.49,0.8453364505569686,0,
122,1990-06-27,0,0.46,0.8514763348131403,0,
123,1990-06-28,0,0.47,0.8576175596478516,0,
124,1990-06-29,0,0.42,0.863760086013079,0,
125,1990-07-02,0,0.42,0.8699038748607992,0,
126,1990-07-03,0,0.44,0.8760488871429888,0,
127,1990-07-05,0,0.5,0.8821950838116248,0,
128,1990-07-06,0,0.5,0.8883424258186835,0,
129,1990-07-09,0,0.5,0.8944908741161417,0,
130,1990-07-10,0,0.5,0.9006403896559763,0,
131,1990-07-11,0,0.51,0.9067909333901629,0,
132,1990-07-12,0,0.55,0.9129424662706798,0,
133,1990-07-13,0,0.59,0.9190949492495021,0,
134,1990-07-16,0,0.57,0.9252483432786069,0,
135,1990-07-17,0,0.56,0.9314026093099718,0,
136,1990-07-18,0,0.7,0.9375577082955721,0,
137,1990-07-19,0,0.71,0.9437136011873853,0,
138,1990-07-20,0,0.69,0.9498702489373879,0,
139,1990-07-23,0,0.75,0.9560276124975563,0,
140,1990-07-24,0,0.74,0.9621856528198673,0,
141,1990-07-25,0,0.68,0.9683443308562977,0,
142,1990-07-26,0,0.66,0.974503607558824,0,
143,1990-07-27,0,0.65,0.980663443879423,0,
144,1990-07-30,0,0.59,0.9868238007700708,0,
145,1990-07-31,0,0.61,0.9929846391827446,0,
146,1990-08-01,1,0.61,0.9991459200694212,0,beg
147,1990-08-02,1,0.73,1.0053076043820766,1,
148,1990-08-03,1,0.91,1.011469653072688,1,
149,1990-08-06,1,1.17,1.0176320270932318,1,
150,1990-08-07,1,1.16,1.0237946873956847,1,
151,1990-08-08,1,1.14,1.0299575949320237,1,
152,1990-08-09,1,1.0,1.0361207106542247,1,
153,1990-08-10,1,1.04,1.0422839955142644,1,
154,1990-08-13,1,1.05,1.0484474104641208,1,
155,1990-08-14,1,0.98,1.054610916455769,1,
156,1990-08-15,1,0.94,1.0607744744411862,1,
157,1990-08-16,1,1.02,1.0669380453723496,1,
158,1990-08-17,1,1.08,1.0731015902012344,1,
159,1990-08-20,1,1.04,1.0792650698798187,1,
160,1990-08-21,1,1.0,1.0854284453600789,1,
161,1990-08-22,1,1.06,1.091591677593991,1,
162,1990-08-23,1,1.21,1.097754727533532,1,
163,1990-08-24,1,1.31,1.1039175561306782,1,
164,1990-08-27,1,1.12,1.1100801243374072,1,
165,1990-08-28,1,1.2,1.1162423931056948,1,
166,1990-08-29,1,1.12,1.1224043233875183,1,
167,1990-08-30,1,1.15,1.1285658761348538,1,
168,1990-08-31,1,1.22,1.1347270122996778,1,
169,1990-09-04,1,1.26,1.1408876928339675,1,
170,1990-09-05,1,1.24,1.1470478786896996,1,
171,1990-09-06,1,1.21,1.15320753081885,1,
172,1990-09-07,1,1.18,1.1593666101733962,1,
173,1990-09-10,1,1.17,1.1655250777053139,1,
174,1990-09-11,1,1.16,1.171682894366581,1,
175,1990-09-12,1,1.21,1.177840021109173,1,
176,1990-09-13,1,1.23,1.1839964188850676,1,
177,1990-09-14,1,1.27,1.1901520486462405,1,
178,1990-09-17,1,1.29,1.1963068713446685,1,
179,1990-09-18,1,1.29,1.2024608479323287,1,
180,1990-09-19,1,1.24,1.2086139393611979,1,
181,1990-09-20,1,1.28,1.214766106583252,1,
182,1990-09-21,1,1.39,1.2209173105504678,1,
183,1990-09-24,1,1.4,1.2270675122148222,1,
184,1990-09-25,1,1.42,1.2332166725282923,1,
185,1990-09-26,1,1.42,1.239364752442854,1,
186,1990-09-27,1,1.44,1.2455117129104845,1,
187,1990-09-28,1,1.45,1.25165751488316,1,
188,1990-10-01,1,1.34,1.2578021193128575,1,
189,1990-10-02,1,1.27,1.263945487151553,1,
190,1990-10-03,1,1.33,1.2700875793512236,1,
191,1990-10-04,1,1.3,1.2762283568638468,1,
192,1990-10-05,1,1.38,1.2823677806413982,1,
193,1990-10-09,1,1.42,1.2885058116358539,1,
194,1990-10-10,1,1.45,1.294642410799192,1,
195,1990-10-11,1,1.57,1.300777539083388,1,
196,1990-10-12,1,1.46,1.30691115744042,1,
197,1990-10-15,1,1.4,1.313043226822263,1,
198,1990-10-16,1,1.39,1.319173708180894,1,
199,1990-10-17,1,1.31,1.3253025624682904,1,
200,1990-10-18,1,1.22,1.3314297506364285,1,
201,1990-10-19,1,1.13,1.3375552336372851,1,
202,1990-10-22,1,1.16,1.3436789724228364,1,
203,1990-10-23,1,1.2,1.349800927945059,1,
204,1990-10-24,1,1.2,1.3559210611559303,1,
205,1990-10-25,1,1.2,1.362039333007426,1,
206,1990-10-26,1,1.27,1.368155704451524,1,
207,1990-10-29,1,1.31,1.3742701364402,1,
208,1990-10-30,1,1.32,1.38038258992543,1,
209,1990-10-31,1,1.31,1.3864930258591919,1,
210,1990-11-01,1,1.29,1.3926014051934625,1,
211,1990-11-02,1,1.26,1.398707688880218,1,
212,1990-11-05,1,1.19,1.404811837871434,1,
213,1990-11-06,1,1.21,1.4109138131190886,1,
214,1990-11-07,1,1.25,1.4170135755751578,1,
215,1990-11-08,1,1.25,1.4231110861916185,1,
216,1990-11-09,1,1.22,1.4292063059204476,1,
217,1990-11-13,1,1.09,1.4352991957136207,1,
218,1990-11-14,1,1.05,1.4413897165231158,1,
219,1990-11-15,1,1.04,1.4474778293009085,1,
220,1990-11-16,1,0.99,1.4535634949989762,1,
221,1990-11-19,1,1.01,1.4596466745692949,1,
222,1990-11-20,1,0.99,1.4657273289638415,1,
223,1990-11-21,1,1.0,1.4718054191345928,1,
224,1990-11-23,1,1.02,1.4778809060335254,1,
225,1990-11-26,1,1.0,1.483953750612616,1,
226,1990-11-27,1,1.0,1.4900239138238411,1,
227,1990-11-28,1,1.01,1.496091356619177,1,
228,1990-11-29,1,1.06,1.5021560399506013,1,
229,1990-11-30,1,1.01,1.5082179247700898,1,
230,1990-12-03,1,0.94,1.5142769720296196,1,
231,1990-12-04,1,0.95,1.5203331426811675,1,
232,1990-12-05,1,0.92,1.5263863976767087,1,
233,1990-12-06,1,0.96,1.5324366979682225,1,
234,1990-12-07,1,0.92,1.5384840045076829,1,
235,1990-12-10,1,0.91,1.5445282782470686,1,
236,1990-12-11,1,0.88,1.5505694801383547,1,
237,1990-12-12,1,0.91,1.5566075711335188,1,
238,1990-12-13,1,0.93,1.5626425121845375,1,
239,1990-12-14,1,0.99,1.5686742642433869,1,
240,1990-12-17,1,1.0,1.574702788262044,1,
241,1990-12-18,1,1.04,1.580728045192485,1,
242,1990-12-19,1,1.17,1.5867499959866873,1,
243,1990-12-20,1,1.3,1.5927686015966278,1,
244,1990-12-21,1,1.31,1.5987838229742821,1,
245,1990-12-24,1,1.46,1.6047956210716268,1,
246,1990-12-26,1,1.47,1.6108039568406394,1,
247,1990-12-27,1,1.43,1.6168087912332967,1,
248,1990-12-28,1,1.5,1.6228100852015748,1,
249,1990-12-31,1,1.45,1.6288077996974495,1,
250,1991-01-02,1,1.3,1.6348018956728998,1,
251,1991-01-03,1,1.29,1.6407923340798996,1,
252,1991-01-04,1,1.28,1.6467790758704273,1,
253,1991-01-07,1,1.42,1.6527620819964592,1,
254,1991-01-08,1,1.52,1.6587413134099718,1,
255,1991-01-09,1,1.8,1.6647167310629423,1,
256,1991-01-10,1,1.75,1.6706882959073464,1,
257,1991-01-11,1,1.85,1.6766559688951608,1,
258,1991-01-14,1,1.99,1.682619710978363,1,
259,1991-01-15,1,1.99,1.6885794831089296,1,
260,1991-01-16,1,2.02,1.6945352462388368,1,
261,1991-01-17,1,1.75,1.7004869613200608,1,
262,1991-01-18,1,1.78,1.706434589304579,1,
263,1991-01-22,1,1.83,1.7123780911443678,1,
264,1991-01-23,1,1.71,1.718317427791404,1,
265,1991-01-24,1,1.69,1.724252560197664,1,
266,1991-01-25,1,1.71,1.7301834493151247,1,
267,1991-01-28,1,1.62,1.7361100560957627,1,
268,1991-01-29,1,1.61,1.742032341491554,1,
269,1991-01-30,1,1.66,1.7479502664544768,1,
270,1991-01-31,1,1.65,1.7538637919365059,1,
271,1991-02-01,1,1.74,1.759772878889619,1,
272,1991-02-04,1,1.72,1.7656774882657928,1,
273,1991-02-05,1,1.69,1.7715775810170038,1,
274,1991-02-06,1,1.71,1.7774731180952281,1,
275,1991-02-07,1,1.71,1.7833640604524434,1,
276,1991-02-08,1,1.67,1.789250369040626,1,
277,1991-02-11,1,1.73,1.7951320048117512,1,
278,1991-02-12,1,1.76,1.8010089287177977,1,
279,1991-02-13,1,1.75,1.8068811017107407,1,
280,1991-02-14,1,1.78,1.812748484742558,1,
281,1991-02-15,1,1.7,1.8186110387652255,1,
282,1991-02-19,1,1.67,1.8244687247307192,1,
283,1991-02-20,1,1.72,1.8303215035910174,1,
284,1991-02-21,1,1.79,1.8361693362980964,1,
285,1991-02-22,1,1.79,1.842012183803931,1,
286,1991-02-25,1,1.75,1.8478500070605,1,
287,1991-02-26,1,1.74,1.8536827670197789,1,
288,1991-02-27,1,1.77,1.8595104246337444,1,
289,1991-02-28,1,1.79,1.8653329408543744,1,
290,1991-03-01,1,1.84,1.871150276633643,1,
291,1991-03-04,1,1.87,1.87696239292353,1,
292,1991-03-05,1,1.83,1.8827692506760103,1,
293,1991-03-06,1,1.82,1.8885708108430599,1,
294,1991-03-07,1,1.8,1.8943670343766568,1,
295,1991-03-08,1,1.97,1.9001578822287772,1,
296,1991-03-11,1,1.98,1.9059433153513978,1,
297,1991-03-12,1,2.04,1.9117232946964944,1,
298,1991-03-13,1,2.0,1.9174977812160452,1,
299,1991-03-14,1,2.07,1.9232667358620252,1,
300,1991-03-15,1,2.11,1.9290301195864128,1,
301,1991-03-18,1,2.12,1.934787893341183,1,
302,1991-03-19,1,2.17,1.9405400180783139,1,
303,1991-03-20,1,2.12,1.9462864547497813,1,
304,1991-03-21,1,2.1,1.9520271643075617,1,
305,1991-03-22,1,2.07,1.9577621077036325,1,
306,1991-03-25,1,2.06,1.963491245889969,1,
307,1991-03-26,1,2.08,1.9692145398185494,1,
308,1991-03-27,1,2.09,1.9749319504413503,1,
309,1991-03-28,1,2.13,1.9806434387103464,1,
310,1991-04-01,0,2.13,1.9863489655775164,1,end
311,1991-04-02,0,2.07,1.9920484919948356,0,
312,1991-04-03,0,2.1,1.9977419789142823,0,
313,1991-04-04,0,2.08,2.003429387287832,0,
314,1991-04-05,0,2.1,2.009110678067462,0,
315,1991-04-08,0,2.15,2.0147858122051474,0,
316,1991-04-09,0,2.23,2.0204547506528656,0,
317,1991-04-10,0,2.3,2.0261174543625944,0,
318,1991-04-11,0,2.34,2.0317738842863093,0,
319,1991-04-12,0,2.3,2.0374240013759874,0,
320,1991-04-15,0,2.18,2.0430677665836057,0,
321,1991-04-16,0,2.17,2.048705140861139,0,
322,1991-04-17,0,2.21,2.054336085160566,0,
323,1991-04-18,0,2.17,2.059960560433863,0,
324,1991-04-19,0,2.17,2.065578527633006,0,
325,1991-04-22,0,2.28,2.0711899477099722,0,
326,1991-04-23,0,2.22,2.076794781616737,0,
327,1991-04-24,0,2.22,2.082392990305279,0,
328,1991-04-25,0,2.29,2.0879845347275743,0,
329,1991-04-26,0,2.27,2.0935693758355987,0,
330,1991-04-29,0,2.3,2.099147474581329,0,
331,1991-04-30,0,2.34,2.1047187919167425,0,
332,1991-05-01,0,2.29,2.110283288793815,0,
333,1991-05-02,0,2.34,2.1158409261645246,0,
334,1991-05-03,0,2.39,2.121391664980847,0,
335,1991-05-06,0,2.41,2.1269354661947575,0,
336,1991-05-07,0,2.39,2.132472290758235,0,
337,1991-05-08,0,2.36,2.138002099623255,0,
338,1991-05-09,0,2.36,2.143524853741795,0,
339,1991-05-10,0,2.46,2.149040514065831,0,
340,1991-05-13,0,2.42,2.154549041547339,0,
341,1991-05-14,0,2.48,2.160050397138297,0,
342,1991-05-15,0,2.51,2.1655445417906805,0,
343,1991-05-16,0,2.54,2.171031436456467,0,
344,1991-05-17,0,2.5,2.1765110420876326,0,
345,1991-05-20,0,2.46,2.181983319636155,0,
346,1991-05-21,0,2.39,2.187448230054008,0,
347,1991-05-22,0,2.43,2.1929057342931726,0,
348,1991-05-23,0,2.52,2.1983557933056215,0,
349,1991-05-24,0,2.52,2.203798368043334,0,
350,1991-05-28,0,2.48,2.2092334194582848,0,
351,1991-05-29,0,2.45,2.2146609085024522,0,
352,1991-05-30,0,2.39,2.220080796127813,0,
353,1991-05-31,0,2.35,2.225493043286341,0,
354,1991-06-03,0,2.35,2.2308976109300156,0,
355,1991-06-04,0,2.4,2.236294460010813,0,
356,1991-06-05,0,2.42,2.241683551480709,0,
357,1991-06-06,0,2.49,2.2470648462916816,0,
358,1991-06-07,0,2.54,2.2524383053957058,0,
359,1991-06-10,0,2.51,2.257803889744759,0,
360,1991-06-11,0,2.54,2.2631615602908193,0,
361,1991-06-12,0,2.62,2.2685112779858607,0,
362,1991-06-13,0,2.58,2.273853003781861,0,
363,1991-06-14,0,2.51,2.2791866986307974,0,
364,1991-06-17,0,2.52,2.2845123234846456,0,
365,1991-06-18,0,2.52,2.2898298392953835,0,
366,1991-06-19,0,2.59,2.295139207014987,0,
367,1991-06-20,0,2.56,2.3004403875954322,0,
368,1991-06-21,0,2.57,2.3057333419886974,0,
369,1991-06-24,0,2.58,2.3110180311467574,0,
370,1991-06-25,0,2.58,2.31629441602159,0,
371,1991-06-26,0,2.59,2.321562457565171,0,
372,1991-06-27,0,2.59,2.326822116729477,0,
373,1991-06-28,0,2.53,2.3320733544664867,0,
374,1991-07-01,0,2.5,2.337316131728174,0,
375,1991-07-02,0,2.51,2.3425504094665173,0,
376,1991-07-03,0,2.52,2.347776148633493,0,
377,1991-07-05,0,2.58,2.352993310181077,0,
378,1991-07-08,0,2.59,2.358201855061247,0,
379,1991-07-09,0,2.59,2.3634017442259783,0,
380,1991-07-10,0,2.59,2.368592938627248,0,
381,1991-07-11,0,2.56,2.3737753992170343,0,
382,1991-07-12,0,2.54,2.3789490869473124,0,
383,1991-07-15,0,2.5,2.3841139627700594,0,
384,1991-07-16,0,2.5,2.3892699876372503,0,
385,1991-07-17,0,2.51,2.394417122500864,0,
386,1991-07-18,0,2.54,2.399555328312877,0,
387,1991-07-19,0,2.51,2.4046845660252645,0,
388,1991-07-22,0,2.51,2.409804796590005,0,
389,1991-07-23,0,2.55,2.4149159809590732,0,
390,1991-07-24,0,2.49,2.420018080084446,0,
391,1991-07-25,0,2.43,2.425111054918102,0,
392,1991-07-26,0,2.43,2.4301948664120157,0,
393,1991-07-29,0,2.44,2.4352694755181648,0,
394,1991-07-30,0,2.48,2.4403348431885257,0,
395,1991-07-31,0,2.49,2.445390930375075,0,
396,1991-08-01,0,2.47,2.45043769802979,0,
397,1991-08-02,0,2.43,2.455475107104647,0,
398,1991-08-05,0,2.35,2.460503118551621,0,
399,1991-08-06,0,2.38,2.4655216933226907,0,
400,1991-08-07,0,2.38,2.4705307923698325,0,
401,1991-08-08,0,2.44,2.475530376645023,0,
402,1991-08-09,0,2.5,2.4805204071002382,0,
403,1991-08-12,0,2.46,2.485500844687455,0,
404,1991-08-13,0,2.46,2.4904716503586504,0,
405,1991-08-14,0,2.37,2.4954327850658,0,
406,1991-08-15,0,2.38,2.5003842097608824,0,
407,1991-08-16,0,2.42,2.505325885395873,0,
408,1991-08-19,0,2.56,2.5102577729227478,0,
409,1991-08-20,0,2.54,2.5151798332934843,0,
410,1991-08-21,0,2.35,2.5200920274600596,0,
411,1991-08-22,0,2.31,2.524994316374449,0,
412,1991-08-23,0,2.32,2.5298866609886304,0,
413,1991-08-26,0,2.33,2.5347690222545802,0,
414,1991-08-27,0,2.34,2.539641361124275,0,
415,1991-08-28,0,2.36,2.5445036385496906,0,
416,1991-08-29,0,2.31,2.5493558154828047,0,
417,1991-08-30,0,2.33,2.5541978528755944,0,
418,1991-09-03,0,2.29,2.559029711680034,0,
419,1991-09-04,0,2.31,2.5638513528481024,0,
420,1991-09-05,0,2.34,2.568662737331776,0,
421,1991-09-06,0,2.3,2.5734638260830303,0,
422,1991-09-09,0,2.29,2.5782545800538434,0,
423,1991-09-10,0,2.33,2.5830349601961906,0,
424,1991-09-11,0,2.32,2.587804927462049,0,
425,1991-09-12,0,2.29,2.592564442803396,0,
426,1991-09-13,0,2.35,2.5973134671722082,0,
427,1991-09-16,0,2.29,2.602051961520461,0,
428,1991-09-17,0,2.27,2.606779886800131,0,
429,1991-09-18,0,2.28,2.611497203963196,0,
430,1991-09-19,0,2.25,2.6162038739616325,0,
431,1991-09-20,0,2.22,2.620899857747418,0,
432,1991-09-23,0,2.17,2.6255851162725268,0,
433,1991-09-24,0,2.22,2.6302596104889373,0,
434,1991-09-25,0,2.25,2.634923301348625,0,
435,1991-09-26,0,2.27,2.6395761498035677,0,
436,1991-09-27,0,2.21,2.644218116805742,0,
437,1991-09-30,0,2.21,2.6488491633071227,0,
438,1991-10-01,0,2.2,2.6534692502596897,0,
439,1991-10-02,0,2.22,2.6580783386154163,0,
440,1991-10-03,0,2.27,2.662676389326281,0,
441,1991-10-04,0,2.21,2.667263363344261,0,
442,1991-10-07,0,2.22,2.6718392216213314,0,
443,1991-10-08,0,2.25,2.6764039251094696,0,
444,1991-10-09,0,2.34,2.680957434760652,0,
445,1991-10-10,0,2.4,2.6854997115268557,0,
446,1991-10-11,0,2.35,2.690030716360057,0,
447,1991-10-15,0,2.33,2.6945504102122326,0,
448,1991-10-16,0,2.33,2.699058754035359,0,
449,1991-10-17,0,2.37,2.703555708781413,0,
450,1991-10-18,0,2.35,2.708041235402371,0,
451,1991-10-21,0,2.42,2.7125152948502116,0,
452,1991-10-22,0,2.46,2.7169778480769087,0,
453,1991-10-23,0,2.5,2.7214288560344393,0,
454,1991-10-24,0,2.53,2.7258682796747813,0,
455,1991-10-25,0,2.56,2.730296079949911,0,
456,1991-10-28,0,2.56,2.734712217811805,0,
457,1991-10-29,0,2.47,2.739116654212439,0,
458,1991-10-30,0,2.5,2.7435093501037913,0,
459,1991-10-31,0,2.5,2.747890266437837,0,
460,1991-11-01,0,2.59,2.752259364166554,0,
461,1991-11-04,0,2.62,2.7566166042419185,0,
462,1991-11-05,0,2.65,2.7609619476159066,0,
463,1991-11-06,0,2.75,2.765295355240496,0,
464,1991-11-07,0,2.67,2.7696167880676623,0,
465,1991-11-08,0,2.66,2.7739262070493838,0,
466,1991-11-12,0,2.6,2.778223573137635,0,
467,1991-11-13,0,2.65,2.7825088472843937,0,
468,1991-11-14,0,2.59,2.786781990441636,0,
469,1991-11-15,0,2.61,2.7910429635613387,0,
470,1991-11-18,0,2.62,2.7952917275954796,0,
471,1991-11-19,0,2.71,2.7995282434960345,0,
472,1991-11-20,0,2.76,2.8037524722149794,0,
473,1991-11-21,0,2.83,2.8079643747042913,0,
474,1991-11-22,0,2.89,2.8121639119159476,0,
475,1991-11-25,0,2.9,2.8163510448019244,0,
476,1991-11-26,0,2.9,2.8205257343141987,0,
477,1991-11-27,0,2.91,2.824687941404745,0,
478,1991-11-29,0,2.91,2.8288376270255444,0,
479,1991-12-02,0,2.81,2.8329747521285693,0,
480,1991-12-03,0,2.8,2.837099277665798,0,
481,1991-12-04,0,2.74,2.8412111645892084,0,
482,1991-12-05,0,2.78,2.8453103738507743,0,
483,1991-12-06,0,2.89,2.8493968664024756,0,
484,1991-12-09,0,2.93,2.8534706031962855,0,
485,1991-12-10,0,2.88,2.857531545184184,0,
486,1991-12-11,0,2.96,2.8615796533181457,0,
487,1991-12-12,0,2.93,2.8656148885501467,0,
488,1991-12-13,0,2.96,2.869637211832166,0,
489,1991-12-16,0,2.96,2.873646584116178,0,
490,1991-12-17,0,2.96,2.8776429663541614,0,
491,1991-12-18,0,2.96,2.8816263194980913,0,
492,1991-12-19,0,2.96,2.8855966044999444,0,
493,1991-12-20,0,3.13,2.8895537823116975,0,
494,1991-12-23,0,3.01,2.893497813885328,0,
495,1991-12-24,0,2.97,2.897428660172812,0,
496,1991-12-26,0,2.93,2.901346282126127,0,
497,1991-12-27,0,2.86,2.905250640697247,0,
498,1991-12-30,0,2.78,2.909141696838151,0,
499,1991-12-31,0,2.75,2.9130194115008163,0,
500,1992-01-02,0,2.82,2.9168837456372176,0,
501,1992-01-03,0,2.89,2.9207346601993334,0,
502,1992-01-06,0,2.9,2.924572116139138,0,
503,1992-01-07,0,2.9,2.9283960744086093,0,
504,1992-01-08,0,2.95,2.9322064959597247,0,
505,1992-01-09,0,2.92,2.9360033417444598,0,
506,1992-01-10,0,2.93,2.939786572714792,0,
507,1992-01-13,0,3.0,2.943556149822698,0,
508,1992-01-14,0,3.11,2.9473120340201526,0,
509,1992-01-15,0,3.11,2.9510541862591344,0,
510,1992-01-16,0,3.24,2.95478256749162,0,
511,1992-01-17,0,3.2,2.9584971386695855,0,
512,1992-01-21,0,3.17,2.9621978607450066,0,
513,1992-01-22,0,3.24,2.965884694669863,0,
514,1992-01-23,0,3.33,2.9695576013961267,0,
515,1992-01-24,0,3.34,2.9732165418757783,0,
516,1992-01-27,0,3.31,2.976861477060793,0,
517,1992-01-28,0,3.23,2.980492367903148,0,
518,1992-01-29,0,3.29,2.984109175354819,0,
519,1992-01-30,0,3.37,2.9877118603677832,0,
520,1992-01-31,0,3.36,2.9913003838940173,0,
521,1992-02-03,0,3.4,2.9948747068854975,0,
522,1992-02-04,0,3.35,2.9984347902942012,0,
523,1992-02-05,0,3.27,3.0019805950721046,0,
524,1992-02-06,0,3.29,3.005512082171184,0,
525,1992-02-07,0,3.36,3.009029212543418,0,
526,1992-02-10,0,3.38,3.01253194714078,0,
527,1992-02-11,0,3.38,3.016020246915249,0,
528,1992-02-12,0,3.45,3.0194940728188016,0,
529,1992-02-13,0,3.51,3.0229533858034126,0,
530,1992-02-14,0,3.52,3.0263981468210606,0,
531,1992-02-18,0,3.53,3.0298283168237212,0,
532,1992-02-19,0,3.47,3.033243856763373,0,
533,1992-02-20,0,3.43,3.0366447275919892,0,
534,1992-02-21,0,3.42,3.0400308902615483,0,
535,1992-02-24,0,3.39,3.043402305724028,0,
536,1992-02-25,0,3.37,3.046758934931403,0,
537,1992-02-26,0,3.28,3.050100738835652,0,
538,1992-02-27,0,3.3,3.0534276783887493,0,
539,1992-02-28,0,3.23,3.0567397145426742,0,
540,1992-03-02,0,3.24,3.0600368082494,0,
541,1992-03-03,0,3.29,3.0633189204609064,0,
542,1992-03-04,0,3.3,3.0665860121291693,0,
543,1992-03-05,0,3.37,3.0698380442061644,0,
544,1992-03-06,0,3.34,3.0730749776438695,0,
545,1992-03-09,0,3.32,3.0762967733942603,0,
546,1992-03-10,0,3.31,3.079503392409314,0,
547,1992-03-11,0,3.39,3.082694795641007,0,
548,1992-03-12,0,3.5,3.085870944041315,0,
549,1992-03-13,0,3.55,3.0890317985622167,0,
550,1992-03-16,0,3.51,3.0921773201556877,0,
551,1992-03-17,0,3.46,3.0953074697737044,0,
552,1992-03-18,0,3.47,3.098422208368244,0,
553,1992-03-19,0,3.42,3.101521496891282,0,
554,1992-03-20,0,3.47,3.1046052962947974,0,
555,1992-03-23,0,3.45,3.1076735675307647,0,
556,1992-03-24,0,3.38,3.110726271551161,0,
557,1992-03-25,0,3.42,3.1137633693079634,0,
558,1992-03-26,0,3.46,3.1167848217531477,0,
559,1992-03-27,0,3.43,3.119790596418324,0,
560,1992-03-30,0,3.38,3.1227806871536274,0,
561,1992-03-31,0,3.38,3.125755094388826,0,
562,1992-04-01,0,3.34,3.128713818553689,0,
563,1992-04-02,0,3.34,3.1316568600779826,0,
564,1992-04-03,0,3.36,3.1345842193914772,0,
565,1992-04-06,0,3.38,3.137495896923941,0,
566,1992-04-07,0,3.45,3.140391893105139,0,
567,1992-04-08,0,3.48,3.1432722083648432,0,
568,1992-04-09,0,3.59,3.1461368431328185,0,
569,1992-04-10,0,3.63,3.148985797838836,0,
570,1992-04-13,0,3.63,3.1518190729126623,0,
571,1992-04-14,0,3.64,3.1546366687840655,0,
572,1992-04-15,0,3.67,3.1574385858828142,0,
573,1992-04-16,0,3.72,3.1602248246386764,0,
574,1992-04-20,0,3.8,3.162995385481421,0,
575,1992-04-21,0,3.81,3.1657502688408146,0,
576,1992-04-22,0,3.8,3.168489475146626,0,
577,1992-04-23,0,3.83,3.1712130048286253,0,
578,1992-04-24,0,3.79,3.1739208583165777,0,
579,1992-04-27,0,3.78,3.1766130360402527,0,
580,1992-04-28,0,3.77,3.1792895384294186,0,
581,1992-04-29,0,3.8,3.1819503659138433,0,
582,1992-04-30,0,3.82,3.184595518923296,0,
583,1992-05-01,0,3.83,3.1872249978875424,0,
584,1992-05-04,0,3.87,3.1898388032363534,0,
585,1992-05-05,0,3.83,3.1924369353994955,0,
586,1992-05-06,0,3.76,3.1950193948067374,0,
587,1992-05-07,0,3.78,3.1975861818878473,0,
588,1992-05-08,0,3.69,3.2001372970725934,0,
589,1992-05-11,0,3.66,3.202672740790743,0,
590,1992-05-12,0,3.66,3.2051925134720665,0,
591,1992-05-13,0,3.67,3.20769661554633,0,
592,1992-05-14,0,3.69,3.210185047443302,0,
593,1992-05-15,0,3.62,3.212657809592751,0,
594,1992-05-18,0,3.59,3.2151149024244456,0,
595,1992-05-19,0,3.58,3.2175563263681526,0,
596,1992-05-20,0,3.6,3.219982081853641,0,
597,1992-05-21,0,3.63,3.22239216931068,0,
598,1992-05-22,0,3.57,3.2247865891690366,0,
599,1992-05-26,0,3.62,3.2271653418584787,0,
600,1992-05-27,0,3.65,3.229528427808775,0,
601,1992-05-28,0,3.59,3.231875847449694,0,
602,1992-05-29,0,3.54,3.234207601211003,0,
603,1992-06-01,0,3.57,3.2365236895224707,0,
604,1992-06-02,0,3.51,3.2388241128138664,0,
605,1992-06-03,0,3.54,3.2411088715149545,0,
606,1992-06-04,0,3.56,3.243377966055508,0,
607,1992-06-05,0,3.53,3.245631396865292,0,
608,1992-06-08,0,3.53,3.247869164374076,0,
609,1992-06-09,0,3.56,3.2500912690116275,0,
610,1992-06-10,0,3.57,3.2522977112077145,0,
611,1992-06-11,0,3.58,3.2544884913921055,0,
612,1992-06-12,0,3.54,3.2566636099945687,0,
613,1992-06-15,0,3.53,3.2588230674448733,0,
614,1992-06-16,0,3.52,3.2609668641727847,0,
615,1992-06-17,0,3.53,3.2630950006080734,0,
616,1992-06-18,0,3.5,3.2652074771805073,0,
617,1992-06-19,0,3.5,3.267304294319854,0,
618,1992-06-22,0,3.49,3.269385452455882,0,
619,1992-06-23,0,3.48,3.2714509520183594,0,
620,1992-06-24,0,3.48,3.273500793437054,0,
621,1992-06-25,0,3.43,3.275534977141734,0,
622,1992-06-26,0,3.44,3.2775535035621695,0,
623,1992-06-29,0,3.46,3.279556373128126,0,
624,1992-06-30,0,3.49,3.281543586269372,0,
625,1992-07-01,0,3.47,3.2835151434156766,0,
626,1992-07-02,0,3.61,3.2854710449968083,0,
627,1992-07-06,0,3.61,3.2874112914425346,0,
628,1992-07-07,0,3.59,3.2893358831826243,0,
629,1992-07-08,0,3.62,3.291244820646844,0,
630,1992-07-09,0,3.63,3.293138104264963,0,
631,1992-07-10,0,3.63,3.2950157344667517,0,
632,1992-07-13,0,3.68,3.2968777116819727,0,
633,1992-07-14,0,3.69,3.298724036340399,0,
634,1992-07-15,0,3.65,3.300554708871797,0,
635,1992-07-16,0,3.63,3.3023697297059362,0,
636,1992-07-17,0,3.67,3.3041690992725816,0,
637,1992-07-20,0,3.64,3.3059528180015048,0,
638,1992-07-21,0,3.63,3.3077208863224725,0,
639,1992-07-22,0,3.6,3.3094733046652522,0,
640,1992-07-23,0,3.49,3.311210073459614,0,
641,1992-07-24,0,3.5,3.312931193135324,0,
642,1992-07-27,0,3.43,3.3146366641221507,0,
643,1992-07-28,0,3.37,3.3163264868498645,0,
644,1992-07-29,0,3.34,3.31800066174823,0,
645,1992-07-30,0,3.44,3.319659189247018,0,
646,1992-07-31,0,3.47,3.3213020697759963,0,
647,1992-08-03,0,3.47,3.322929303764932,0,
648,1992-08-04,0,3.42,3.3245408916435957,0,
649,1992-08-05,0,3.39,3.326136833841753,0,
650,1992-08-06,0,3.42,3.327717130789172,0,
651,1992-08-07,0,3.36,3.3292817829156225,0,
652,1992-08-10,0,3.31,3.330830790650871,0,
653,1992-08-11,0,3.3,3.3323641544246883,0,
654,1992-08-12,0,3.29,3.3338818746668397,0,
655,1992-08-13,0,3.38,3.3353839518070956,0,
656,1992-08-14,0,3.4,3.3368703862752223,0,
657,1992-08-17,0,3.39,3.3383411785009893,0,
658,1992-08-18,0,3.34,3.339796328914164,0,
659,1992-08-19,0,3.32,3.341235837944515,0,
660,1992-08-20,0,3.31,3.34265970602181,0,
661,1992-08-21,0,3.39,3.3440679335758174,0,
662,1992-08-24,0,3.45,3.345460521036306,0,
663,1992-08-25,0,3.49,3.3468374688330433,0,
664,1992-08-26,0,3.45,3.348198777395797,0,
665,1992-08-27,0,3.4,3.3495444471543374,0,
666,1992-08-28,0,3.4,3.3508744785384286,0,
667,1992-08-31,0,3.39,3.3521888719778437,0,
668,1992-09-01,0,3.33,3.353487627902347,0,
669,1992-09-02,0,3.33,3.354770746741709,0,
670,1992-09-03,0,3.33,3.3560382289256965,0,
671,1992-09-04,0,3.42,3.357290074884079,0,
672,1992-09-08,0,3.33,3.358526285046623,0,
673,1992-09-09,0,3.33,3.3597468598430975,0,
674,1992-09-10,0,3.33,3.3609517997032707,0,
675,1992-09-11,0,3.39,3.3621411050569114,0,
676,1992-09-14,0,3.37,3.3633147763337865,0,
677,1992-09-15,0,3.42,3.364472813963665,0,
678,1992-09-16,0,3.45,3.3656152183763153,0,
679,1992-09-17,0,3.46,3.366741990001504,0,
680,1992-09-18,0,3.47,3.3678531292690024,0,
681,1992-09-21,0,3.45,3.3689486366085744,0,
682,1992-09-22,0,3.52,3.3700285124499922,0,
683,1992-09-23,0,3.56,3.371092757223022,0,
684,1992-09-24,0,3.53,3.372141371357431,0,
685,1992-09-25,0,3.55,3.37317435528299,0,
686,1992-09-28,0,3.58,3.3741917094294642,0,
687,1992-09-29,0,3.58,3.375193434226624,0,
688,1992-09-30,0,3.62,3.3761795301042374,0,
689,1992-10-01,0,3.56,3.377149997492072,0,
690,1992-10-02,0,3.57,3.3781048368198947,0,
691,1992-10-05,0,3.49,3.3790440485174766,0,
692,1992-10-06,0,3.51,3.3799676330145827,0,
693,1992-10-07,0,3.57,3.3808755907409833,0,
694,1992-10-08,0,3.56,3.381767922126447,0,
695,1992-10-09,0,3.62,3.3826446276007403,0,
696,1992-10-13,0,3.55,3.3835057075936317,0,
697,1992-10-14,0,3.51,3.38435116253489,0,
698,1992-10-15,0,3.55,3.3851809928542824,0,
699,1992-10-16,0,3.62,3.385995198981579,0,
700,1992-10-19,0,3.65,3.386793781346546,0,
701,1992-10-20,0,3.77,3.387576740378952,0,
702,1992-10-21,0,3.8,3.388344076508566,0,
703,1992-10-22,0,3.76,3.3890957901651557,0,
704,1992-10-23,0,3.83,3.3898318817784885,0,
705,1992-10-26,0,3.81,3.3905523517783327,0,
706,1992-10-27,0,3.78,3.3912572005944583,0,
707,1992-10-28,0,3.76,3.3919464286566323,0,
708,1992-10-29,0,3.69,3.3926200363946224,0,
709,1992-10-30,0,3.77,3.3932780242381972,0,
710,1992-11-02,0,3.8,3.3939203926171246,0,
711,1992-11-03,0,3.77,3.394547141961173,0,
712,1992-11-04,0,3.8,3.3951582727001104,0,
713,1992-11-05,0,3.79,3.395753785263705,0,
714,1992-11-06,0,3.84,3.396333680081726,0,
715,1992-11-09,0,3.83,3.3968979575839398,0,
716,1992-11-10,0,3.76,3.397446618200115,0,
717,1992-11-12,0,3.66,3.3979796623600205,0,
718,1992-11-13,0,3.67,3.398497090493424,0,
719,1992-11-16,0,3.68,3.398998903030095,0,
720,1992-11-17,0,3.62,3.3994851003998,0,
721,1992-11-18,0,3.56,3.3999556830323074,0,
722,1992-11-19,0,3.58,3.400410651357386,0,
723,1992-11-20,0,3.56,3.400850005804802,0,
724,1992-11-23,0,3.52,3.401273746804328,0,
725,1992-11-24,0,3.53,3.4016818747857274,0,
726,1992-11-25,0,3.53,3.4020743901787704,0,
727,1992-11-27,0,3.59,3.4024512934132254,0,
728,1992-11-30,0,3.57,3.4028125849188604,0,
729,1992-12-01,0,3.54,3.4031582651254433,0,
730,1992-12-02,0,3.51,3.4034883344627422,0,
731,1992-12-03,0,3.54,3.4038027933605264,0,
732,1992-12-04,0,3.52,3.404101642248561,0,
733,1992-12-07,0,3.43,3.4043848815566187,0,
734,1992-12-08,0,3.4,3.404652511714464,0,
735,1992-12-09,0,3.46,3.404904533151866,0,
736,1992-12-10,0,3.47,3.405140946298595,0,
737,1992-12-11,0,3.48,3.4053617515844152,0,
738,1992-12-14,0,3.5,3.4055669494390983,0,
739,1992-12-15,0,3.54,3.4057565402924106,0,
740,1992-12-16,0,3.49,3.4059305245741216,0,
741,1992-12-17,0,3.49,3.4060889027139982,0,
742,1992-12-18,0,3.53,3.4062316751418082,0,
743,1992-12-21,0,3.46,3.4063588422873217,0,
744,1992-12-22,0,3.38,3.4064704045803054,0,
745,1992-12-23,0,3.43,3.406566362450527,0,
746,1992-12-24,0,3.46,3.406646716327757,0,
747,1992-12-28,0,3.42,3.4067114666417613,0,
748,1992-12-29,0,3.42,3.4067606138223088,0,
749,1992-12-30,0,3.49,3.406794158299167,0,
750,1992-12-31,0,3.55,3.4068121005021066,0,
751,1993-01-04,0,3.4,3.406814440860893,0,
752,1993-01-05,0,3.43,3.406801179805295,0,
753,1993-01-06,0,3.46,3.406772317765082,0,
754,1993-01-07,0,3.57,3.40672785517002,0,
755,1993-01-08,0,3.62,3.4066677924498787,0,
756,1993-01-11,0,3.59,3.4065921300344275,0,
757,1993-01-12,0,3.63,3.4065008683534312,0,
758,1993-01-13,0,3.65,3.406394007836661,0,
759,1993-01-14,0,3.61,3.4062715489138835,0,
760,1993-01-15,0,3.59,3.406133492014867,0,
761,1993-01-19,0,3.49,3.4059798375693804,0,
762,1993-01-20,0,3.53,3.405810586007192,0,
763,1993-01-21,0,3.55,3.405625737758069,0,
764,1993-01-22,0,3.54,3.405425293251779,0,
765,1993-01-25,0,3.46,3.405209252918092,0,
766,1993-01-26,0,3.49,3.4049776171867747,0,
767,1993-01-27,0,3.51,3.4047303864875964,0,
768,1993-01-28,0,3.48,3.4044675612503243,0,
769,1993-01-29,0,3.43,3.404189141904728,0,
770,1993-02-01,0,3.37,3.4038951288805745,0,
771,1993-02-02,0,3.44,3.403585522607631,0,
772,1993-02-03,0,3.46,3.403260323515667,0,
773,1993-02-04,0,3.43,3.402919532034452,0,
774,1993-02-05,0,3.36,3.402563148593751,0,
775,1993-02-08,0,3.37,3.402191173623335,0,
776,1993-02-09,0,3.42,3.4018036075529703,0,
777,1993-02-10,0,3.4,3.4014004508124267,0,
778,1993-02-11,0,3.39,3.4009817038314707,0,
779,1993-02-12,0,3.35,3.4005473670398705,0,
780,1993-02-16,0,3.34,3.400097440867395,0,
781,1993-02-17,0,3.31,3.3996319257438135,0,
782,1993-02-18,0,3.22,3.3991508220988926,0,
783,1993-02-19,0,3.16,3.3986541303624014,0,
784,1993-02-22,0,3.08,3.398141850964106,0,
785,1993-02-23,0,2.92,3.3976139843337774,0,
786,1993-02-24,0,2.99,3.3970705309011824,0,
787,1993-02-25,0,3.02,3.396511491096089,0,
788,1993-02-26,0,3.02,3.395936865348266,0,
789,1993-03-01,0,2.91,3.3953466540874815,0,
790,1993-03-02,0,2.92,3.3947408577435025,0,
791,1993-03-03,0,2.88,3.394119476746099,0,
792,1993-03-04,0,2.86,3.3934825115250367,0,
793,1993-03-05,0,2.83,3.392829962510086,0,
794,1993-03-08,0,2.8,3.3921618301310152,0,
795,1993-03-09,0,2.86,3.3914781148175903,0,
796,1993-03-10,0,2.93,3.3907788169995823,0,
797,1993-03-11,0,2.93,3.3900639371067562,0,
798,1993-03-12,0,3.07,3.3893334755688826,0,
799,1993-03-15,0,3.11,3.388587432815729,0,
800,1993-03-16,0,3.01,3.3878258092770643,0,
801,1993-03-17,0,2.97,3.3870486053826543,0,
802,1993-03-18,0,2.92,3.38625582156227,0,
803,1993-03-19,0,2.92,3.385447458245677,0,
804,1993-03-22,0,2.97,3.384623515862646,0,
805,1993-03-23,0,2.93,3.3837839948429425,0,
806,1993-03-24,0,2.97,3.3829288956163377,0,
807,1993-03-25,0,3.01,3.3820582186125967,0,
808,1993-03-26,0,3.09,3.38117196426149,0,
809,1993-03-29,0,3.05,3.3802701329927847,0,
810,1993-03-30,0,3.04,3.3793527252362487,0,
811,1993-03-31,0,3.08,3.3784197414216512,0,
812,1993-04-01,0,3.09,3.3774711819787604,0,
813,1993-04-02,0,3.19,3.3765070473373426,0,
814,1993-04-05,0,3.15,3.375527337927169,0,
815,1993-04-06,0,3.1,3.3745320541780046,0,
816,1993-04-07,0,3.09,3.3735211965196186,0,
817,1993-04-08,0,3.01,3.3724947653817807,0,
818,1993-04-12,0,2.98,3.3714527611942566,0,
819,1993-04-13,0,3.01,3.370395184386818,0,
820,1993-04-14,0,3.02,3.3693220353892293,0,
821,1993-04-15,0,2.98,3.36823331463126,0,
822,1993-04-16,0,2.99,3.3671290225426787,0,
823,1993-04-19,0,3.0,3.366009159553254,0,
824,1993-04-20,0,3.02,3.364873726092753,0,
825,1993-04-21,0,3.0,3.363722722590945,0,
826,1993-04-22,0,2.97,3.362556149477596,0,
827,1993-04-23,0,2.99,3.361374007182477,0,
828,1993-04-26,0,2.99,3.360176296135354,0,
829,1993-04-27,0,3.04,3.3589630167659967,0,
830,1993-04-28,0,3.05,3.357734169504172,0,
831,1993-04-29,0,3.03,3.3564897547796493,0,
832,1993-04-30,0,3.07,3.355229773022195,0,
833,1993-05-03,0,3.03,3.3539542246615794,0,
834,1993-05-04,0,2.99,3.3526631101275686,0,
835,1993-05-05,0,2.97,3.3513564298499325,0,
836,1993-05-06,0,2.97,3.3500341842584396,0,
837,1993-05-07,0,2.99,3.3486963737828552,0,
838,1993-05-10,0,2.93,3.3473429988529504,0,
839,1993-05-11,0,2.93,3.3459740598984924,0,
840,1993-05-12,0,3.0,3.3445895573492486,0,
841,1993-05-13,0,3.02,3.3431894916349885,0,
842,1993-05-14,0,3.0,3.341773863185479,0,
843,1993-05-17,0,2.99,3.3403426724304888,0,
844,1993-05-18,0,3.07,3.338895919799787,0,
845,1993-05-19,0,3.08,3.33743360572314,0,
846,1993-05-20,0,3.06,3.335955730630317,0,
847,1993-05-21,0,3.09,3.334462294951086,0,
848,1993-05-24,0,3.01,3.3329532991152155,0,
849,1993-05-25,0,3.03,3.3314287435524736,0,
850,1993-05-26,0,3.0,3.329888628692628,0,
851,1993-05-27,0,2.98,3.3283329549654472,0,
852,1993-05-28,0,3.03,3.326761722800699,0,
853,1993-06-01,0,2.93,3.325174932628153,0,
854,1993-06-02,0,2.91,3.323572584877575,0,
855,1993-06-03,0,2.91,3.3219546799787336,0,
856,1993-06-04,0,2.93,3.320321218361399,0,
857,1993-06-07,0,2.88,3.3186722004553384,0,
858,1993-06-08,0,2.88,3.31700762669032,0,
859,1993-06-09,0,2.89,3.315327497496111,0,
860,1993-06-10,0,2.89,3.3136318133024796,0,
861,1993-06-11,0,2.84,3.311920574539196,0,
862,1993-06-14,0,2.84,3.310193781636027,0,
863,1993-06-15,0,2.84,3.3084514350227394,0,
864,1993-06-16,0,2.85,3.306693535129103,0,
865,1993-06-17,0,2.82,3.3049200823848865,0,
866,1993-06-18,0,2.84,3.303131077219857,0,
867,1993-06-21,0,2.75,3.3013265200637827,0,
868,1993-06-22,0,2.75,3.299506411346433,0,
869,1993-06-23,0,2.72,3.2976707514975736,0,
870,1993-06-24,0,2.71,3.295819540946974,0,
871,1993-06-25,0,2.69,3.2939527801244033,0,
872,1993-06-28,0,2.69,3.292070469459629,0,
873,1993-06-29,0,2.69,3.29017260938242,0,
874,1993-06-30,0,2.7,3.288259200322542,0,
875,1993-07-01,0,2.74,3.286330242709765,0,
876,1993-07-02,0,2.74,3.2843857369738583,0,
877,1993-07-06,0,2.68,3.282425683544587,0,
878,1993-07-07,0,2.69,3.280450082851723,0,
879,1993-07-08,0,2.69,3.278458935325031,0,
880,1993-07-09,0,2.67,3.276452241394281,0,
881,1993-07-12,0,2.65,3.2744300014892413,0,
882,1993-07-13,0,2.67,3.272392216039679,0,
883,1993-07-14,0,2.63,3.270338885475362,0,
884,1993-07-15,0,2.63,3.2682700102260607,0,
885,1993-07-16,0,2.63,3.266185590721542,0,
886,1993-07-19,0,2.59,3.2640856273915735,0,
887,1993-07-20,0,2.62,3.261970120665924,0,
888,1993-07-21,0,2.69,3.2598390709743614,0,
889,1993-07-22,0,2.74,3.257692478746653,0,
890,1993-07-23,0,2.79,3.255530344412569,0,
891,1993-07-26,0,2.76,3.253352668401877,0,
892,1993-07-27,0,2.75,3.2511594511443436,0,
893,1993-07-28,0,2.75,3.248950693069739,0,
894,1993-07-29,0,2.72,3.246726394607829,0,
895,1993-07-30,0,2.73,3.2444865561883853,0,
896,1993-08-02,0,2.68,3.242231178241172,0,
897,1993-08-03,0,2.68,3.239960261195961,0,
898,1993-08-04,0,2.72,3.237673805482517,0,
899,1993-08-05,0,2.74,3.235371811530611,0,
900,1993-08-06,0,2.75,3.2330542797700095,0,
901,1993-08-09,0,2.71,3.230721210630481,0,
902,1993-08-10,0,2.72,3.228372604541794,0,
903,1993-08-11,0,2.66,3.2260084619337173,0,
904,1993-08-12,0,2.68,3.2236287832360175,0,
905,1993-08-13,0,2.63,3.2212335688784637,0,
906,1993-08-16,0,2.57,3.218822819290825,0,
907,1993-08-17,0,2.62,3.2163965349028665,0,
908,1993-08-18,0,2.64,3.2139547161443596,0,
909,1993-08-19,0,2.59,3.211497363445071,0,
910,1993-08-20,0,2.55,3.2090244772347702,0,
911,1993-08-23,0,2.51,3.2065360579432225,0,
912,1993-08-24,0,2.49,3.204032106000199,0,
913,1993-08-25,0,2.46,3.201512621835467,0,
914,1993-08-26,0,2.36,3.198977605878794,0,
915,1993-08-27,0,2.39,3.1964270585599484,0,
916,1993-08-30,0,2.36,3.1938609803086986,0,
917,1993-08-31,0,2.37,3.191279371554814,0,
918,1993-09-01,0,2.38,3.18868223272806,0,
919,1993-09-02,0,2.36,3.1860695642582058,0,
920,1993-09-03,0,2.3,3.1834413665750216,0,
921,1993-09-07,0,2.22,3.180797640108273,0,
922,1993-09-08,0,2.21,3.1781383852877303,0,
923,1993-09-09,0,2.3,3.1754636025431586,0,
924,1993-09-10,0,2.27,3.172773292304329,0,
925,1993-09-13,0,2.21,3.1700674550010093,0,
926,1993-09-14,0,2.32,3.1673460910629663,0,
927,1993-09-15,0,2.36,3.1646092009199696,0,
928,1993-09-16,0,2.36,3.1618567850017865,0,
929,1993-09-17,0,2.37,3.1590888437381848,0,
930,1993-09-20,0,2.42,3.156305377558933,0,
931,1993-09-21,0,2.48,3.1535063868938003,0,
932,1993-09-22,0,2.47,3.1506918721725534,0,
933,1993-09-23,0,2.42,3.1478618338249618,0,
934,1993-09-24,0,2.42,3.145016272280793,0,
935,1993-09-27,0,2.34,3.1421551879698155,0,
936,1993-09-28,0,2.32,3.139278581321796,0,
937,1993-09-29,0,2.35,3.136386452766504,0,
938,1993-09-30,0,2.42,3.133478802733708,0,
939,1993-10-01,0,2.36,3.130555631653176,0,
940,1993-10-04,0,2.31,3.1276169399546747,0,
941,1993-10-05,0,2.28,3.124662728067975,0,
942,1993-10-06,0,2.3,3.121692996422843,0,
943,1993-10-07,0,2.28,3.118707745449046,0,
944,1993-10-08,0,2.21,3.1157069755763547,0,
945,1993-10-12,0,2.14,3.1126906872345357,0,
946,1993-10-13,0,2.16,3.109658880853357,0,
947,1993-10-14,0,2.15,3.1066115568625894,0,
948,1993-10-15,0,2.11,3.1035487156919976,0,
949,1993-10-18,0,2.13,3.1004703577713504,0,
950,1993-10-19,0,2.13,3.097376483530417,0,
951,1993-10-20,0,2.15,3.0942670933989658,0,
952,1993-10-21,0,2.22,3.0911421878067644,0,
953,1993-10-22,0,2.31,3.0880017671835813,0,
954,1993-10-25,0,2.32,3.0848458319591843,0,
955,1993-10-26,0,2.26,3.081674382563341,0,
956,1993-10-27,0,2.29,3.078487419425821,0,
957,1993-10-28,0,2.3,3.075284942976391,0,
958,1993-10-29,0,2.32,3.0720669536448204,0,
959,1993-11-01,0,2.37,3.0688334518608773,0,
960,1993-11-02,0,2.44,3.065584438054329,0,
961,1993-11-03,0,2.5,3.0623199126549436,0,
962,1993-11-04,0,2.52,3.0590398760924904,0,
963,1993-11-05,0,2.62,3.0557443287967367,0,
964,1993-11-08,0,2.53,3.052433271197451,0,
965,1993-11-09,0,2.45,3.0491067037244015,0,
966,1993-11-10,0,2.52,3.045764626807356,0,
967,1993-11-12,0,2.48,3.042407040876083,0,
968,1993-11-15,0,2.51,3.03903394636035,0,
969,1993-11-16,0,2.5,3.0356453436899264,0,
970,1993-11-17,0,2.49,3.0322412332945796,0,
971,1993-11-18,0,2.53,3.0288216156040777,0,
972,1993-11-19,0,2.63,3.0253864910481894,0,
973,1993-11-22,0,2.68,3.0219358600566824,0,
974,1993-11-23,0,2.63,3.018469723059325,0,
975,1993-11-24,0,2.65,3.0149880804858853,0,
976,1993-11-26,0,2.6,3.0114909327661312,0,
977,1993-11-29,0,2.55,3.0079782803298314,0,
978,1993-11-30,0,2.62,3.004450123606754,0,
979,1993-12-01,0,2.63,3.0009064630266677,0,
980,1993-12-02,0,2.62,2.9973472990193386,0,
981,1993-12-03,0,2.61,2.9937726320145375,0,
982,1993-12-06,0,2.53,2.990182462442031,0,
983,1993-12-07,0,2.54,2.9865767907315863,0,
984,1993-12-08,0,2.56,2.9829556173129754,0,
985,1993-12-09,0,2.54,2.9793189426159623,0,
986,1993-12-10,0,2.61,2.9756667670703174,0,
987,1993-12-13,0,2.66,2.971999091105808,0,
988,1993-12-14,0,2.71,2.9683159151522025,0,
989,1993-12-15,0,2.73,2.9646172396392694,0,
990,1993-12-16,0,2.74,2.9609030649967765,0,
991,1993-12-17,0,2.72,2.9571733916544924,0,
992,1993-12-20,0,2.68,2.953428220042185,0,
993,1993-12-21,0,2.7,2.949667550589622,0,
994,1993-12-22,0,2.61,2.945891383726572,0,
995,1993-12-23,0,2.59,2.9420997198828025,0,
996,1993-12-27,0,2.59,2.938292559488084,0,
997,1993-12-28,0,2.59,2.9344699029721815,0,
998,1993-12-29,0,2.66,2.9306317507648654,0,
999,1993-12-30,0,2.78,2.9267781032959035,0,
1000,1993-12-31,0,2.76,2.922908960995063,0,
1001,1994-01-03,0,2.76,2.919024324292112,0,
1002,1994-01-04,0,2.73,2.915124193616821,0,
1003,1994-01-05,0,2.76,2.911208569398956,0,
1004,1994-01-06,0,2.72,2.907277452068285,0,
1005,1994-01-07,0,2.63,2.9033308420545767,0,
1006,1994-01-10,0,2.61,2.8993687397876,0,
1007,1994-01-11,0,2.63,2.895391145697123,0,
1008,1994-01-12,0,2.57,2.891398060212913,0,
1009,1994-01-13,0,2.7,2.887389483764738,0,
1010,1994-01-14,0,2.75,2.8833654167823672,0,
1011,1994-01-18,0,2.7,2.879325859695568,0,
1012,1994-01-19,0,2.73,2.875270812934108,0,
1013,1994-01-20,0,2.7,2.871200276927758,0,
1014,1994-01-21,0,2.72,2.867114252106284,0,
1015,1994-01-24,0,2.73,2.8630127388994535,0,
1016,1994-01-25,0,2.79,2.858895737737037,0,
1017,1994-01-26,0,2.78,2.854763249048801,0,
1018,1994-01-27,0,2.75,2.850615273264513,0,
1019,1994-01-28,0,2.68,2.8464518108139427,0,
1020,1994-01-31,0,2.65,2.8422728621268583,0,
1021,1994-02-01,0,2.66,2.8380784276330275,0,
1022,1994-02-02,0,2.63,2.8338685077622188,0,
1023,1994-02-03,0,2.6,2.8296431029441993,0,
1024,1994-02-04,0,2.64,2.8254022136087373,0,
1025,1994-02-07,0,2.65,2.8211458401856024,0,
1026,1994-02-08,0,2.69,2.816873983104562,0,
1027,1994-02-09,0,2.6,2.8125866427953845,0,
1028,1994-02-10,0,2.58,2.8082838196878375,0,
1029,1994-02-11,0,2.54,2.803965514211688,0,
1030,1994-02-14,0,2.56,2.799631726796707,0,
1031,1994-02-15,0,2.54,2.795282457872661,0,
1032,1994-02-16,0,2.54,2.79091770786932,0,
1033,1994-02-17,0,2.65,2.786537477216448,0,
1034,1994-02-18,0,2.73,2.782141766343817,0,
1035,1994-02-22,0,2.65,2.777730575681194,0,
1036,1994-02-23,0,2.67,2.773303905658346,0,
1037,1994-02-24,0,2.78,2.768861756705044,0,
1038,1994-02-25,0,2.77,2.7644041292510537,0,
1039,1994-02-28,0,2.68,2.759931023726144,0,
1040,1994-03-01,0,2.7,2.7554424405600826,0,
1041,1994-03-02,0,2.75,2.750938380182639,0,
1042,1994-03-03,0,2.78,2.74641884302358,0,
1043,1994-03-04,0,2.76,2.741883829512675,0,
1044,1994-03-07,0,2.71,2.7373333400796906,0,
1045,1994-03-08,0,2.75,2.7327673751543955,0,
1046,1994-03-09,0,2.77,2.7281859351665596,0,
1047,1994-03-10,0,2.91,2.7235890205459503,0,
1048,1994-03-11,0,2.88,2.718976631722333,0,
1049,1994-03-14,0,2.84,2.7143487691254786,0,
1050,1994-03-15,0,2.8,2.7097054331851553,0,
1051,1994-03-16,0,2.79,2.7050466243311297,0,
1052,1994-03-17,0,2.85,2.7003723429931727,0,
1053,1994-03-18,0,2.92,2.69568258960105,0,
1054,1994-03-21,0,2.84,2.6909773645845294,0,
1055,1994-03-22,0,2.84,2.6862566683733813,0,
1056,1994-03-23,0,2.9,2.6815205013973715,0,
1057,1994-03-24,0,3.05,2.676768864086271,0,
1058,1994-03-25,0,3.04,2.672001756869845,0,
1059,1994-03-28,0,3.06,2.6672191801778635,0,
1060,1994-03-29,0,3.12,2.6624211344400943,0,
1061,1994-03-30,0,3.21,2.657607620086306,0,
1062,1994-03-31,0,3.2,2.6527786375462648,0,
1063,1994-04-04,0,3.34,2.6479341872497413,0,
1064,1994-04-05,0,3.22,2.643074269626502,0,
1065,1994-04-06,0,3.26,2.6381988851063154,0,
1066,1994-04-07,0,3.25,2.6333080341189525,0,
1067,1994-04-08,0,3.29,2.628401717094177,0,
1068,1994-04-11,0,3.24,2.623479934461759,0,
1069,1994-04-12,0,3.23,2.6185426866514665,0,
1070,1994-04-13,0,3.28,2.6135899740930686,0,
1071,1994-04-14,0,3.3,2.6086217972163337,0,
1072,1994-04-15,0,3.28,2.603638156451027,0,
1073,1994-04-18,0,3.3,2.5986390522269196,0,
1074,1994-04-19,0,3.26,2.593624484973778,0,
1075,1994-04-20,0,3.22,2.5885944551213727,0,
1076,1994-04-21,0,3.08,2.58354896309947,0,
1077,1994-04-22,0,3.09,2.578488009337838,0,
1078,1994-04-25,0,2.92,2.5734115942662443,0,
1079,1994-04-26,0,2.89,2.568319718314459,0,
1080,1994-04-28,0,3.06,2.5632123819122494,0,
1081,1994-04-29,0,3.08,2.558089585489384,0,
1082,1994-05-02,0,2.99,2.552951329475629,0,
1083,1994-05-03,0,3.01,2.5477976143007552,0,
1084,1994-05-04,0,2.98,2.542628440394529,0,
1085,1994-05-05,0,2.98,2.537443808186719,0,
1086,1994-05-06,0,3.05,2.532243718107095,0,
1087,1994-05-09,0,3.05,2.5270281705854227,0,
1088,1994-05-10,0,2.98,2.5217971660514715,0,
1089,1994-05-11,0,3.08,2.5165507049350095,0,
1090,1994-05-12,0,3.12,2.511288787665804,0,
1091,1994-05-13,0,3.05,2.506011414673627,0,
1092,1994-05-16,0,2.93,2.5007185863882406,0,
1093,1994-05-17,0,2.73,2.495410303239417,0,
1094,1994-05-18,0,2.74,2.4900865656569215,0,
1095,1994-05-19,0,2.72,2.4847473740705257,0,
1096,1994-05-20,0,2.76,2.4793927289099975,0,
1097,1994-05-23,0,2.84,2.474022630605102,0,
1098,1994-05-24,0,2.84,2.46863707958561,0,
1099,1994-05-25,0,2.85,2.4632360762812877,0,
1100,1994-05-26,0,2.82,2.457819621121905,0,
1101,1994-05-27,0,2.82,2.452387714537231,0,
1102,1994-05-31,0,2.86,2.4469403569570307,0,
1103,1994-06-01,0,2.84,2.4414775488110743,0,
1104,1994-06-02,0,2.83,2.435999290529128,0,
1105,1994-06-03,0,2.75,2.4305055825409627,0,
1106,1994-06-06,0,2.66,2.4249964252763467,0,
1107,1994-06-07,0,2.73,2.419471819165045,0,
1108,1994-06-08,0,2.75,2.413931764636828,0,
1109,1994-06-09,0,2.75,2.408376262121464,0,
1110,1994-06-10,0,2.81,2.402805312048721,0,
1111,1994-06-13,0,2.83,2.3972189148483674,0,
1112,1994-06-14,0,2.79,2.391617070950169,0,
1113,1994-06-15,0,2.86,2.385999780783896,0,
1114,1994-06-16,0,2.85,2.380367044779317,0,
1115,1994-06-17,0,2.9,2.374718863366199,0,
1116,1994-06-20,0,2.88,2.3690552369743125,0,
1117,1994-06-21,0,2.92,2.363376202668157,0,
1118,1994-06-22,0,2.84,2.3576819440511794,0,
1119,1994-06-23,0,2.84,2.351972681361559,0,
1120,1994-06-24,0,2.93,2.346248634837475,0,
1121,1994-06-27,0,2.89,2.3405100247171067,0,
1122,1994-06-28,0,2.97,2.3347570712386325,0,
1123,1994-06-29,0,2.99,2.3289899946402333,0,
1124,1994-06-30,0,3.08,2.3232090151600886,0,
1125,1994-07-01,0,3.01,2.3174143530363787,0,
1126,1994-07-05,0,2.88,2.3116062285072796,0,
1127,1994-07-06,0,2.93,2.3057848618109733,0,
1128,1994-07-07,0,2.93,2.299950473185639,0,
1129,1994-07-08,0,2.93,2.2941032828694565,0,
1130,1994-07-11,0,2.85,2.2882435111006063,0,
1131,1994-07-12,0,2.87,2.282371378117265,0,
1132,1994-07-13,0,2.89,2.2764871041576127,0,
1133,1994-07-14,0,2.84,2.270590909459831,0,
1134,1994-07-15,0,2.87,2.2646830142620957,0,
1135,1994-07-18,0,2.8,2.2587636388025927,0,
1136,1994-07-19,0,2.78,2.2528330033194948,0,
1137,1994-07-20,0,2.84,2.246891328050983,0,
1138,1994-07-21,0,2.82,2.2409388332352393,0,
1139,1994-07-22,0,2.79,2.234975739110441,0,
1140,1994-07-25,0,2.73,2.229002265914769,0,
1141,1994-07-26,0,2.76,2.223018633886401,0,
1142,1994-07-27,0,2.76,2.217025063263517,0,
1143,1994-07-28,0,2.75,2.211021774284298,0,
1144,1994-07-29,0,2.73,2.205008987186922,0,
1145,1994-08-01,0,2.68,2.1989869222095697,0,
1146,1994-08-02,0,2.67,2.1929557995904188,0,
1147,1994-08-03,0,2.64,2.1869158395676487,0,
1148,1994-08-04,0,2.69,2.18086726237944,0,
1149,1994-08-05,0,2.69,2.1748102882639726,0,
1150,1994-08-08,0,2.69,2.1687451374594264,0,
1151,1994-08-09,0,2.77,2.162672030203978,0,
1152,1994-08-10,0,2.8,2.1565911867358087,0,
1153,1994-08-11,0,2.9,2.1505028272930984,0,
1154,1994-08-12,0,2.76,2.1444071721140254,0,
1155,1994-08-15,0,2.58,2.1383044414367713,0,
1156,1994-08-16,0,2.45,2.1321948554995136,0,
1157,1994-08-17,0,2.46,2.1260786345404306,0,
1158,1994-08-18,0,2.57,2.1199559987977046,0,
1159,1994-08-19,0,2.57,2.1138271685095136,0,
1160,1994-08-22,0,2.57,2.107692363914038,0,
1161,1994-08-23,0,2.59,2.101551805249456,0,
1162,1994-08-24,0,2.55,2.095405712753948,0,
1163,1994-08-25,0,2.61,2.0892543066656923,0,
1164,1994-08-26,0,2.56,2.0830978072228685,0,
1165,1994-08-29,0,2.5,2.0769364346636596,0,
1166,1994-08-30,0,2.49,2.0707704092262404,0,
1167,1994-08-31,0,2.51,2.0645999511487916,0,
1168,1994-09-01,0,2.52,2.058425280669493,0,
1169,1994-09-02,0,2.54,2.0522466180265253,0,
1170,1994-09-06,0,2.57,2.046064183458068,0,
1171,1994-09-07,0,2.63,2.0398781972022975,0,
1172,1994-09-08,0,2.63,2.033688879497396,0,
1173,1994-09-09,0,2.74,2.0274964505815416,0,
1174,1994-09-12,0,2.71,2.021301130692914,0,
1175,1994-09-13,0,2.72,2.015103140069695,0,
1176,1994-09-14,0,2.71,2.0089026989500613,0,
1177,1994-09-15,0,2.64,2.0027000275721925,0,
1178,1994-09-16,0,2.78,1.9964953461742687,0,
1179,1994-09-19,0,2.77,1.9902888749944696,0,
1180,1994-09-20,0,2.79,1.9840808342709755,0,
1181,1994-09-21,0,2.63,1.9778714442419636,0,
1182,1994-09-22,0,2.63,1.9716609251456145,0,
1183,1994-09-23,0,2.66,1.9654494972201073,0,
1184,1994-09-26,0,2.65,1.9592373807036234,0,
1185,1994-09-27,0,2.78,1.9530247958343403,0,
1186,1994-09-28,0,2.91,1.9468119628504377,0,
1187,1994-09-29,0,2.93,1.9405991019900946,0,
1188,1994-09-30,0,2.82,1.9343864334914915,0,
1189,1994-10-03,0,2.61,1.9281741775928087,0,
1190,1994-10-04,0,2.61,1.9219625545322232,0,
1191,1994-10-05,0,2.68,1.9157517845479155,0,
1192,1994-10-06,0,2.67,1.9095420878780656,0,
1193,1994-10-07,0,2.68,1.9033336847608524,0,
1194,1994-10-11,0,2.59,1.8971267954344568,0,
1195,1994-10-12,0,2.57,1.890921640137056,0,
1196,1994-10-13,0,2.59,1.8847184391068303,0,
1197,1994-10-14,0,2.61,1.87851741258196,0,
1198,1994-10-17,0,2.58,1.8723187808006232,0,
1199,1994-10-18,0,2.59,1.866122764001002,0,
1200,1994-10-19,0,2.63,1.8599295824212723,0,
1201,1994-10-20,0,2.66,1.8537394562996146,0,
1202,1994-10-21,0,2.65,1.8475526058742102,0,
1203,1994-10-24,0,2.64,1.8413692513832367,0,
1204,1994-10-25,0,2.68,1.8351896130648757,0,
1205,1994-10-26,0,2.75,1.8290139111573036,0,
1206,1994-10-27,0,2.76,1.822842365898702,0,
1207,1994-10-28,0,2.66,1.8166751975272495,0,
1208,1994-10-31,0,2.6,1.8105126262811257,0,
1209,1994-11-01,0,2.69,1.8043548723985117,0,
1210,1994-11-02,0,2.72,1.798202156117584,0,
1211,1994-11-03,0,2.71,1.7920546976765237,0,
1212,1994-11-04,0,2.7,1.7859127173135103,0,
1213,1994-11-07,0,2.63,1.779776435266723,0,
1214,1994-11-08,0,2.63,1.7736460717743423,0,
1215,1994-11-09,0,2.6,1.767521847074546,0,
1216,1994-11-10,0,2.6,1.7614039814055134,0,
1217,1994-11-14,0,2.48,1.7552926950054255,0,
1218,1994-11-15,0,2.38,1.7491882081124603,0,
1219,1994-11-16,0,2.45,1.7430907409648,0,
1220,1994-11-17,0,2.51,1.7370005138006213,0,
1221,1994-11-18,0,2.5,1.7309177468581034,0,
1222,1994-11-21,0,2.49,1.724842660375427,0,
1223,1994-11-22,0,2.5,1.7187754745907715,0,
1224,1994-11-23,0,2.36,1.712716409742318,0,
1225,1994-11-25,0,2.34,1.7066656860682428,0,
1226,1994-11-28,0,2.28,1.7006235238067264,0,
1227,1994-11-29,0,2.25,1.6945901431959487,0,
1228,1994-11-30,0,2.19,1.6885657644740892,0,
1229,1994-12-01,0,2.21,1.6825506078793284,0,
1230,1994-12-02,0,2.01,1.6765448936498433,0,
1231,1994-12-05,0,1.79,1.670548842023815,0,
1232,1994-12-06,0,1.79,1.6645626732394225,0,
1233,1994-12-07,0,1.98,1.6585866075348454,0,
1234,1994-12-08,0,1.96,1.6526208651482641,0,
1235,1994-12-09,0,1.96,1.6466656663178563,0,
1236,1994-12-12,0,1.92,1.640721231281802,0,
1237,1994-12-13,0,1.88,1.634787780278281,0,
1238,1994-12-14,0,1.96,1.628865533545473,0,
1239,1994-12-15,0,2.09,1.622954711321558,0,
1240,1994-12-16,0,2.09,1.6170555338447137,0,
1241,1994-12-19,0,2.05,1.6111682213531202,0,
1242,1994-12-20,0,2.17,1.6052929940849574,0,
1243,1994-12-21,0,2.24,1.5994300722784047,0,
1244,1994-12-22,0,2.22,1.5935796761716425,0,
1245,1994-12-23,0,2.17,1.587742026002848,0,
1246,1994-12-27,0,2.01,1.5819173420102022,0,
1247,1994-12-28,0,2.12,1.576105844431884,0,
1248,1994-12-29,0,2.16,1.5703077535060752,0,
1249,1994-12-30,0,2.16,1.5645232894709509,0,
1250,1995-01-03,0,1.92,1.558752672564693,0,
1251,1995-01-04,0,1.97,1.5529961230254807,0,
1252,1995-01-05,0,2.0,1.5472538610914937,0,
1253,1995-01-06,0,1.96,1.5415261070009127,0,
1254,1995-01-09,0,1.88,1.535813080991915,0,
1255,1995-01-10,0,1.92,1.5301150033026802,0,
1256,1995-01-11,0,2.0,1.5244320941713887,0,
1257,1995-01-12,0,2.01,1.5187645738362194,0,
1258,1995-01-13,0,1.97,1.5131126625353535,0,
1259,1995-01-17,0,1.81,1.5074765805069679,0,
1260,1995-01-18,0,1.84,1.5018565479892427,0,
1261,1995-01-19,0,1.87,1.4962527852203584,0,
1262,1995-01-20,0,1.91,1.4906655124384938,0,
1263,1995-01-23,0,1.86,1.4850949498818293,0,
1264,1995-01-24,0,1.88,1.4795413177885424,0,
1265,1995-01-25,0,1.85,1.4740048363968137,0,
1266,1995-01-26,0,1.81,1.4684857259448223,0,
1267,1995-01-27,0,1.74,1.4629842066707481,0,
1268,1995-01-30,0,1.69,1.4575004988127722,0,
1269,1995-01-31,0,1.59,1.452034822609071,0,
1270,1995-02-01,0,1.59,1.446587398297825,0,
1271,1995-02-02,0,1.66,1.4411584461172138,0,
1272,1995-02-03,0,1.53,1.4357481863054173,0,
1273,1995-02-06,0,1.54,1.4303568391006158,0,
1274,1995-02-07,0,1.53,1.4249846247409865,0,
1275,1995-02-08,0,1.59,1.4196317634647098,0,
1276,1995-02-09,0,1.63,1.4142984755099655,0,
1277,1995-02-10,0,1.65,1.4089849811149326,0,
1278,1995-02-13,0,1.63,1.4036915005177926,0,
1279,1995-02-14,0,1.54,1.3984182539567216,0,
1280,1995-02-15,0,1.5,1.393165461669901,0,
1281,1995-02-16,0,1.55,1.3879333438955095,0,
1282,1995-02-17,0,1.56,1.382722120871727,0,
1283,1995-02-21,0,1.52,1.3775320128367345,0,
1284,1995-02-22,0,1.49,1.372363240028709,0,
1285,1995-02-23,0,1.46,1.36721602268583,0,
1286,1995-02-24,0,1.45,1.3620905810462787,0,
1287,1995-02-27,0,1.32,1.3569871353482332,0,
1288,1995-02-28,0,1.27,1.3519059058298755,0,
1289,1995-03-01,0,1.29,1.346847112729381,0,
1290,1995-03-02,0,1.37,1.3418109762849315,0,
1291,1995-03-03,0,1.45,1.3367977167347067,0,
1292,1995-03-06,0,1.46,1.3318075543168846,0,
1293,1995-03-07,0,1.48,1.3268407092696473,0,
1294,1995-03-08,0,1.41,1.321897401831171,0,
1295,1995-03-09,0,1.38,1.3169778522396371,0,
1296,1995-03-10,0,1.27,1.3120822807332244,0,
1297,1995-03-13,0,1.25,1.3072109075501126,0,
1298,1995-03-14,0,1.16,1.3023639529284827,0,
1299,1995-03-15,0,1.17,1.2975416371065112,0,
1300,1995-03-16,0,1.12,1.2927441803223794,0,
1301,1995-03-17,0,1.2,1.2879718028142662,0,
1302,1995-03-20,0,1.19,1.2832247248203508,0,
1303,1995-03-21,0,1.24,1.2785031665788147,0,
1304,1995-03-22,0,1.29,1.2738073483278345,0,
1305,1995-03-23,0,1.32,1.2691374903055908,0,
1306,1995-03-24,0,1.24,1.2644938127502636,0,
1307,1995-03-27,0,1.22,1.2598765359000317,0,
1308,1995-03-28,0,1.27,1.255285879993076,0,
1309,1995-03-29,0,1.32,1.2507220652675732,0,
1310,1995-03-30,0,1.29,1.2461853119617048,0,
1311,1995-03-31,0,1.32,1.24167584031365,0,
1312,1995-04-03,0,1.19,1.2371938705615881,0,
1313,1995-04-04,0,1.21,1.232739622943699,0,
1314,1995-04-05,0,1.24,1.2283133176981609,0,
1315,1995-04-06,0,1.24,1.223915175063154,0,
1316,1995-04-07,0,1.25,1.2195454152768581,0,
1317,1995-04-10,0,1.27,1.2152042585774532,0,
1318,1995-04-11,0,1.25,1.2108919252031167,0,
1319,1995-04-12,0,1.23,1.2066086353920293,0,
1320,1995-04-13,0,1.28,1.2023546093823707,0,
1321,1995-04-17,0,1.24,1.19813006741232,0,
1322,1995-04-18,0,1.25,1.1939352297200578,0,
1323,1995-04-19,0,1.25,1.1897703165437616,0,
1324,1995-04-20,0,1.25,1.1856355481216114,0,
1325,1995-04-21,0,1.21,1.1815311446917875,0,
1326,1995-04-24,0,1.17,1.1774573264924693,0,
1327,1995-04-25,0,1.16,1.173414313761836,0,
1328,1995-04-26,0,1.16,1.1694023267380664,0,
1329,1995-04-27,0,1.17,1.1654215856593406,0,
1330,1995-04-28,0,1.2,1.1614723107638376,0,
1331,1995-05-01,0,1.17,1.1575547222897375,0,
1332,1995-05-02,0,1.15,1.1536690404752203,0,
1333,1995-05-03,0,1.12,1.149815485558464,0,
1334,1995-05-04,0,1.06,1.1459942777776486,0,
1335,1995-05-05,0,0.95,1.1422056373709537,0,
1336,1995-05-08,0,0.89,1.1384497845765584,0,
1337,1995-05-09,0,0.8,1.1347269396326436,0,
1338,1995-05-10,0,0.83,1.1310373227773867,0,
1339,1995-05-11,0,0.83,1.1273811542489682,0,
1340,1995-05-12,0,0.79,1.1237586542855675,0,
1341,1995-05-15,0,0.74,1.120170043125364,0,
1342,1995-05-16,0,0.7,1.1166155410065381,0,
1343,1995-05-17,0,0.67,1.1130953681672675,0,
1344,1995-05-18,0,0.74,1.1096097448457327,0,
1345,1995-05-19,0,0.74,1.1061588912801126,0,
1346,1995-05-22,0,0.71,1.1027430277085872,0,
1347,1995-05-23,0,0.66,1.099362374369337,0,
1348,1995-05-24,0,0.57,1.096017151500539,0,
1349,1995-05-25,0,0.54,1.092707579340374,0,
1350,1995-05-26,0,0.56,1.0894338781270219,0,
1351,1995-05-30,0,0.49,1.0861962680986612,0,
1352,1995-05-31,0,0.49,1.0829949694934724,0,
1353,1995-06-01,0,0.53,1.079830202549634,0,
1354,1995-06-02,0,0.51,1.0767021875053258,0,
1355,1995-06-05,0,0.4,1.073611144598727,0,
1356,1995-06-06,0,0.38,1.0705572940680177,0,
1357,1995-06-07,0,0.46,1.0675408561513777,0,
1358,1995-06-08,0,0.46,1.0645620510869849,0,
1359,1995-06-09,0,0.63,1.0616210991130197,0,
1360,1995-06-12,0,0.63,1.0587182204676615,0,
1361,1995-06-13,0,0.52,1.0558536353890902,0,
1362,1995-06-14,0,0.54,1.0530275641154847,0,
1363,1995-06-15,0,0.52,1.0502402268850244,0,
1364,1995-06-16,0,0.54,1.0474918439358891,0,
1365,1995-06-19,0,0.5,1.044782635506258,0,
1366,1995-06-20,0,0.5,1.0421128218343108,0,
1367,1995-06-21,0,0.53,1.0394826231582273,0,
1368,1995-06-22,0,0.5,1.0368922597161856,0,
1369,1995-06-23,0,0.51,1.0343419517463666,0,
1370,1995-06-26,0,0.59,1.031831919486949,0,
1371,1995-06-27,0,0.56,1.0293623831761125,0,
1372,1995-06-28,0,0.52,1.026933563052037,0,
1373,1995-06-29,0,0.61,1.0245456793529013,0,
1374,1995-06-30,0,0.61,1.0221989523168848,0,
1375,1995-07-03,0,0.53,1.0198936021821672,0,
1376,1995-07-05,0,0.51,1.0176298491869287,0,
1377,1995-07-06,0,0.51,1.0154079135693472,0,
1378,1995-07-07,0,0.5,1.0132280155676032,0,
1379,1995-07-10,0,0.5,1.0110903754198761,0,
1380,1995-07-11,0,0.53,1.0089952133643452,0,
1381,1995-07-12,0,0.54,1.0069427496391905,0,
1382,1995-07-13,0,0.54,1.0049332044825905,0,
1383,1995-07-14,0,0.56,1.002966798132725,0,
1384,1995-07-17,0,0.58,1.0010437508277739,0,
1385,1995-07-18,0,0.63,0.9991642828059158,0,
1386,1995-07-19,0,0.84,0.9973286143053317,0,
1387,1995-07-20,0,0.83,0.9955369655641995,0,
1388,1995-07-21,0,0.92,0.9937895568206989,0,
1389,1995-07-24,0,0.84,0.9920866083130101,0,
1390,1995-07-25,0,0.8,0.9904283402793119,0,
1391,1995-07-26,0,0.85,0.9888149729577846,0,
1392,1995-07-27,0,0.84,0.9872467265866067,0,
1393,1995-07-28,0,0.91,0.9857238214039581,0,
1394,1995-07-31,0,0.85,0.9842464776480178,0,
1395,1995-08-01,0,0.88,0.9828149155569661,0,
1396,1995-08-02,0,0.85,0.9814292731153704,0,
1397,1995-08-03,0,0.94,0.9800893592933516,0,
1398,1995-08-04,0,0.92,0.9787949008074186,0,
1399,1995-08-07,0,0.91,0.9775456243740811,0,
1400,1995-08-08,0,0.92,0.9763412567098484,0,
1401,1995-08-09,0,0.91,0.9751815245312299,0,
1402,1995-08-10,0,0.93,0.9740661545547342,0,
1403,1995-08-11,0,1.0,0.9729948734968712,0,
1404,1995-08-14,0,0.99,0.9719674080741497,0,
1405,1995-08-15,0,0.95,0.9709834850030795,0,
1406,1995-08-16,0,0.94,0.9700428310001699,0,
1407,1995-08-17,0,0.96,0.9691451727819291,0,
1408,1995-08-18,0,0.96,0.9682902370648674,0,
1409,1995-08-21,0,0.92,0.9674777505654937,0,
1410,1995-08-22,0,0.94,0.9667074400003177,0,
1411,1995-08-23,0,1.0,0.9659790320858481,0,
1412,1995-08-24,0,0.98,0.9652922535385944,0,
1413,1995-08-25,0,0.87,0.9646468310750658,0,
1414,1995-08-28,0,0.85,0.9640424914117716,0,
1415,1995-08-29,0,0.86,0.9634789612652209,0,
1416,1995-08-30,0,0.87,0.9629559673519235,0,
1417,1995-08-31,0,0.83,0.962473236388388,0,
1418,1995-09-01,0,0.76,0.962030495091124,0,
1419,1995-09-05,0,0.68,0.9616274701766407,0,
1420,1995-09-06,0,0.68,0.9612638883614475,0,
1421,1995-09-07,0,0.71,0.9609394763620537,0,
1422,1995-09-08,0,0.72,0.9606539608949682,0,
1423,1995-09-11,0,0.74,0.9604070686767007,0,
1424,1995-09-12,0,0.69,0.96019852642376,0,
1425,1995-09-13,0,0.71,0.9600280608526557,0,
1426,1995-09-14,0,0.63,0.9598953986798973,0,
1427,1995-09-15,0,0.65,0.9598002666219934,0,
1428,1995-09-18,0,0.75,0.9597423913954537,0,
1429,1995-09-19,0,0.77,0.9597214997167872,0,
1430,1995-09-20,0,0.75,0.9597373183025036,0,
1431,1995-09-21,0,0.8,0.9597895738691119,0,
1432,1995-09-22,0,0.9,0.9598779931331212,0,
1433,1995-09-25,0,0.92,0.9600023028110413,0,
1434,1995-09-26,0,0.83,0.9601622296193809,0,
1435,1995-09-27,0,0.87,0.9603575002746494,0,
1436,1995-09-28,0,0.83,0.9605878414933561,0,
1437,1995-09-29,0,0.76,0.9608529799920105,0,
1438,1995-10-02,0,0.62,0.9611526424871215,0,
1439,1995-10-03,0,0.62,0.9614865556951988,0,
1440,1995-10-04,0,0.65,0.961854446332751,0,
1441,1995-10-05,0,0.61,0.962256041116288,0,
1442,1995-10-06,0,0.58,0.9626910667623189,0,
1443,1995-10-10,0,0.6,0.9631592499873526,0,
1444,1995-10-11,0,0.62,0.9636603175078989,0,
1445,1995-10-12,0,0.61,0.9641939960404668,0,
1446,1995-10-13,0,0.51,0.9647600123015658,0,
1447,1995-10-16,0,0.47,0.9653580930077047,0,
1448,1995-10-17,0,0.54,0.9659879648753932,0,
1449,1995-10-18,0,0.58,0.96664935462114,0,
1450,1995-10-19,0,0.57,0.9673419889614552,0,
1451,1995-10-20,0,0.61,0.9680655946128474,0,
1452,1995-10-23,0,0.69,0.9688198982918262,0,
1453,1995-10-24,0,0.63,0.9696046267149008,0,
1454,1995-10-25,0,0.61,0.9704195065985802,0,
1455,1995-10-26,0,0.67,0.9712642646593737,0,
1456,1995-10-27,0,0.63,0.9721386276137911,0,
1457,1995-10-30,0,0.57,0.9730423221783414,0,
1458,1995-10-31,0,0.54,0.9739750750695338,0,
1459,1995-11-01,0,0.5,0.9749366130038771,0,
1460,1995-11-02,0,0.45,0.9759266626978813,0,
1461,1995-11-03,0,0.47,0.9769449508680553,0,
1462,1995-11-06,0,0.44,0.9779912042309085,0,
1463,1995-11-07,0,0.46,0.9790651495029502,0,
1464,1995-11-08,0,0.4,0.9801665134006895,0,
1465,1995-11-09,0,0.41,0.9812950226406354,0,
1466,1995-11-10,0,0.41,0.982450403939298,0,
1467,1995-11-13,0,0.39,0.9836323840131856,0,
1468,1995-11-14,0,0.41,0.9848406895788084,0,
1469,1995-11-15,0,0.44,0.9860750473526753,0,
1470,1995-11-16,0,0.41,0.9873351840512947,0,
1471,1995-11-17,0,0.41,0.9886208263911772,0,
1472,1995-11-20,0,0.42,0.9899317010888313,0,
1473,1995-11-21,0,0.4,0.9912675348607666,0,
1474,1995-11-22,0,0.41,0.9926280544234923,0,
1475,1995-11-24,0,0.42,0.9940129864935172,0,
1476,1995-11-27,0,0.37,0.9954220577873514,0,
1477,1995-11-28,0,0.34,0.9968549950215033,0,
1478,1995-11-29,0,0.34,0.9983115249124831,0,
1479,1995-11-30,0,0.27,0.9997913741767992,0,
1480,1995-12-01,0,0.25,1.0012942695309608,0,
1481,1995-12-04,0,0.16,1.0028199376914781,0,
1482,1995-12-05,0,0.18,1.00436810537486,0,
1483,1995-12-06,0,0.18,1.0059384992976155,0,
1484,1995-12-07,0,0.21,1.007530846176254,0,
1485,1995-12-08,0,0.23,1.009144872727284,0,
1486,1995-12-11,0,0.25,1.0107803056672164,0,
1487,1995-12-12,0,0.3,1.0124368717125596,0,
1488,1995-12-13,0,0.32,1.014114297579822,0,
1489,1995-12-14,0,0.32,1.0158123099855145,0,
1490,1995-12-15,0,0.4,1.017530635646145,0,
1491,1995-12-18,0,0.52,1.0192690012782242,0,
1492,1995-12-19,0,0.56,1.0210271335982597,0,
1493,1995-12-20,0,0.6,1.022804759322762,0,
1494,1995-12-21,0,0.71,1.0246016051682396,0,
1495,1995-12-22,0,0.67,1.0264173978512021,0,
1496,1995-12-26,0,0.64,1.0282518640881588,0,
1497,1995-12-27,0,0.62,1.030104730595619,0,
1498,1995-12-28,0,0.64,1.0319757240900922,0,
1499,1995-12-29,0,0.48,1.0338645712880872,0,
1500,1996-01-02,0,0.39,1.0357709989061128,0,
1501,1996-01-03,0,0.37,1.0376947336606794,0,
1502,1996-01-04,0,0.46,1.039635502268296,0,
1503,1996-01-05,0,0.5,1.0415930314454716,0,
1504,1996-01-08,0,0.5,1.0435670479087147,0,
1505,1996-01-09,0,0.52,1.0455572783745357,0,
1506,1996-01-10,0,0.6,1.0475634495594437,0,
1507,1996-01-11,0,0.58,1.0495852881799481,0,
1508,1996-01-12,0,0.57,1.0516225209525576,0,
1509,1996-01-16,0,0.52,1.053674874593781,0,
1510,1996-01-17,0,0.44,1.055742075820129,0,
1511,1996-01-18,0,0.41,1.0578238513481104,0,
1512,1996-01-19,0,0.44,1.0599199278942337,0,
1513,1996-01-22,0,0.47,1.0620300321750091,0,
1514,1996-01-23,0,0.54,1.0641538909069446,0,
1515,1996-01-24,0,0.5,1.066291230806551,0,
1516,1996-01-25,0,0.58,1.0684417785903366,0,
1517,1996-01-26,0,0.54,1.0706052609748113,0,
1518,1996-01-29,0,0.52,1.072781404676484,0,
1519,1996-01-30,0,0.49,1.074969936411863,0,
1520,1996-01-31,0,0.54,1.0771705828974596,0,
1521,1996-02-01,0,0.59,1.0793830708497816,0,
1522,1996-02-02,0,0.67,1.0816071269853387,0,
1523,1996-02-05,0,0.7,1.0838424780206402,0,
1524,1996-02-06,0,0.69,1.086088850672195,0,
1525,1996-02-07,0,0.71,1.0883459716565127,0,
1526,1996-02-08,0,0.74,1.090613567690103,0,
1527,1996-02-09,0,0.73,1.0928913654894743,0,
1528,1996-02-12,0,0.68,1.0951790917711366,0,
1529,1996-02-13,0,0.65,1.097476473251598,0,
1530,1996-02-14,0,0.67,1.0997832366473692,0,
1531,1996-02-15,0,0.78,1.1020991086749587,0,
1532,1996-02-16,0,0.87,1.1044238160508761,0,
1533,1996-02-20,0,1.01,1.1067570854916307,0,
1534,1996-02-21,0,1.02,1.1090986437137305,0,
1535,1996-02-22,0,0.96,1.1114482174336868,0,
1536,1996-02-23,0,1.0,1.1138055333680075,0,
1537,1996-02-26,0,1.02,1.1161703182332023,0,
1538,1996-02-27,0,1.04,1.1185422987457805,0,
1539,1996-02-28,0,1.1,1.120921201622251,0,
1540,1996-02-29,0,1.11,1.1233067535791235,0,
1541,1996-03-01,0,1.0,1.1256986813329073,0,
1542,1996-03-04,0,0.9,1.1280967116001113,0,
1543,1996-03-05,0,0.94,1.130500571097245,0,
1544,1996-03-06,0,1.01,1.132909986540817,0,
1545,1996-03-07,0,1.04,1.1353246846473382,0,
1546,1996-03-08,0,1.4,1.1377443921333161,0,
1547,1996-03-11,0,1.24,1.140168835715261,0,
1548,1996-03-12,0,1.27,1.1425977421096816,0,
1549,1996-03-13,0,1.25,1.1450308380330874,0,
1550,1996-03-14,0,1.25,1.147467850201988,0,
1551,1996-03-15,0,1.32,1.1499085053328921,0,
1552,1996-03-18,0,1.25,1.1523525301423097,0,
1553,1996-03-19,0,1.21,1.1547996513467491,0,
1554,1996-03-20,0,1.17,1.15724959566272,0,
1555,1996-03-21,0,1.21,1.1597020898067316,0,
1556,1996-03-22,0,1.22,1.1621568604952937,0,
1557,1996-03-25,0,1.12,1.1646136344449152,0,
1558,1996-03-26,0,1.12,1.1670721383721054,0,
1559,1996-03-27,0,1.17,1.1695320989933728,0,
1560,1996-03-28,0,1.21,1.1719932430252278,0,
1561,1996-03-29,0,1.21,1.174455297184179,0,
1562,1996-04-01,0,1.1,1.176917988186736,0,
1563,1996-04-02,0,1.08,1.179381042749408,0,
1564,1996-04-03,0,1.11,1.181844187588704,0,
1565,1996-04-04,0,1.21,1.1843071494211337,0,
1566,1996-04-05,0,1.42,1.1867696549632063,0,
1567,1996-04-08,0,1.46,1.1892314309314307,0,
1568,1996-04-09,0,1.46,1.1916922040423166,0,
1569,1996-04-10,0,1.54,1.1941517010123721,0,
1570,1996-04-11,0,1.59,1.1966096485581081,0,
1571,1996-04-12,0,1.44,1.199065773396033,0,
1572,1996-04-15,0,1.5,1.2015198022426565,0,
1573,1996-04-16,0,1.53,1.203971461814487,0,
1574,1996-04-17,0,1.55,1.2064204788280348,0,
1575,1996-04-18,0,1.59,1.208866579999809,0,
1576,1996-04-19,0,1.52,1.2113094920463183,0,
1577,1996-04-22,0,1.39,1.2137489416840723,0,
1578,1996-04-23,0,1.42,1.2161846556295797,0,
1579,1996-04-24,0,1.44,1.218616360599351,0,
1580,1996-04-25,0,1.46,1.2210437833098946,0,
1581,1996-04-26,0,1.42,1.2234666504777196,0,
1582,1996-04-29,0,1.45,1.2258846888193362,0,
1583,1996-04-30,0,1.52,1.228297625051252,0,
1584,1996-05-01,0,1.56,1.2307051858899778,0,
1585,1996-05-02,0,1.71,1.233107098052023,0,
1586,1996-05-03,0,1.76,1.2355030882538953,0,
1587,1996-05-06,0,1.72,1.2378928832121059,0,
1588,1996-05-07,0,1.73,1.2402762096431619,0,
1589,1996-05-08,0,1.65,1.2426527942635743,0,
1590,1996-05-09,0,1.71,1.245022363789852,0,
1591,1996-05-10,0,1.62,1.2473846449385044,0,
1592,1996-05-13,0,1.55,1.24973936442604,0,
1593,1996-05-14,0,1.52,1.2520862489689677,0,
1594,1996-05-15,0,1.52,1.2544250252837987,0,
1595,1996-05-16,0,1.54,1.2567554200870403,0,
1596,1996-05-17,0,1.5,1.2590771600952033,0,
1597,1996-05-20,0,1.45,1.2613899720247963,0,
1598,1996-05-21,0,1.47,1.263693582592328,0,
1599,1996-05-22,0,1.45,1.2659877185143082,0,
1600,1996-05-23,0,1.5,1.2682721065072464,0,
1601,1996-05-24,0,1.47,1.270546473287652,0,
1602,1996-05-28,0,1.5,1.2728105455720333,0,
1603,1996-05-29,0,1.59,1.2750640500769,0,
1604,1996-05-30,0,1.6,1.277306713518762,0,
1605,1996-05-31,0,1.67,1.2795382626141276,0,
1606,1996-06-03,0,1.63,1.2817584240795072,0,
1607,1996-06-04,0,1.66,1.2839669246314092,0,
1608,1996-06-05,0,1.6,1.2861634909863426,0,
1609,1996-06-06,0,1.54,1.2883478498608176,0,
1610,1996-06-07,0,1.67,1.2905197279713432,0,
1611,1996-06-10,0,1.67,1.292678852034428,0,
1612,1996-06-11,0,1.72,1.2948249487665822,0,
1613,1996-06-12,0,1.77,1.2969577448843135,0,
1614,1996-06-13,0,1.76,1.2990769671041336,0,
1615,1996-06-14,0,1.74,1.3011823421425497,0,
1616,1996-06-17,0,1.71,1.3032735967160722,0,
1617,1996-06-18,0,1.71,1.3053504575412096,0,
1618,1996-06-19,0,1.72,1.3074126513344717,0,
1619,1996-06-20,0,1.72,1.3094599048123676,0,
1620,1996-06-21,0,1.7,1.3114919446914066,0,
1621,1996-06-24,0,1.71,1.3135084976880982,0,
1622,1996-06-25,0,1.67,1.315509290518951,0,
1623,1996-06-26,0,1.67,1.3174940499004744,0,
1624,1996-06-27,0,1.63,1.3194625025491782,0,
1625,1996-06-28,0,1.55,1.3214143751815717,0,
1626,1996-07-01,0,1.47,1.3233493945141634,0,
1627,1996-07-02,0,1.47,1.3252672872634637,0,
1628,1996-07-03,0,1.54,1.3271677801459805,0,
1629,1996-07-05,0,1.75,1.3290505998782236,0,
1630,1996-07-08,0,1.7,1.330915473176703,0,
1631,1996-07-09,0,1.66,1.3327621267579273,0,
1632,1996-07-10,0,1.66,1.3345902873384055,0,
1633,1996-07-11,0,1.64,1.3363996816346473,0,
1634,1996-07-12,0,1.56,1.338190036363162,0,
1635,1996-07-15,0,1.56,1.3399610782404587,0,
1636,1996-07-16,0,1.57,1.3417125339830467,0,
1637,1996-07-17,0,1.57,1.3434441303074354,0,
1638,1996-07-18,0,1.46,1.3451555939301338,0,
1639,1996-07-19,0,1.5,1.3468466515676514,0,
1640,1996-07-22,0,1.54,1.3485170299364975,0,
1641,1996-07-23,0,1.5,1.3501664557531812,0,
1642,1996-07-24,0,1.56,1.351794655734211,0,
1643,1996-07-25,0,1.58,1.3534013565960976,0,
1644,1996-07-26,0,1.55,1.3549862850553498,0,
1645,1996-07-29,0,1.55,1.356549167828477,0,
1646,1996-07-30,0,1.54,1.3580897316319875,0,
1647,1996-07-31,0,1.47,1.3596077031823914,0,
1648,1996-08-01,0,1.4,1.3611028091961976,0,
1649,1996-08-02,0,1.29,1.3625747763899159,0,
1650,1996-08-05,0,1.33,1.364023331480055,0,
1651,1996-08-06,0,1.34,1.3654482011831246,0,
1652,1996-08-07,0,1.37,1.3668491122156334,0,
1653,1996-08-08,0,1.4,1.3682257912940914,0,
1654,1996-08-09,0,1.34,1.3695779651350073,0,
1655,1996-08-12,0,1.31,1.3709053604548904,0,
1656,1996-08-13,0,1.4,1.3722077039702505,0,
1657,1996-08-14,0,1.42,1.373484722397596,0,
1658,1996-08-15,0,1.42,1.3747361424534368,0,
1659,1996-08-16,0,1.38,1.3759616908542822,0,
1660,1996-08-19,0,1.38,1.377161094316641,0,
1661,1996-08-20,0,1.41,1.3783340795570231,0,
1662,1996-08-21,0,1.47,1.3794803732919374,0,
1663,1996-08-22,0,1.48,1.3805997022378926,0,
1664,1996-08-23,0,1.56,1.3816917931113992,0,
1665,1996-08-26,0,1.59,1.3827563726289656,0,
1666,1996-08-27,0,1.58,1.3837931675071014,0,
1667,1996-08-28,0,1.59,1.384801904462315,0,
1668,1996-08-29,0,1.62,1.3857823102111173,0,
1669,1996-08-30,0,1.67,1.3867341114700162,0,
1670,1996-09-03,0,1.59,1.3876570349555215,0,
1671,1996-09-04,0,1.62,1.3885508073841426,0,
1672,1996-09-05,0,1.64,1.3894151554723881,0,
1673,1996-09-06,0,1.61,1.390249805936768,0,
1674,1996-09-09,0,1.61,1.391054485493791,0,
1675,1996-09-10,0,1.65,1.3918289852909194,0,
1676,1996-09-11,0,1.63,1.3925733541994223,0,
1677,1996-09-12,0,1.59,1.3932877055215218,0,
1678,1996-09-13,0,1.53,1.3939721525594393,0,
1679,1996-09-16,0,1.53,1.394626808615399,0,
1680,1996-09-17,0,1.5,1.395251786991621,0,
1681,1996-09-18,0,1.54,1.395847200990328,0,
1682,1996-09-19,0,1.62,1.3964131639137425,0,
1683,1996-09-20,0,1.55,1.3969497890640854,0,
1684,1996-09-23,0,1.52,1.3974571897435797,0,
1685,1996-09-24,0,1.59,1.3979354792544467,0,
1686,1996-09-25,0,1.63,1.3983847708989092,0,
1687,1996-09-26,0,1.66,1.398805177979189,0,
1688,1996-09-27,0,1.63,1.3991968137975075,0,
1689,1996-09-30,0,1.58,1.3995597916560885,0,
1690,1996-10-01,0,1.55,1.399894224857152,0,
1691,1996-10-02,0,1.58,1.4002002267029214,0,
1692,1996-10-03,0,1.57,1.4004779104956178,0,
1693,1996-10-04,0,1.47,1.400727389537464,0,
1694,1996-10-07,0,1.42,1.4009487771306819,0,
1695,1996-10-08,0,1.41,1.4011421865774933,0,
1696,1996-10-09,0,1.42,1.4013077311801203,0,
1697,1996-10-10,0,1.46,1.401445524240785,0,
1698,1996-10-11,0,1.42,1.4015556790617099,0,
1699,1996-10-15,0,1.38,1.4016383089451163,0,
1700,1996-10-16,0,1.43,1.4016935271932267,0,
1701,1996-10-17,0,1.38,1.4017214471082629,0,
1702,1996-10-18,0,1.38,1.401722181992447,0,
1703,1996-10-21,0,1.38,1.4016958451480006,0,
1704,1996-10-22,0,1.39,1.4016425498771474,0,
1705,1996-10-23,0,1.42,1.4015624094821075,0,
1706,1996-10-24,0,1.43,1.4014555372651045,0,
1707,1996-10-25,0,1.4,1.4013220465283593,0,
1708,1996-10-28,0,1.36,1.401162050574094,0,
1709,1996-10-29,0,1.26,1.4009756627045318,0,
1710,1996-10-30,0,1.26,1.4007629962218933,0,
1711,1996-10-31,0,1.2,1.4005241644284017,0,
1712,1996-11-01,0,1.21,1.4002592806262784,0,
1713,1996-11-04,0,1.17,1.3999684581177454,0,
1714,1996-11-05,0,1.11,1.3996518102050253,0,
1715,1996-11-06,0,1.12,1.3993094501903394,0,
1716,1996-11-07,0,1.09,1.3989414913759104,0,
1717,1996-11-08,0,1.11,1.39854804706396,0,
1718,1996-11-12,0,1.01,1.3981292305567103,0,
1719,1996-11-13,0,1.03,1.397685155156384,0,
1720,1996-11-14,0,0.98,1.397215934165202,0,
1721,1996-11-15,0,1.03,1.3967216808853868,0,
1722,1996-11-18,0,1.02,1.396202508619161,0,
1723,1996-11-19,0,1.0,1.3956585306687455,0,
1724,1996-11-20,0,0.96,1.3950898603363637,0,
1725,1996-11-21,0,0.97,1.3944966109242367,0,
1726,1996-11-22,0,0.97,1.3938788957345873,0,
1727,1996-11-25,0,0.95,1.3932368280696363,0,
1728,1996-11-26,0,0.96,1.3925705212316069,0,
1729,1996-11-27,0,0.98,1.391880088522721,0,
1730,1996-11-29,0,0.92,1.3911656432452004,0,
1731,1996-12-02,0,1.0,1.3904272987012674,0,
1732,1996-12-03,0,1.0,1.3896651681931438,0,
1733,1996-12-04,0,1.08,1.3888793650230506,0,
1734,1996-12-05,0,1.17,1.3880700024932122,0,
1735,1996-12-06,0,1.22,1.3872371939058483,0,
1736,1996-12-09,0,1.25,1.3863810525631834,0,
1737,1996-12-10,0,1.27,1.3855016917674374,0,
1738,1996-12-11,0,1.42,1.3845992248208332,0,
1739,1996-12-12,0,1.43,1.383673765025593,0,
1740,1996-12-13,0,1.41,1.382725425683938,0,
1741,1996-12-16,0,1.42,1.3817543200980917,0,
1742,1996-12-17,0,1.42,1.3807605615702752,0,
1743,1996-12-18,0,1.42,1.3797442634027097,0,
1744,1996-12-19,0,1.35,1.378705538897619,0,
1745,1996-12-20,0,1.33,1.3776445013572247,0,
1746,1996-12-23,0,1.24,1.3765612640837481,0,
1747,1996-12-24,0,1.27,1.375455940379412,0,
1748,1996-12-26,0,1.25,1.3743286435464375,0,
1749,1996-12-27,0,1.18,1.3731794868870477,0,
1750,1996-12-30,0,1.09,1.3720085837034637,0,
1751,1996-12-31,0,1.21,1.3708160472979087,0,
1752,1997-01-02,0,1.34,1.3696019909726036,0,
1753,1997-01-03,0,1.34,1.3683665280297717,0,
1754,1997-01-06,0,1.37,1.3671097717716336,0,
1755,1997-01-07,0,1.41,1.3658318355004122,0,
1756,1997-01-08,0,1.43,1.3645328325183304,0,
1757,1997-01-09,0,1.38,1.363212876127608,0,
1758,1997-01-10,0,1.46,1.3618720796304686,0,
1759,1997-01-13,0,1.54,1.3605105563291342,0,
1760,1997-01-14,0,1.34,1.3591284195258266,0,
1761,1997-01-15,0,1.37,1.3577257825227678,0,
1762,1997-01-16,0,1.41,1.35630275862218,0,
1763,1997-01-17,0,1.42,1.354859461126285,0,
1764,1997-01-21,0,1.34,1.3533960033373047,0,
1765,1997-01-22,0,1.38,1.3519124985574624,0,
1766,1997-01-23,0,1.42,1.3504090600889784,0,
1767,1997-01-24,0,1.47,1.3488858012340759,0,
1768,1997-01-27,0,1.48,1.3473428352949761,0,
1769,1997-01-28,0,1.46,1.3457802755739021,0,
1770,1997-01-29,0,1.45,1.3441982353730753,0,
1771,1997-01-30,0,1.43,1.3425968279947171,0,
1772,1997-01-31,0,1.38,1.3409761667410514,0,
1773,1997-02-03,0,1.34,1.3393363649142989,0,
1774,1997-02-04,0,1.35,1.3376775358166813,0,
1775,1997-02-05,0,1.34,1.335999792750422,0,
1776,1997-02-06,0,1.35,1.3343032490177416,0,
1777,1997-02-07,0,1.29,1.332588017920863,0,
1778,1997-02-10,0,1.25,1.330854212762008,0,
1779,1997-02-11,0,1.29,1.3291019468433989,0,
1780,1997-02-12,0,1.22,1.327331333467258,0,
1781,1997-02-13,0,1.19,1.3255424859358067,0,
1782,1997-02-14,0,1.18,1.323735517551267,0,
1783,1997-02-18,0,1.16,1.3219105416158614,0,
1784,1997-02-19,0,1.18,1.3200676714318114,0,
1785,1997-02-20,0,1.28,1.318207020301341,0,
1786,1997-02-21,0,1.27,1.3163287015266691,0,
1787,1997-02-24,0,1.22,1.3144328284100193,0,
1788,1997-02-25,0,1.27,1.3125195142536141,0,
1789,1997-02-26,0,1.34,1.3105888723596752,0,
1790,1997-02-27,0,1.36,1.308641016030425,0,
1791,1997-02-28,0,1.34,1.3066760585680843,0,
1792,1997-03-03,0,1.34,1.304694113274876,0,
1793,1997-03-04,0,1.34,1.3026952934530223,0,
1794,1997-03-05,0,1.38,1.3006797124047453,0,
1795,1997-03-06,0,1.38,1.2986474834322672,0,
1796,1997-03-07,0,1.35,1.2965987198378093,0,
1797,1997-03-10,0,1.35,1.2945335349235936,0,
1798,1997-03-11,0,1.39,1.2924520419918424,0,
1799,1997-03-12,0,1.38,1.2903543543447784,0,
1800,1997-03-13,0,1.46,1.2882405852846235,0,
1801,1997-03-14,0,1.46,1.286110848113599,0,
1802,1997-03-17,0,1.46,1.2839652561339274,0,
1803,1997-03-18,0,1.46,1.2818039226478306,0,
1804,1997-03-19,0,1.45,1.279626960957531,0,
1805,1997-03-20,0,1.41,1.27743448436525,0,
1806,1997-03-21,0,1.33,1.2752266061732107,0,
1807,1997-03-24,0,1.31,1.2730034396836345,0,
1808,1997-03-25,0,1.3,1.2707650981987424,0,
1809,1997-03-26,0,1.45,1.2685116950207584,0,
1810,1997-03-27,0,1.53,1.2662433434519038,0,
1811,1997-03-31,0,1.57,1.2639601567944,0,
1812,1997-04-01,0,1.58,1.2616622483504698,0,
1813,1997-04-02,0,1.58,1.2593497314223348,0,
1814,1997-04-03,0,1.59,1.257022719312217,0,
1815,1997-04-04,0,1.63,1.2546813253223397,0,
1816,1997-04-07,0,1.61,1.2523256627549233,0,
1817,1997-04-08,0,1.66,1.2499558449121901,0,
1818,1997-04-09,0,1.67,1.247571985096363,0,
1819,1997-04-10,0,1.62,1.2451741966096632,0,
1820,1997-04-11,0,1.67,1.242762592754314,0,
1821,1997-04-14,0,1.68,1.2403372868325362,0,
1822,1997-04-15,0,1.57,1.2378983921465518,0,
1823,1997-04-16,0,1.61,1.2354460219985834,0,
1824,1997-04-17,0,1.57,1.2329802896908533,0,
1825,1997-04-18,0,1.54,1.2305013085255834,0,
1826,1997-04-21,0,1.5,1.2280091918049947,0,
1827,1997-04-22,0,1.47,1.2255040528313106,0,
1828,1997-04-23,0,1.51,1.2229860049067527,0,
1829,1997-04-24,0,1.6,1.220455161333543,0,
1830,1997-04-25,0,1.63,1.217911635413903,0,
1831,1997-04-28,0,1.57,1.2153555404500558,0,
1832,1997-04-29,0,1.42,1.2127869897442227,0,
1833,1997-04-30,0,1.43,1.2102060965986259,0,
1834,1997-05-01,0,1.45,1.2076129743154884,0,
1835,1997-05-02,0,1.43,1.2050077361970302,0,
1836,1997-05-05,0,1.45,1.2023904955454747,0,
1837,1997-05-06,0,1.46,1.1997613656630444,0,
1838,1997-05-07,0,1.54,1.1971204598519598,0,
1839,1997-05-08,0,1.5,1.194467891414445,0,
1840,1997-05-09,0,1.47,1.1918037736527205,0,
1841,1997-05-12,0,1.41,1.1891282198690083,0,
1842,1997-05-13,0,1.46,1.186441343365531,0,
1843,1997-05-14,0,1.48,1.1837432574445108,0,
1844,1997-05-15,0,1.54,1.18103407540817,0,
1845,1997-05-16,0,1.5,1.17831391055873,0,
1846,1997-05-19,0,1.33,1.1755828761984124,0,
1847,1997-05-20,0,1.31,1.1728410856294396,0,
1848,1997-05-21,0,1.62,1.1700886521540346,0,
1849,1997-05-22,0,1.58,1.167325689074419,0,
1850,1997-05-23,0,1.56,1.1645523096928145,0,
1851,1997-05-27,0,1.61,1.1617686273114427,0,
1852,1997-05-28,0,1.62,1.1589747552325262,0,
1853,1997-05-29,0,1.71,1.1561708067582872,0,
1854,1997-05-30,0,1.71,1.1533568951909483,0,
1855,1997-06-02,0,1.59,1.1505331338327303,0,
1856,1997-06-03,0,1.58,1.1476996359858556,0,
1857,1997-06-04,0,1.53,1.144856514952547,0,
1858,1997-06-05,0,1.5,1.1420038840350253,0,
1859,1997-06-06,0,1.43,1.1391418565355136,0,
1860,1997-06-09,0,1.49,1.1362705457562337,0,
1861,1997-06-10,0,1.52,1.1333900649994073,0,
1862,1997-06-11,0,1.57,1.1305005275672566,0,
1863,1997-06-12,0,1.51,1.127602046762004,0,
1864,1997-06-13,0,1.42,1.1246947358858719,0,
1865,1997-06-16,0,1.37,1.1217787082410808,0,
1866,1997-06-17,0,1.38,1.1188540771298539,0,
1867,1997-06-18,0,1.37,1.115920955854413,0,
1868,1997-06-19,0,1.32,1.1129794577169803,0,
1869,1997-06-20,0,1.29,1.1100296960197784,0,
1870,1997-06-23,0,1.34,1.1070717840650282,0,
1871,1997-06-24,0,1.34,1.1041058351549518,0,
1872,1997-06-25,0,1.38,1.1011319625917715,0,
1873,1997-06-26,0,1.33,1.0981502796777098,0,
1874,1997-06-27,0,1.3,1.0951608997149893,0,
1875,1997-06-30,0,1.25,1.0921639360058304,0,
1876,1997-07-01,0,1.27,1.0891595018524565,0,
1877,1997-07-02,0,1.21,1.0861477105570883,0,
1878,1997-07-03,0,1.17,1.083128675421949,0,
1879,1997-07-07,0,1.14,1.0801025097492614,0,
1880,1997-07-08,0,1.14,1.0770693268412452,0,
1881,1997-07-09,0,1.13,1.0740292400001243,0,
1882,1997-07-10,0,1.1,1.0709823625281194,0,
1883,1997-07-11,0,1.09,1.067928807727454,0,
1884,1997-07-14,0,1.04,1.06486868890035,0,
1885,1997-07-15,0,1.04,1.0618021193490277,0,
1886,1997-07-16,0,1.03,1.0587292123757113,0,
1887,1997-07-17,0,1.01,1.0556500812826213,0,
1888,1997-07-18,0,1.0,1.052564839371981,0,
1889,1997-07-21,0,1.0,1.049473599946011,0,
1890,1997-07-22,0,0.97,1.0463764763069345,0,
1891,1997-07-23,0,0.93,1.0432735817569732,0,
1892,1997-07-24,0,0.92,1.0401650295983498,0,
1893,1997-07-25,0,0.93,1.0370509331332856,0,
1894,1997-07-28,0,0.92,1.0339314056640019,0,
1895,1997-07-29,0,0.87,1.0308065604927221,0,
1896,1997-07-30,0,0.8,1.0276765109216675,0,
1897,1997-07-31,0,0.76,1.0245413702530608,0,
1898,1997-08-01,0,0.92,1.0214012517891236,0,
1899,1997-08-04,0,0.94,1.0182562688320778,0,
1900,1997-08-05,0,0.94,1.0151065346841455,0,
1901,1997-08-06,0,0.92,1.0119521626475492,0,
1902,1997-08-07,0,0.94,1.0087932660245102,0,
1903,1997-08-08,0,1.08,1.005629958117252,0,
1904,1997-08-11,0,1.05,1.0024623522279947,0,
1905,1997-08-12,0,1.08,0.9992905616589617,0,
1906,1997-08-13,0,1.04,0.9961146997123744,0,
1907,1997-08-14,0,0.92,0.9929348796904552,0,
1908,1997-08-15,0,0.97,0.9897512148954262,0,
1909,1997-08-18,0,0.97,0.9865638186295091,0,
1910,1997-08-19,0,0.96,0.9833728041949262,0,
1911,1997-08-20,0,1.0,0.9801782848938995,0,
1912,1997-08-21,0,1.03,0.976980374028651,0,
1913,1997-08-22,0,1.12,0.9737791849014032,0,
1914,1997-08-25,0,1.1,0.9705748308143773,0,
1915,1997-08-26,0,1.09,0.9673674250697953,0,
1916,1997-08-27,0,1.09,0.9641570809698804,0,
1917,1997-08-28,0,1.05,0.9609439118168536,0,
1918,1997-08-29,0,1.09,0.9577280309129387,0,
1919,1997-09-02,0,1.09,0.9545095515603548,0,
1920,1997-09-03,0,1.19,0.9512885870613258,0,
1921,1997-09-04,0,1.19,0.9480652507180735,0,
1922,1997-09-05,0,1.2,0.9448396558328201,0,
1923,1997-09-08,0,1.17,0.941611915707788,0,
1924,1997-09-09,0,1.17,0.9383821436451981,0,
1925,1997-09-10,0,1.25,0.9351504529472732,0,
1926,1997-09-11,0,1.25,0.9319169569162348,0,
1927,1997-09-12,0,1.19,0.9286817688543055,0,
1928,1997-09-15,0,1.2,0.9254450020637082,0,
1929,1997-09-16,0,1.02,0.9222067698466634,0,
1930,1997-09-17,0,1.0,0.9189671855053932,0,
1931,1997-09-18,0,1.01,0.9157263623421205,0,
1932,1997-09-19,0,1.03,0.9124844136590667,0,
1933,1997-09-22,0,1.04,0.9092414527584551,0,
1934,1997-09-23,0,1.08,0.9059975929425061,0,
1935,1997-09-24,0,1.09,0.9027529475134424,0,
1936,1997-09-25,0,1.2,0.8995076297734866,0,
1937,1997-09-26,0,1.08,0.8962617530248593,0,
1938,1997-09-29,0,1.02,0.8930154305697852,0,
1939,1997-09-30,0,1.06,0.8897687757104831,0,
1940,1997-10-01,0,0.94,0.8865219017491772,0,
1941,1997-10-02,0,0.93,0.8832749219880887,0,
1942,1997-10-03,0,0.97,0.88002794972944,0,
1943,1997-10-06,0,0.87,0.8767810982754538,0,
1944,1997-10-07,0,0.88,0.8735344809283506,0,
1945,1997-10-08,0,0.99,0.8702882109903533,0,
1946,1997-10-09,0,0.95,0.8670424017636837,0,
1947,1997-10-10,0,1.01,0.863797166550564,0,
1948,1997-10-14,0,0.99,0.8605526186532175,0,
1949,1997-10-15,0,1.04,0.8573088713738639,0,
1950,1997-10-16,0,1.01,0.8540660380147269,0,
1951,1997-10-17,0,1.11,0.8508242318780275,0,
1952,1997-10-20,0,1.06,0.8475835662659883,0,
1953,1997-10-21,0,1.06,0.8443441544808324,0,
1954,1997-10-22,0,0.96,0.84110610982478,0,
1955,1997-10-23,0,0.91,0.8378695456000537,0,
1956,1997-10-24,0,0.85,0.8346345751088758,0,
1957,1997-10-27,0,0.83,0.8314013116534693,0,
1958,1997-10-28,0,0.73,0.8281698685360543,0,
1959,1997-10-29,0,0.71,0.8249403590588542,0,
1960,1997-10-30,0,0.67,0.8217128965240903,0,
1961,1997-10-31,0,0.62,0.8184875942339853,0,
1962,1997-11-03,0,0.65,0.8152645654907618,0,
1963,1997-11-04,0,0.7,0.8120439235966401,0,
1964,1997-11-05,0,0.68,0.808825781853843,0,
1965,1997-11-06,0,0.59,0.805610253564593,0,
1966,1997-11-07,0,0.59,0.8023974520311119,0,
1967,1997-11-10,0,0.58,0.7991874905556221,0,
1968,1997-11-12,0,0.58,0.795980482440345,0,
1969,1997-11-13,0,0.6,0.7927765409875027,0,
1970,1997-11-14,0,0.59,0.7895757794993177,0,
1971,1997-11-17,0,0.54,0.7863783112780116,0,
1972,1997-11-18,0,0.54,0.7831842496258072,0,
1973,1997-11-19,0,0.54,0.7799937078449256,0,
1974,1997-11-20,0,0.55,0.7768067992375891,0,
1975,1997-11-21,0,0.57,0.77362363710602,0,
1976,1997-11-24,0,0.57,0.7704443347524406,0,
1977,1997-11-25,0,0.54,0.7672690054790728,0,
1978,1997-11-26,0,0.6,0.764097762588138,0,
1979,1997-11-28,0,0.64,0.7609307193818586,0,
1980,1997-12-01,0,0.59,0.7577679891624569,0,
1981,1997-12-02,0,0.6,0.7546096852321544,0,
1982,1997-12-03,0,0.57,0.7514559208931749,0,
1983,1997-12-04,0,0.57,0.7483068094477379,0,
1984,1997-12-05,0,0.62,0.7451624641980669,0,
1985,1997-12-08,0,0.67,0.7420229984463838,0,
1986,1997-12-09,0,0.68,0.7388885254949105,0,
1987,1997-12-10,0,0.69,0.7357591586458697,0,
1988,1997-12-11,0,0.62,0.7326350112014821,0,
1989,1997-12-12,0,0.56,0.7295161964639705,0,
1990,1997-12-15,0,0.54,0.7264028277355572,0,
1991,1997-12-16,0,0.53,0.7232950183184634,0,
1992,1997-12-17,0,0.55,0.7201928815149129,0,
1993,1997-12-18,0,0.51,0.7170965306271263,0,
1994,1997-12-19,0,0.38,0.7140060789573253,0,
1995,1997-12-22,0,0.25,0.7109216398077327,0,
1996,1997-12-23,0,0.27,0.7078433264805707,0,
1997,1997-12-24,0,0.37,0.7047712522780615,0,
1998,1997-12-26,0,0.4,0.701705530502426,0,
1999,1997-12-29,0,0.3,0.6986462744558872,0,
2000,1997-12-30,0,0.34,0.695593597440667,0,
2001,1997-12-31,0,0.38,0.6925476127589874,0,
2002,1998-01-02,0,0.34,0.689508433713071,0,
2003,1998-01-05,0,0.28,0.6864761736051385,0,
2004,1998-01-06,0,0.27,0.6834509457374129,0,
2005,1998-01-07,0,0.31,0.6804328634121162,0,
2006,1998-01-08,0,0.36,0.6774220399314701,0,
2007,1998-01-09,0,0.35,0.6744185885976974,0,
2008,1998-01-12,0,0.26,0.6714226227130192,0,
2009,1998-01-13,0,0.24,0.668434255579658,0,
2010,1998-01-14,0,0.27,0.6654536004998358,0,
2011,1998-01-15,0,0.35,0.6624807707757745,0,
2012,1998-01-16,0,0.38,0.6595158797096973,0,
2013,1998-01-20,0,0.43,0.6565590406038245,0,
2014,1998-01-21,0,0.41,0.6536103667603788,0,
2015,1998-01-22,0,0.42,0.6506699714815825,0,
2016,1998-01-23,0,0.53,0.6477379680696582,0,
2017,1998-01-26,0,0.41,0.6448144698268264,0,
2018,1998-01-27,0,0.46,0.6418995900553104,0,
2019,1998-01-28,0,0.46,0.6389934420573316,0,
2020,1998-01-29,0,0.37,0.6360961391351122,0,
2021,1998-01-30,0,0.33,0.6332077945908753,0,
2022,1998-02-02,0,0.31,0.6303285217268411,0,
2023,1998-02-03,0,0.29,0.6274584338452327,0,
2024,1998-02-04,0,0.46,0.6245976442482721,0,
2025,1998-02-05,0,0.48,0.621746266238181,0,
2026,1998-02-06,0,0.45,0.6189044131171827,0,
2027,1998-02-09,0,0.43,0.6160721981874973,0,
2028,1998-02-10,0,0.42,0.6132497347513478,0,
2029,1998-02-11,0,0.31,0.6104371361109566,0,
2030,1998-02-12,0,0.29,0.6076345155685452,0,
2031,1998-02-13,0,0.27,0.6048419864263365,0,
2032,1998-02-17,0,0.24,0.6020596619865513,0,
2033,1998-02-18,0,0.29,0.5992876555514122,0,
2034,1998-02-19,0,0.29,0.5965260804231411,0,
2035,1998-02-20,0,0.33,0.5937750499039608,0,
2036,1998-02-23,0,0.29,0.5910346772960928,0,
2037,1998-02-24,0,0.42,0.5883050759017587,0,
2038,1998-02-25,0,0.32,0.5855863590231812,0,
2039,1998-02-26,0,0.31,0.582878639962582,0,
2040,1998-02-27,0,0.29,0.5801820320221835,0,
2041,1998-03-02,0,0.46,0.5774966485042081,0,
2042,1998-03-03,0,0.53,0.5748226027108765,0,
2043,1998-03-04,0,0.56,0.5721600079444118,0,
2044,1998-03-05,0,0.6,0.5695089775070353,0,
2045,1998-03-06,0,0.58,0.5668696247009699,0,
2046,1998-03-09,0,0.55,0.5642420628284377,0,
2047,1998-03-10,0,0.58,0.56162640519166,0,
2048,1998-03-11,0,0.54,0.559022765092859,0,
2049,1998-03-12,0,0.47,0.5564312558342577,0,
2050,1998-03-13,0,0.49,0.553851990718076,0,
2051,1998-03-16,0,0.41,0.5512850830465386,0,
2052,1998-03-17,0,0.41,0.5487306461218652,0,
2053,1998-03-18,0,0.41,0.5461887932462797,0,
2054,1998-03-19,0,0.4,0.5436596377220039,0,
2055,1998-03-20,0,0.37,0.5411432928512578,0,
2056,1998-03-23,0,0.4,0.5386398719362664,0,
2057,1998-03-24,0,0.41,0.536149488279249,0,
2058,1998-03-25,0,0.46,0.5336722551824301,0,
2059,1998-03-26,0,0.46,0.5312082859480308,0,
2060,1998-03-27,0,0.46,0.5287576938782717,0,
2061,1998-03-30,0,0.54,0.5263205922753772,0,
2062,1998-03-31,0,0.5,0.5238970944415673,0,
2063,1998-04-01,0,0.5,0.5214873136790661,0,
2064,1998-04-02,0,0.46,0.5190913632900944,0,
2065,1998-04-03,0,0.38,0.5167093565768734,0,
2066,1998-04-06,0,0.41,0.5143414068416272,0,
2067,1998-04-07,0,0.46,0.5119876273865761,0,
2068,1998-04-08,0,0.52,0.5096481315139434,0,
2069,1998-04-09,0,0.51,0.507323032525951,0,
2070,1998-04-13,0,0.46,0.5050124437248191,0,
2071,1998-04-14,0,0.46,0.5027164784127727,0,
2072,1998-04-15,0,0.51,0.5004352498920313,0,
2073,1998-04-16,0,0.54,0.4981688714648187,0,
2074,1998-04-17,0,0.54,0.49591745643335666,0,
2075,1998-04-20,0,0.57,0.49368111809986537,0,
2076,1998-04-21,0,0.6,0.4914599697665697,0,
2077,1998-04-22,0,0.58,0.48925412473568886,0,
2078,1998-04-23,0,0.6,0.48706369630944785,0,
2079,1998-04-24,0,0.58,0.4848887977900671,0,
2080,1998-04-27,0,0.71,0.48272954247976785,0,
2081,1998-04-28,0,0.74,0.480586043680774,0,
2082,1998-04-29,0,0.73,0.4784584146953056,0,
2083,1998-04-30,0,0.67,0.4763467688255869,0,
2084,1998-05-01,0,0.65,0.474251219373839,0,
2085,1998-05-04,0,0.57,0.47217187964228285,0,
2086,1998-05-05,0,0.58,0.4701088629331419,0,
2087,1998-05-06,0,0.55,0.46806228254863724,0,
2088,1998-05-07,0,0.54,0.4660322517909922,0,
2089,1998-05-08,0,0.57,0.4640188839624281,0,
2090,1998-05-11,0,0.65,0.4620222923651661,0,
2091,1998-05-12,0,0.58,0.4600425903014298,0,
2092,1998-05-13,0,0.51,0.45807989107344,0,
2093,1998-05-14,0,0.49,0.45613430798341964,0,
2094,1998-05-15,0,0.5,0.4542059543335909,0,
2095,1998-05-18,0,0.43,0.45229494342617416,0,
2096,1998-05-19,0,0.41,0.4504013885633935,0,
2097,1998-05-20,0,0.4,0.44852540304746935,0,
2098,1998-05-21,0,0.41,0.4466671001806255,0,
2099,1998-05-22,0,0.41,0.4448265932650828,0,
2100,1998-05-26,0,0.41,0.44300399560306314,0,
2101,1998-05-27,0,0.46,0.4411994204967893,0,
2102,1998-05-28,0,0.5,0.43941298124848216,0,
2103,1998-05-29,0,0.52,0.4376447911603658,0,
2104,1998-06-01,0,0.45,0.4358949635346608,0,
2105,1998-06-02,0,0.47,0.4341636116735887,0,
2106,1998-06-03,0,0.44,0.4324508488793731,0,
2107,1998-06-04,0,0.46,0.43075678845423443,0,
2108,1998-06-05,0,0.46,0.42908154370039653,0,
2109,1998-06-08,0,0.41,0.42742522792008014,0,
2110,1998-06-09,0,0.41,0.4257879544155074,0,
2111,1998-06-10,0,0.37,0.424169836488901,0,
2112,1998-06-11,0,0.33,0.422570987442482,0,
2113,1998-06-12,0,0.29,0.42099152057847367,0,
2114,1998-06-15,0,0.21,0.4194315491990976,0,
2115,1998-06-16,0,0.25,0.417891186606575,0,
2116,1998-06-17,0,0.3,0.41637054610312935,0,
2117,1998-06-18,0,0.3,0.4148697409909818,0,
2118,1998-06-19,0,0.29,0.41338888457235395,0,
2119,1998-06-22,0,0.34,0.4119280901494692,0,
2120,1998-06-23,0,0.35,0.41048747102454786,0,
2121,1998-06-24,0,0.41,0.4090671404998141,0,
2122,1998-06-25,0,0.44,0.4076672118774885,0,
2123,1998-06-26,0,0.45,0.40628779845979296,0,
2124,1998-06-29,0,0.3,0.4049290135489505,0,
2125,1998-06-30,0,0.34,0.4035909704471823,0,
2126,1998-07-01,0,0.35,0.4022737824567113,0,
2127,1998-07-02,0,0.34,0.40097756287975905,0,
2128,1998-07-06,0,0.29,0.39970242501854697,0,
2129,1998-07-07,0,0.33,0.3984484821752983,0,
2130,1998-07-08,0,0.33,0.39721584765223406,0,
2131,1998-07-09,0,0.33,0.39600463475157716,0,
2132,1998-07-10,0,0.36,0.3948149567755494,0,
2133,1998-07-13,0,0.33,0.3936469270263721,0,
2134,1998-07-14,0,0.33,0.39250065880626833,0,
2135,1998-07-15,0,0.34,0.3913762654174593,0,
2136,1998-07-16,0,0.33,0.39027386016216786,0,
2137,1998-07-17,0,0.37,0.38919355634261565,0,
2138,1998-07-20,0,0.39,0.3881354672610244,0,
2139,1998-07-21,0,0.36,0.3870997062196167,0,
2140,1998-07-22,0,0.38,0.3860863865206141,0,
2141,1998-07-23,0,0.36,0.3850956214662394,0,
2142,1998-07-24,0,0.37,0.38412752435871406,0,
2143,1998-07-27,0,0.41,0.38318220850025986,0,
2144,1998-07-28,0,0.42,0.3822597871930997,0,
2145,1998-07-29,0,0.44,0.38136037373945475,0,
2146,1998-07-30,0,0.42,0.3804840814415479,0,
2147,1998-07-31,0,0.4,0.3796310236016006,0,
2148,1998-08-03,0,0.33,0.3788013135218348,0,
2149,1998-08-04,0,0.33,0.37799506450447323,0,
2150,1998-08-05,0,0.34,0.3772123898517371,0,
2151,1998-08-06,0,0.41,0.3764534028658494,0,
2152,1998-08-07,0,0.41,0.3757182168490315,0,
2153,1998-08-10,0,0.33,0.3750069451035054,0,
2154,1998-08-11,0,0.33,0.3743197009314935,0,
2155,1998-08-12,0,0.38,0.37365659763521764,0,
2156,1998-08-13,0,0.4,0.3730177485169,0,
2157,1998-08-14,0,0.37,0.37240326687876274,0,
2158,1998-08-17,0,0.33,0.37181326602302744,0,
2159,1998-08-18,0,0.35,0.3712478592519167,0,
2160,1998-08-19,0,0.34,0.37070715986765224,0,
2161,1998-08-20,0,0.33,0.37019128117245614,0,
2162,1998-08-21,0,0.31,0.36970033646855066,0,
2163,1998-08-24,0,0.21,0.36923443905815734,0,
2164,1998-08-25,0,0.16,0.3687937022434989,0,
2165,1998-08-26,0,0.2,0.36837823932679675,0,
2166,1998-08-27,0,0.12,0.36798816361027353,0,
2167,1998-08-28,0,0.17,0.36762358839615106,0,
2168,1998-08-31,0,0.08,0.367284626986651,0,
2169,1998-09-01,0,0.12,0.36697139268399614,0,
2170,1998-09-02,0,0.18,0.3666839987904079,0,
2171,1998-09-03,0,0.2,0.3664225586081085,0,
2172,1998-09-04,0,0.15,0.36618718543932016,0,
2173,1998-09-08,0,0.09,0.3659779925862648,0,
2174,1998-09-09,0,0.07,0.3657950933511645,0,
2175,1998-09-10,0,-0.02,0.3656386010362411,0,
2176,1998-09-11,0,-0.02,0.3655086289437171,0,
2177,1998-09-14,0,0.04,0.36540529037581415,0,
2178,1998-09-15,0,0.11,0.3653286986347546,0,
2179,1998-09-16,0,0.13,0.36527896702276014,0,
2180,1998-09-17,0,0.09,0.3652562088420532,0,
2181,1998-09-18,0,0.07,0.36526053739485553,0,
2182,1998-09-21,0,-0.12,0.36529206598338915,0,
2183,1998-09-22,0,-0.07,0.36535090790987645,0,
2184,1998-09-23,0,0.02,0.36543717647653917,0,
2185,1998-09-24,0,0.08,0.3655509849855996,0,
2186,1998-09-25,0,0.08,0.3656924467392796,0,
2187,1998-09-28,0,0.05,0.36586167503980127,0,
2188,1998-09-29,0,0.04,0.3660587831893867,0,
2189,1998-09-30,0,0.07,0.36628388449025795,0,
2190,1998-10-01,0,0.09,0.366537092244637,0,
2191,1998-10-02,0,0.08,0.3668185197547457,0,
2192,1998-10-05,0,-0.07,0.36712828032280653,0,
2193,1998-10-06,0,0.06,0.3674664872510413,0,
2194,1998-10-07,0,0.18,0.3678332538416721,0,
2195,1998-10-08,0,0.66,0.36822869339692105,0,
2196,1998-10-09,0,0.88,0.3686529192190099,0,
2197,1998-10-13,0,0.74,0.3691060446101609,0,
2198,1998-10-14,0,0.56,0.3695881828725964,0,
2199,1998-10-15,0,0.42,0.37009944730853805,0,
2200,1998-10-16,0,0.79,0.37063995122020804,0,
2201,1998-10-19,0,0.52,0.37120980790982816,0,
2202,1998-10-20,0,0.62,0.3718091306796209,0,
2203,1998-10-21,0,0.58,0.3724380328318082,0,
2204,1998-10-22,0,0.64,0.37309662766861185,0,
2205,1998-10-23,0,0.73,0.37378502849225426,0,
2206,1998-10-26,0,0.67,0.37450334860495693,0,
2207,1998-10-27,0,0.57,0.37525170130894225,0,
2208,1998-10-28,0,0.31,0.3760301999064327,0,
2209,1998-10-29,0,0.21,0.3768389576996495,0,
2210,1998-10-30,0,0.3,0.37767808799081554,0,
2211,1998-11-02,0,0.22,0.37854770408215194,0,
2212,1998-11-03,0,0.28,0.3794479192758813,0,
2213,1998-11-04,0,0.27,0.38037884687422596,0,
2214,1998-11-05,0,0.24,0.3813406001794072,0,
2215,1998-11-06,0,0.29,0.3823332924936481,0,
2216,1998-11-09,0,0.29,0.38335703711916946,0,
2217,1998-11-10,0,0.26,0.38441194735819406,0,
2218,1998-11-12,0,0.28,0.38549813651294434,0,
2219,1998-11-13,0,0.35,0.38661571788564125,0,
2220,1998-11-16,0,0.33,0.38776480477850805,0,
2221,1998-11-17,0,0.45,0.3889455104937656,0,
2222,1998-11-18,0,0.4,0.3901579483336366,0,
2223,1998-11-19,0,0.38,0.39140223160034354,0,
2224,1998-11-20,0,0.36,0.3926784735961075,0,
2225,1998-11-23,0,0.25,0.3939867876231514,0,
2226,1998-11-24,0,0.22,0.39532728698369646,0,
2227,1998-11-25,0,0.25,0.39670008497996495,0,
2228,1998-11-27,0,0.25,0.39810529491418,0,
2229,1998-11-30,0,0.16,0.39954303008856207,0,
2230,1998-12-01,0,0.17,0.40101340380533446,0,
2231,1998-12-02,0,0.1,0.4025165293667182,0,
2232,1998-12-03,0,0.12,0.4040525200749356,0,
2233,1998-12-04,0,0.13,0.4056214099157063,0,
2234,1998-12-07,0,0.23,0.4072229156087337,0,
2235,1998-12-08,0,0.16,0.4088566745572208,0,
2236,1998-12-09,0,0.12,0.41052232416436735,0,
2237,1998-12-10,0,0.04,0.41221950183337613,0,
2238,1998-12-11,0,0.11,0.4139478449674488,0,
2239,1998-12-14,0,0.08,0.4157069909697854,0,
2240,1998-12-15,0,0.12,0.41749657724358874,0,
2241,1998-12-16,0,0.12,0.4193162411920605,0,
2242,1998-12-17,0,0.12,0.4211656202184008,0,
2243,1998-12-18,0,0.08,0.42304435172581273,0,
2244,1998-12-21,0,0.12,0.4249520731174962,0,
2245,1998-12-22,0,0.2,0.4268884217966535,0,
2246,1998-12-23,0,0.22,0.42885303516648693,0,
2247,1998-12-24,0,0.29,0.43084555063019625,0,
2248,1998-12-28,0,0.22,0.4328656055909847,0,
2249,1998-12-29,0,0.12,0.4349128374520521,0,
2250,1998-12-30,0,0.1,0.43698688361660054,0,
2251,1998-12-31,0,0.16,0.43908738148783266,0,
2252,1999-01-04,0,0.2,0.44121396846894845,0,
2253,1999-01-05,0,0.25,0.4433662819631506,0,
2254,1999-01-06,0,0.26,0.44554395937363905,0,
2255,1999-01-07,0,0.32,0.44774663810361615,0,
2256,1999-01-08,0,0.37,0.4499739555562846,0,
2257,1999-01-11,0,0.39,0.4522255491348436,0,
2258,1999-01-12,0,0.33,0.4545010562424968,0,
2259,1999-01-13,0,0.29,0.4568001142824437,0,
2260,1999-01-14,0,0.18,0.45912236065788664,0,
2261,1999-01-15,0,0.21,0.46146743277202823,0,
2262,1999-01-19,0,0.29,0.463834968028068,0,
2263,1999-01-20,0,0.38,0.4662246038292096,0,
2264,1999-01-21,0,0.37,0.46863597757865183,0,
2265,1999-01-22,0,0.27,0.47106872667959787,0,
2266,1999-01-25,0,0.22,0.4735224885352503,0,
2267,1999-01-26,0,0.23,0.47599690054880806,0,
2268,1999-01-27,0,0.2,0.47849160012347486,0,
2269,1999-01-28,0,0.17,0.4810062246624501,0,
2270,1999-01-29,0,0.17,0.48354041156893657,0,
2271,1999-02-01,0,0.21,0.4860937982461367,0,
2272,1999-02-02,0,0.25,0.4886660220972496,0,
2273,1999-02-03,0,0.34,0.4912567205254793,0,
2274,1999-02-04,0,0.39,0.49386553093402463,0,
2275,1999-02-05,0,0.44,0.4964920907260885,0,
2276,1999-02-08,0,0.4,0.4991360373048737,0,
2277,1999-02-09,0,0.37,0.5017970080735791,0,
2278,1999-02-10,0,0.41,0.5044746404354087,0,
2279,1999-02-11,0,0.42,0.5071685717935612,0,
2280,1999-02-12,0,0.51,0.5098784395512402,0,
2281,1999-02-16,0,0.47,0.5126038811116478,0,
2282,1999-02-17,0,0.46,0.5153445338779827,0,
2283,1999-02-18,0,0.5,0.5181000352534494,0,
2284,1999-02-19,0,0.51,0.5208700226412468,0,
2285,1999-02-22,0,0.37,0.5236541334445777,0,
2286,1999-02-23,0,0.43,0.5264520050666445,0,
2287,1999-02-24,0,0.5,0.5292632749106466,0,
2288,1999-02-25,0,0.7,0.5320875803797879,0,
2289,1999-02-26,0,0.62,0.5349245588772673,0,
2290,1999-03-01,0,0.69,0.5377738478062872,0,
2291,1999-03-02,0,0.68,0.5406350845700509,0,
2292,1999-03-03,0,0.76,0.5435079065717573,0,
2293,1999-03-04,0,0.79,0.54639195121461,0,
2294,1999-03-05,0,0.71,0.5492868559018085,0,
2295,1999-03-08,0,0.65,0.5521922580365549,0,
2296,1999-03-09,0,0.58,0.5551077950220528,0,
2297,1999-03-10,0,0.6,0.5580331042615008,0,
2298,1999-03-11,0,0.58,0.5609678231581023,0,
2299,1999-03-12,0,0.56,0.5639115891150571,0,
2300,1999-03-15,0,0.54,0.5668640395355676,0,
2301,1999-03-16,0,0.56,0.5698248118228364,0,
2302,1999-03-17,0,0.6,0.5727935433800628,0,
2303,1999-03-18,0,0.6,0.5757698716104509,0,
2304,1999-03-19,0,0.66,0.578753433917199,0,
2305,1999-03-22,0,0.69,0.5817438677035105,0,
2306,1999-03-23,0,0.7,0.5847408103725881,0,
2307,1999-03-24,0,0.67,0.5877438993276304,0,
2308,1999-03-25,0,0.7,0.5907527719718418,0,
2309,1999-03-26,0,0.7,0.593767065708421,0,
2310,1999-03-29,0,0.77,0.5967864179405706,0,
2311,1999-03-30,0,0.72,0.5998104660714938,0,
2312,1999-03-31,0,0.75,0.6028388475043894,0,
2313,1999-04-01,0,0.82,0.6058711996424613,0,
2314,1999-04-02,0,0.77,0.6089071598889084,0,
2315,1999-04-05,0,0.79,0.6119463656469338,0,
2316,1999-04-06,0,0.71,0.6149884543197399,0,
2317,1999-04-07,0,0.71,0.6180330633105261,0,
2318,1999-04-08,0,0.62,0.6210798300224959,0,
2319,1999-04-09,0,0.62,0.6241283918588483,0,
2320,1999-04-12,0,0.73,0.6271783862227864,0,
2321,1999-04-13,0,0.79,0.6302294505175128,0,
2322,1999-04-14,0,0.83,0.6332812221462264,0,
2323,1999-04-15,0,0.85,0.6363333385121311,0,
2324,1999-04-16,0,0.89,0.6393854370184263,0,
2325,1999-04-19,0,0.81,0.6424371550683143,0,
2326,1999-04-20,0,0.78,0.6454881300649985,0,
2327,1999-04-21,0,0.8,0.6485379994116768,0,
2328,1999-04-22,0,0.84,0.6515864005115543,0,
2329,1999-04-23,0,0.83,0.6546329707678292,0,
2330,1999-04-26,0,0.76,0.6576773475837047,0,
2331,1999-04-27,0,0.71,0.6607191683623831,0,
2332,1999-04-28,0,0.75,0.6637580705070638,0,
2333,1999-04-29,0,0.71,0.6667936914209507,0,
2334,1999-04-30,0,0.81,0.6698256685072427,0,
2335,1999-05-03,0,0.75,0.6728536391691424,0,
2336,1999-05-04,0,0.79,0.675877240809853,0,
2337,1999-05-05,0,0.79,0.6788961108325732,0,
2338,1999-05-06,0,0.89,0.681909886640507,0,
2339,1999-05-07,0,0.92,0.6849182056368531,0,
2340,1999-05-10,0,0.94,0.6879207052248146,0,
2341,1999-05-11,0,0.96,0.6909170228075946,0,
2342,1999-05-12,0,0.91,0.6939067957883913,0,
2343,1999-05-13,0,0.82,0.6968896615704092,0,
2344,1999-05-14,0,0.98,0.699865257556847,0,
2345,1999-05-17,0,0.95,0.7028332211509076,0,
2346,1999-05-18,0,1.01,0.7057931897557939,0,
2347,1999-05-19,0,0.96,0.7087448007747044,0,
2348,1999-05-20,0,0.98,0.7116876916108436,0,
2349,1999-05-21,0,0.9,0.7146214996674102,0,
2350,1999-05-24,0,0.86,0.7175458623476071,0,
2351,1999-05-25,0,0.85,0.720460417054637,0,
2352,1999-05-26,0,0.88,0.7233648011916987,0,
2353,1999-05-27,0,0.96,0.7262586521619965,0,
2354,1999-05-28,0,0.97,0.7291416073687291,0,
2355,1999-06-01,0,1.01,0.7320133042150995,0,
2356,1999-06-02,0,1.05,0.73487338010431,0,
2357,1999-06-03,0,1.14,0.7377214724395603,0,
2358,1999-06-04,0,1.25,0.7405572186240539,0,
2359,1999-06-07,0,1.17,0.7433802560609898,0,
2360,1999-06-08,0,1.21,0.7461902221535708,0,
2361,1999-06-09,0,1.27,0.7489867543049997,0,
2362,1999-06-10,0,1.25,0.7517694899184754,0,
2363,1999-06-11,0,1.27,0.7545380663972022,0,
2364,1999-06-14,0,1.22,0.7572921211443787,0,
2365,1999-06-15,0,1.24,0.7600312915632076,0,
2366,1999-06-16,0,1.27,0.762755215056892,0,
2367,1999-06-17,0,1.15,0.7654635290286306,0,
2368,1999-06-18,0,1.14,0.7681558708816274,0,
2369,1999-06-21,0,1.16,0.7708318780190816,0,
2370,1999-06-22,0,1.21,0.7734911878441961,0,
2371,1999-06-23,0,1.26,0.7761334377601727,0,
2372,1999-06-24,0,1.3,0.7787582651702118,0,
2373,1999-06-25,0,1.21,0.7813653074775149,0,
2374,1999-06-28,0,1.08,0.7839542020852854,0,
2375,1999-06-29,0,1.08,0.7865245863967221,0,
2376,1999-06-30,0,1.02,0.7890760978150291,0,
2377,1999-07-01,0,1.17,0.7916083737434052,0,
2378,1999-07-02,0,1.12,0.7941210515850531,0,
2379,1999-07-06,0,1.16,0.796613768743176,0,
2380,1999-07-07,0,1.25,0.7990861626209723,0,
2381,1999-07-08,0,1.17,0.8015378706216463,0,
2382,1999-07-09,0,1.14,0.803968530148397,0,
2383,1999-07-12,0,1.0,0.806377778604427,0,
2384,1999-07-13,0,1.0,0.8087652533929395,0,
2385,1999-07-14,0,1.02,0.8111305919171325,0,
2386,1999-07-15,0,1.01,0.8134734315802109,0,
2387,1999-07-16,0,1.0,0.8157934097853735,0,
2388,1999-07-19,0,0.99,0.8180901639358231,0,
2389,1999-07-20,0,1.01,0.8203633314347617,0,
2390,1999-07-21,0,1.07,0.8226125496853895,0,
2391,1999-07-22,0,1.17,0.8248374560909095,0,
2392,1999-07-23,0,1.18,0.8270376880545209,0,
2393,1999-07-26,0,1.18,0.8292128829794271,0,
2394,1999-07-27,0,1.12,0.8313626782688298,0,
2395,1999-07-28,0,1.09,0.8334867113259287,0,
2396,1999-07-29,0,1.16,0.8355846195539275,0,
2397,1999-07-30,0,1.17,0.8376560403560256,0,
2398,1999-08-02,0,1.07,0.8397006111354255,0,
2399,1999-08-03,0,1.11,0.8417179692953293,0,
2400,1999-08-04,0,1.17,0.8437077522389371,0,
2401,1999-08-05,0,1.13,0.8456695973694519,0,
2402,1999-08-06,0,1.21,0.8476031420900739,0,
2403,1999-08-09,0,1.17,0.8495080238040045,0,
2404,1999-08-10,0,1.21,0.8513838799144471,0,
2405,1999-08-11,0,1.13,0.8532303478246006,0,
2406,1999-08-12,0,1.29,0.8550470649376688,0,
2407,1999-08-13,0,1.24,0.856833668656851,0,
2408,1999-08-16,0,1.14,0.8585897963853503,0,
2409,1999-08-17,0,1.05,0.8603150855263684,0,
2410,1999-08-18,0,1.12,0.8620091734831054,0,
2411,1999-08-19,0,1.14,0.8636716976587641,0,
2412,1999-08-20,0,1.04,0.8653022954565445,0,
2413,1999-08-23,0,0.87,0.8669006042796492,0,
2414,1999-08-24,0,0.85,0.8684662615312801,0,
2415,1999-08-25,0,0.8,0.8699989046146376,0,
2416,1999-08-26,0,0.82,0.8714981709329241,0,
2417,1999-08-27,0,0.86,0.8729636978893399,0,
2418,1999-08-30,0,0.94,0.8743951228870873,0,
2419,1999-08-31,0,1.0,0.8757920833293684,0,
2420,1999-09-01,0,1.02,0.8771542166193835,0,
2421,1999-09-02,0,1.11,0.8784811601603351,0,
2422,1999-09-03,0,0.96,0.8797725513554235,0,
2423,1999-09-07,0,1.1,0.8810280276078511,0,
2424,1999-09-08,0,1.09,0.8822472263208195,0,
2425,1999-09-09,0,1.16,0.8834297848975295,0,
2426,1999-09-10,0,1.12,0.8845753407411834,0,
2427,1999-09-13,0,1.12,0.8856835312549819,0,
2428,1999-09-14,0,1.12,0.8867539938421264,0,
2429,1999-09-15,0,1.19,0.8877863659058195,0,
2430,1999-09-16,0,1.2,0.8887802848492615,0,
2431,1999-09-17,0,1.2,0.8897353880756553,0,
2432,1999-09-20,0,1.1,0.8906513129882005,0,
2433,1999-09-21,0,1.15,0.8915276969900996,0,
2434,1999-09-22,0,1.08,0.8923641774845543,0,
2435,1999-09-23,0,1.04,0.8931603918747661,0,
2436,1999-09-24,0,0.96,0.8939159775639365,0,
2437,1999-09-27,0,0.96,0.8946305719552662,0,
2438,1999-09-28,0,1.04,0.8953038124519569,0,
2439,1999-09-29,0,1.13,0.8959353364572112,0,
2440,1999-09-30,0,1.02,0.896524781374229,0,
2441,1999-10-01,0,1.12,0.8970717846062132,0,
2442,1999-10-04,0,1.08,0.8975759835563646,0,
2443,1999-10-05,0,1.15,0.8980370156278846,0,
2444,1999-10-06,0,1.23,0.8984545182239752,0,
2445,1999-10-07,0,1.21,0.898828128747837,0,
2446,1999-10-08,0,1.21,0.8991574846026724,0,
2447,1999-10-12,0,1.14,0.8994422231916827,0,
2448,1999-10-13,0,1.13,0.8996819819180688,0,
2449,1999-10-14,0,1.15,0.8998763981850332,0,
2450,1999-10-15,0,1.04,0.900025109395776,0,
2451,1999-10-18,0,0.96,0.9001277529534998,0,
2452,1999-10-19,0,1.02,0.9001839662614061,0,
2453,1999-10-20,0,1.04,0.9001933867226958,0,
2454,1999-10-21,0,1.06,0.9001556517405709,0,
2455,1999-10-22,0,1.13,0.9000703987182322,0,
2456,1999-10-25,0,1.08,0.899937265058882,0,
2457,1999-10-26,0,1.08,0.8997558881657214,0,
2458,1999-10-27,0,1.05,0.8995259054419522,0,
2459,1999-10-28,0,1.0,0.8992469542907751,0,
2460,1999-10-29,0,0.89,0.8989186721153922,0,
2461,1999-11-01,0,0.89,0.8985406963190049,0,
2462,1999-11-02,0,0.9,0.8981126643048146,0,
2463,1999-11-03,0,0.88,0.8976342134760231,0,
2464,1999-11-04,0,0.85,0.8971049812358316,0,
2465,1999-11-05,0,0.78,0.8965246049874416,0,
2466,1999-11-08,0,0.75,0.8958927221340546,0,
2467,1999-11-09,0,0.77,0.8952089700788725,0,
2468,1999-11-10,0,0.79,0.894472986225096,0,
2469,1999-11-12,0,0.69,0.8936844079759265,0,
2470,1999-11-15,0,0.65,0.8928428727345671,0,
2471,1999-11-16,0,0.67,0.8919480179042174,0,
2472,1999-11-17,0,0.79,0.8909994808880801,0,
2473,1999-11-18,0,0.82,0.8899968990893565,0,
2474,1999-11-19,0,0.83,0.8889399099112474,0,
2475,1999-11-22,0,0.82,0.8878281507569545,0,
2476,1999-11-23,0,0.81,0.8866612590296794,0,
2477,1999-11-24,0,0.79,0.8854388721326247,0,
2478,1999-11-26,0,0.82,0.8841606274689905,0,
2479,1999-11-29,0,0.84,0.8828261624419783,0,
2480,1999-11-30,0,0.87,0.8814351144547906,0,
2481,1999-12-01,0,0.94,0.8799871209106277,0,
2482,1999-12-02,0,0.99,0.8784818192126918,0,
2483,1999-12-03,0,0.92,0.8769188467641852,0,
2484,1999-12-06,0,0.94,0.8752978409683069,0,
2485,1999-12-07,0,0.89,0.8736184392282609,0,
2486,1999-12-08,0,0.93,0.8718802789472473,0,
2487,1999-12-09,0,0.88,0.8700829975284685,0,
2488,1999-12-10,0,0.78,0.8682262323751253,0,
2489,1999-12-13,0,0.72,0.8663096208904193,0,
2490,1999-12-14,0,0.83,0.8643328004775526,0,
2491,1999-12-15,0,0.9,0.8622954085397245,0,
2492,1999-12-16,0,0.92,0.8601970824801399,0,
2493,1999-12-17,0,0.85,0.8580374597019985,0,
2494,1999-12-20,0,0.73,0.8558161776085011,0,
2495,1999-12-21,0,0.79,0.8535328736028505,0,
2496,1999-12-22,0,0.83,0.851187185088248,0,
2497,1999-12-23,0,0.94,0.8487787494678933,0,
2498,1999-12-27,0,0.93,0.8463072041449906,0,
2499,1999-12-28,0,1.01,0.8437721865227386,0,
2500,1999-12-29,0,1.17,0.8411733340043419,0,
2501,1999-12-30,0,1.17,0.8385102839930003,0,
2502,1999-12-31,0,1.12,0.8357826738919143,0,
2503,2000-01-03,0,1.09,0.8329901411042873,0,
2504,2000-01-04,0,1.06,0.8301323230333189,0,
2505,2000-01-05,0,1.17,0.8272088570822131,0,
2506,2000-01-06,0,1.16,0.8242193806541696,0,
2507,2000-01-07,0,1.13,0.8211635311523893,0,
2508,2000-01-10,0,1.15,0.8180409459800755,0,
2509,2000-01-11,0,1.24,0.8148512625404275,0,
2510,2000-01-12,0,1.26,0.8115941182366494,0,
2511,2000-01-13,0,1.21,0.8082691504719418,0,
2512,2000-01-14,0,1.28,0.8048761896905499,0,
2513,2000-01-18,0,1.19,0.8014158385009084,0,
2514,2000-01-19,0,1.22,0.7978888925524913,0,
2515,2000-01-20,0,1.3,0.7942961474947792,0,
2516,2000-01-21,0,1.32,0.7906383989772475,0,
2517,2000-01-24,0,1.14,0.7869164426493718,0,
2518,2000-01-25,0,1.12,0.7831310741606327,0,
2519,2000-01-26,0,1.11,0.779283089160504,0,
2520,2000-01-27,0,1.08,0.7753732832984666,0,
2521,2000-01-28,0,1.0,0.7714024522239955,0,
2522,2000-01-31,0,0.92,0.7673713915865668,0,
2523,2000-02-01,0,0.91,0.7632808970356608,0,
2524,2000-02-02,0,0.93,0.7591317642207511,0,
2525,2000-02-03,0,0.86,0.7549247887913191,0,
2526,2000-02-04,0,0.86,0.7506607663968394,0,
2527,2000-02-07,0,0.92,0.746340492686788,0,
2528,2000-02-08,0,0.89,0.7419647633106454,0,
2529,2000-02-09,0,0.89,0.7375343739178857,0,
2530,2000-02-10,0,1.0,0.7330501201579891,0,
2531,2000-02-11,0,0.96,0.7285127976804319,0,
2532,2000-02-14,0,0.87,0.7239232021346883,0,
2533,2000-02-15,0,0.8,0.7192821291702404,0,
2534,2000-02-16,0,0.82,0.7145903744365611,0,
2535,2000-02-17,0,0.83,0.7098487335831313,0,
2536,2000-02-18,0,0.74,0.7050580022594267,0,
2537,2000-02-22,0,0.54,0.7002189761149218,0,
2538,2000-02-23,0,0.62,0.6953324507990987,0,
2539,2000-02-24,0,0.55,0.6903992219614302,0,
2540,2000-02-25,0,0.57,0.685420085251398,0,
2541,2000-02-28,0,0.57,0.6803958363184767,0,
2542,2000-02-29,0,0.63,0.6753272708121416,0,
2543,2000-03-01,0,0.62,0.6702151843818736,0,
2544,2000-03-02,0,0.64,0.6650603726771468,0,
2545,2000-03-03,0,0.59,0.6598636313474421,0,
2546,2000-03-06,0,0.57,0.6546257560422349,0,
2547,2000-03-07,0,0.55,0.6493475424109996,0,
2548,2000-03-08,0,0.54,0.6440297861032184,0,
2549,2000-03-09,0,0.52,0.6386732827683635,0,
2550,2000-03-10,0,0.51,0.6332788280559176,0,
2551,2000-03-13,0,0.47,0.6278472176153548,0,
2552,2000-03-14,0,0.43,0.6223792470961502,0,
2553,2000-03-15,0,0.44,0.6168757121477859,0,
2554,2000-03-16,0,0.38,0.6113374084197344,0,
2555,2000-03-17,0,0.31,0.6057651315614773,0,
2556,2000-03-20,0,0.22,0.6001596772224901,0,
2557,2000-03-21,0,0.21,0.5945218410522465,0,
2558,2000-03-22,0,0.21,0.5888524187002299,0,
2559,2000-03-23,0,0.17,0.5831522058159119,0,
2560,2000-03-24,0,0.29,0.5774219980487747,0,
2561,2000-03-27,0,0.33,0.5716625910482934,0,
2562,2000-03-28,0,0.29,0.5658747804639421,0,
2563,2000-03-29,0,0.29,0.5600593619452034,0,
2564,2000-03-30,0,0.17,0.5542171311415494,0,
2565,2000-03-31,0,0.15,0.5483488837024628,0,
2566,2000-04-03,0,0.12,0.5424554152774177,0,
2567,2000-04-04,0,0.07,0.5365375215158892,0,
2568,2000-04-05,0,0.04,0.5305959980673594,0,
2569,2000-04-06,0,0.04,0.5246316405813004,0,
2570,2000-04-07,0,-0.04,0.5186452447071949,0,
2571,2000-04-10,0,-0.04,0.5126376060945169,0,
2572,2000-04-11,0,0.05,0.5066095203927415,0,
2573,2000-04-12,0,0.13,0.5005617832513513,0,
2574,2000-04-13,0,0.13,0.4944951903198181,0,
2575,2000-04-14,0,0.04,0.4884105372476243,0,
2576,2000-04-17,0,0.18,0.4823086196842443,0,
2577,2000-04-18,0,0.24,0.4761902332791529,0,
2578,2000-04-19,0,0.18,0.47005617368183256,0,
2579,2000-04-20,0,0.2,0.4639072365417552,0,
2580,2000-04-24,0,0.2,0.4577442175084038,0,
2581,2000-04-25,0,0.34,0.4515679122312525,0,
2582,2000-04-26,0,0.38,0.4453791163597756,0,
2583,2000-04-27,0,0.48,0.43917862554345627,0,
2584,2000-04-28,0,0.41,0.432967235431766,0,
2585,2000-05-01,0,0.29,0.42674574167418733,0,
2586,2000-05-02,0,0.4,0.4205149399201952,0,
2587,2000-05-03,0,0.49,0.41427562581926347,0,
2588,2000-05-04,0,0.55,0.4080285950208752,0,
2589,2000-05-05,0,0.54,0.40177464317450257,0,
2590,2000-05-08,0,0.37,0.3955145659296278,0,
2591,2000-05-09,0,0.39,0.3892491589357251,0,
2592,2000-05-10,0,0.33,0.3829792178422696,0,
2593,2000-05-11,0,0.29,0.3767055382987432,0,
2594,2000-05-12,0,0.37,0.37042891595461874,0,
2595,2000-05-15,0,0.21,0.36415014645937827,0,
2596,2000-05-16,0,0.22,0.35787002546249597,0,
2597,2000-05-17,0,0.43,0.35158934861344676,0,
2598,2000-05-18,0,0.63,0.3453089115617136,0,
2599,2000-05-19,0,0.62,0.33902950995676767,0,
2600,2000-05-22,0,0.43,0.33275193944809184,0,
2601,2000-05-23,0,0.44,0.3264769956851608,0,
2602,2000-05-24,0,0.54,0.32020547431744906,0,
2603,2000-05-25,0,0.54,0.3139381709944389,0,
2604,2000-05-26,0,0.5,0.30767588136560237,0,
2605,2000-05-30,0,0.5,0.3014194010804225,0,
2606,2000-05-31,0,0.66,0.2951695257883731,0,
2607,2000-06-01,0,0.46,0.2889270511389289,0,
2608,2000-06-02,0,0.28,0.2826927727815729,0,
2609,2000-06-05,0,0.13,0.2764674863657765,0,
2610,2000-06-06,0,0.14,0.27025198754102264,0,
2611,2000-06-07,0,0.2,0.2640470719567856,0,
2612,2000-06-08,0,0.21,0.25785353526254,0,
2613,2000-06-09,0,0.2,0.25167217310776857,0,
2614,2000-06-12,0,0.16,0.24550378114194282,0,
2615,2000-06-13,0,0.23,0.23934915501454593,0,
2616,2000-06-14,0,0.23,0.2332090903750518,0,
2617,2000-06-15,0,0.2,0.2270843828729354,0,
2618,2000-06-16,0,0.16,0.2209758281576791,0,
2619,2000-06-19,0,0.16,0.2148842218787551,0,
2620,2000-06-20,0,0.24,0.20881035968564543,0,
2621,2000-06-21,0,0.3,0.2027550372278249,0,
2622,2000-06-22,0,0.28,0.19671905015476834,0,
2623,2000-06-23,0,0.33,0.19070319411595804,0,
2624,2000-06-26,0,0.29,0.1847082647608658,0,
2625,2000-06-27,0,0.26,0.17873505773897447,0,
2626,2000-06-28,0,0.3,0.17278436869975816,0,
2627,2000-06-29,0,0.19,0.16685699329269213,0,
2628,2000-06-30,0,0.15,0.1609537271672583,0,
2629,2000-07-03,0,0.0,0.15507536597293142,0,
2630,2000-07-05,0,0.0,0.14922270535918608,0,
2631,2000-07-06,0,0.03,0.14339654097550522,0,
2632,2000-07-07,0,-0.03,0.1375976684713599,0,
2633,2000-07-10,0,-0.05,0.13182688349623317,0,
2634,2000-07-11,0,-0.04,0.1260849816995998,0,
2635,2000-07-12,0,-0.08,0.12037275873093421,0,
2636,2000-07-13,0,-0.16,0.11469101023971841,0,
2637,2000-07-14,0,-0.07,0.10904053187542483,0,
2638,2000-07-17,0,0.01,0.10342211928753615,0,
2639,2000-07-18,0,0.0,0.09783656812552648,0,
2640,2000-07-19,0,-0.01,0.09228467403887089,0,
2641,2000-07-20,0,-0.16,0.08676723267705151,0,
2642,2000-07-21,0,-0.12,0.08128503968954041,0,
2643,2000-07-24,0,-0.16,0.07583889072582026,0,
2644,2000-07-25,0,-0.16,0.07042958143536507,0,
2645,2000-07-26,0,-0.13,0.0650579074676503,0,
2646,2000-07-27,0,-0.2,0.05972466447215764,0,
2647,2000-07-28,0,-0.16,0.05443064809835968,0,
2648,2000-07-31,0,-0.22,0.049176653995738326,0,
2649,2000-08-01,0,-0.25,0.04396347781376855,0,
2650,2000-08-02,0,-0.26,0.038791915201925015,0,
2651,2000-08-03,0,-0.28,0.03366276180969016,0,
2652,2000-08-04,0,-0.32,0.028576813286535885,0,
2653,2000-08-07,0,-0.31,0.023534865281944234,0,
2654,2000-08-08,0,-0.33,0.018537713445390375,0,
2655,2000-08-09,0,-0.44,0.013586153426349001,0,
2656,2000-08-10,0,-0.49,0.008680980874301969,0,
2657,2000-08-11,0,-0.5,0.003822991438722223,0,
2658,2000-08-14,0,-0.48,-0.0009870192309091586,0,
2659,2000-08-15,0,-0.47,-0.005748255485116455,0,
2660,2000-08-16,0,-0.43,-0.010459921674424971,0,
2661,2000-08-17,0,-0.46,-0.015121222149353325,0,
2662,2000-08-18,0,-0.48,-0.019731361260428154,0,
2663,2000-08-21,0,-0.5,-0.024289543358168325,0,
2664,2000-08-22,0,-0.5,-0.028794972793098728,0,
2665,2000-08-23,0,-0.55,-0.03324685391574375,0,
2666,2000-08-24,0,-0.55,-0.03764439107662246,0,
2667,2000-08-25,0,-0.57,-0.04198678862626187,0,
2668,2000-08-28,0,-0.54,-0.04627325091518025,0,
2669,2000-08-29,0,-0.5,-0.05050298229390279,0,
2670,2000-08-30,0,-0.51,-0.05467518711295408,0,
2671,2000-08-31,0,-0.57,-0.058789069722852666,0,
2672,2000-09-01,0,-0.58,-0.06284383447412567,0,
2673,2000-09-05,0,-0.57,-0.06683868571729187,0,
2674,2000-09-06,0,-0.49,-0.07077282780287569,0,
2675,2000-09-07,0,-0.44,-0.07464546508140232,0,
2676,2000-09-08,0,-0.4,-0.07845580190339038,0,
2677,2000-09-11,0,-0.34,-0.08220304261936648,0,
2678,2000-09-12,0,-0.3,-0.08588639157984973,0,
2679,2000-09-13,0,-0.34,-0.08950505313536464,0,
2680,2000-09-14,0,-0.34,-0.0930582316364357,0,
2681,2000-09-15,0,-0.29,-0.09654513143358234,0,
2682,2000-09-18,0,-0.27,-0.09996495687733087,0,
2683,2000-09-19,0,-0.3,-0.10331691231820056,0,
2684,2000-09-20,0,-0.25,-0.10660020210671589,0,
2685,2000-09-21,0,-0.28,-0.10981403059340097,0,
2686,2000-09-22,0,-0.31,-0.1129576021287757,0,
2687,2000-09-25,0,-0.33,-0.11603012106336585,0,
2688,2000-09-26,0,-0.37,-0.11903079174769138,0,
2689,2000-09-27,0,-0.37,-0.12195881853227619,0,
2690,2000-09-28,0,-0.42,-0.12481340576764466,0,
2691,2000-09-29,0,-0.43,-0.12759375780431703,0,
2692,2000-10-02,0,-0.43,-0.13029907899281812,0,
2693,2000-10-03,0,-0.37,-0.13292857368366845,0,
2694,2000-10-04,0,-0.33,-0.1354814462273925,0,
2695,2000-10-05,0,-0.37,-0.13795690097451352,0,
2696,2000-10-06,0,-0.41,-0.14035414227555254,0,
2697,2000-10-10,0,-0.46,-0.14267237448103415,0,
2698,2000-10-11,0,-0.46,-0.14491080194147937,0,
2699,2000-10-12,0,-0.46,-0.14706862900741147,0,
2700,2000-10-13,0,-0.46,-0.14914506002935474,0,
2701,2000-10-16,0,-0.54,-0.15113929935782983,0,
2702,2000-10-17,0,-0.62,-0.15305055134336126,0,
2703,2000-10-18,0,-0.63,-0.1548780203364702,0,
2704,2000-10-19,0,-0.66,-0.15662091068768014,0,
2705,2000-10-20,0,-0.67,-0.15827842674751474,0,
2706,2000-10-23,0,-0.75,-0.1598497728664955,0,
2707,2000-10-24,0,-0.71,-0.16133415339514573,0,
2708,2000-10-25,0,-0.71,-0.16273077268398795,0,
2709,2000-10-26,0,-0.67,-0.164038835083545,0,
2710,2000-10-27,0,-0.62,-0.1652575449443402,0,
2711,2000-10-30,0,-0.64,-0.16638610661689546,0,
2712,2000-10-31,0,-0.61,-0.16742372445173465,0,
2713,2000-11-01,0,-0.62,-0.1683696027993794,0,
2714,2000-11-02,0,-0.62,-0.16922294601035287,0,
2715,2000-11-03,0,-0.54,-0.16998295843517824,0,
2716,2000-11-06,0,-0.54,-0.17064884442437778,0,
2717,2000-11-07,0,-0.54,-0.1712198083284745,0,
2718,2000-11-08,0,-0.54,-0.17169505449799116,0,
2719,2000-11-09,0,-0.58,-0.1720737872834504,0,
2720,2000-11-10,0,-0.54,-0.17235521103537543,0,
2721,2000-11-13,0,-0.62,-0.1725385301042885,0,
2722,2000-11-14,0,-0.61,-0.1726229488407125,0,
2723,2000-11-15,0,-0.66,-0.17260767159517043,0,
2724,2000-11-16,0,-0.67,-0.172491902718185,0,
2725,2000-11-17,0,-0.63,-0.17227484656027847,0,
2726,2000-11-20,0,-0.68,-0.1719557074719743,0,
2727,2000-11-21,0,-0.69,-0.1715336898037952,0,
2728,2000-11-22,0,-0.74,-0.17100799790626348,0,
2729,2000-11-24,0,-0.73,-0.17037783612990232,0,
2730,2000-11-27,0,-0.69,-0.1696424088252344,0,
2731,2000-11-28,0,-0.69,-0.16880092034278266,0,
2732,2000-11-29,0,-0.69,-0.16785257503306905,0,
2733,2000-11-30,0,-0.72,-0.16679657724661745,0,
2734,2000-12-01,0,-0.71,-0.16563213133395016,0,
2735,2000-12-04,0,-0.62,-0.16435844164558955,0,
2736,2000-12-05,0,-0.65,-0.16297471253205942,0,
2737,2000-12-06,0,-0.76,-0.16148014834388102,0,
2738,2000-12-07,0,-0.79,-0.15987395343157895,0,
2739,2000-12-08,0,-0.74,-0.158155332145675,0,
2740,2000-12-11,0,-0.71,-0.15632348883669112,0,
2741,2000-12-12,0,-0.69,-0.15437762785515208,0,
2742,2000-12-13,0,-0.76,-0.15231695355157804,0,
2743,2000-12-14,0,-0.82,-0.1501406702764948,0,
2744,2000-12-15,0,-0.81,-0.14784798238042318,0,
2745,2000-12-18,0,-0.78,-0.14543809421388565,0,
2746,2000-12-19,0,-0.73,-0.1429102101274068,0,
2747,2000-12-20,0,-0.74,-0.14026353447150686,0,
2748,2000-12-21,0,-0.34,-0.13749727159671166,0,
2749,2000-12-22,0,-0.25,-0.13461062585354222,0,
2750,2000-12-26,0,-0.8,-0.13160280159252002,0,
2751,2000-12-27,0,-0.63,-0.12847300316417076,0,
2752,2000-12-28,0,-0.74,-0.12522043491901602,0,
2753,2000-12-29,0,-0.76,-0.12184430120757639,0,
2754,2001-01-02,0,-0.95,-0.11834380638037811,0,
2755,2001-01-03,0,-0.55,-0.11471815478794112,0,
2756,2001-01-04,0,-0.33,-0.1109665507807911,0,
2757,2001-01-05,0,-0.19,-0.10708819870944875,0,
2758,2001-01-08,0,-0.25,-0.10308230292443576,0,
2759,2001-01-09,0,-0.25,-0.09894806777627851,0,
2760,2001-01-10,0,-0.19,-0.09468469761549525,0,
2761,2001-01-11,0,-0.16,-0.09029139679261367,0,
2762,2001-01-12,0,-0.08,-0.08576736965815401,0,
2763,2001-01-16,0,-0.13,-0.08111182056263655,0,
2764,2001-01-17,0,-0.16,-0.07632395385658908,0,
2765,2001-01-18,0,-0.16,-0.07140297389052974,0,
2766,2001-01-19,0,-0.04,-0.06634808501498579,0,
2767,2001-01-22,0,0.01,-0.0611584915804777,0,
2768,2001-01-23,0,0.05,-0.05583339793752551,0,
2769,2001-01-24,0,0.04,-0.05037200843665757,0,
2770,2001-01-25,0,0.0,-0.04477352742839158,0,
2771,2001-01-26,0,0.12,-0.03903715926325435,0,
2772,2001-01-29,0,0.2,-0.033162108291767134,0,
2773,2001-01-30,0,0.22,-0.027147578864449518,0,
2774,2001-01-31,0,0.2,-0.020992775331830416,0,
2775,2001-02-01,0,0.09,-0.014696902044425975,0,
2776,2001-02-02,0,0.11,-0.008259163352765997,0,
2777,2001-02-05,0,0.12,-0.0016787636073687384,0,
2778,2001-02-06,0,0.14,0.005045092841244547,0,
2779,2001-02-07,0,0.02,0.011913201642545945,0,
2780,2001-02-08,0,0.01,0.018926358446018532,0,
2781,2001-02-09,0,-0.02,0.02608535890113306,0,
2782,2001-02-12,0,0.0,0.033390998657370385,0,
2783,2001-02-13,0,0.02,0.040844073364210365,0,
2784,2001-02-14,0,0.05,0.048445378671124195,0,
2785,2001-02-15,0,0.11,0.05619571022759584,0,
2786,2001-02-16,0,0.09,0.06409586368309539,0,
2787,2001-02-20,0,0.07,0.07214663468710358,0,
2788,2001-02-21,0,0.12,0.08034881888910117,0,
2789,2001-02-22,0,0.14,0.08870321193855779,0,
2790,2001-02-23,0,0.2,0.09721060948495941,0,
2791,2001-02-26,0,0.24,0.1058714443513657,0,
2792,2001-02-27,0,0.13,0.11468469805521318,0,
2793,2001-02-28,0,0.07,0.12364898928753142,0,
2794,2001-03-01,0,0.03,0.13276293673933645,0,
2795,2001-03-02,0,0.11,0.14202515910166078,0,
2796,2001-03-05,0,0.16,0.15143427506552037,0,
2797,2001-03-06,0,0.2,0.16098890332194374,0,
2798,2001-03-07,0,0.22,0.1706876625619597,0,
2799,2001-03-08,0,0.2,0.18052917147658398,0,
2800,2001-03-09,0,0.23,0.19051204875684954,0,
2801,2001-03-12,0,0.25,0.20063491309377238,0,
2802,2001-03-13,0,0.29,0.21089638317838036,0,
2803,2001-03-14,0,0.29,0.22129507770170354,0,
2804,2001-03-15,0,0.29,0.23182961535475652,0,
2805,2001-03-16,0,0.24,0.24249861482857316,0,
2806,2001-03-19,0,0.29,0.2533006948141683,0,
2807,2001-03-20,0,0.29,0.2642344740025706,0,
2808,2001-03-21,0,0.46,0.2752985710848109,0,
2809,2001-03-22,0,0.47,0.28649160475190194,0,
2810,2001-03-23,0,0.5,0.29781219369487927,0,
2811,2001-03-26,0,0.55,0.30925895660475644,0,
2812,2001-03-27,0,0.65,0.3208305121725632,0,
2813,2001-03-28,0,0.62,0.33252547908932933,0,
2814,2001-03-29,0,0.66,0.3443424760460683,0,
2815,2001-03-30,0,0.62,0.3562801217338153,0,
2816,2001-04-02,1,0.76,0.3683370348435844,0,beg
2817,2001-04-03,1,0.79,0.3805118340664043,1,
2818,2001-04-04,1,0.84,0.3928031380933063,1,
2819,2001-04-05,1,0.87,0.4052095656153025,1,
2820,2001-04-06,1,0.94,0.41772973532342933,1,
2821,2001-04-09,1,0.99,0.4303622659086999,1,
2822,2001-04-10,1,1.14,0.44310577606214335,1,
2823,2001-04-11,1,1.04,0.4559588844747904,1,
2824,2001-04-12,1,1.16,0.4689202098376537,1,
2825,2001-04-16,1,1.12,0.4819883708417697,1,
2826,2001-04-17,1,1.08,0.49516198617815066,1,
2827,2001-04-18,1,1.22,0.5084396745378267,1,
2828,2001-04-19,1,1.39,0.5218200546118288,1,
2829,2001-04-20,1,1.52,0.5353017450911687,1,
2830,2001-04-23,1,1.45,0.5488833646668829,1,
2831,2001-04-24,1,1.42,0.5625635320299845,1,
2832,2001-04-25,1,1.44,0.5763408658715032,1,
2833,2001-04-26,1,1.37,0.5902139848824691,1,
2834,2001-04-27,1,1.48,0.6041815077538955,1,
2835,2001-04-30,1,1.39,0.6182420531768182,1,
2836,2001-05-01,1,1.38,0.6323942398422492,1,
2837,2001-05-02,1,1.41,0.6466366864412192,1,
2838,2001-05-03,1,1.38,0.6609680116647596,1,
2839,2001-05-04,1,1.46,0.6753868342038815,1,
2840,2001-05-07,1,1.46,0.6898917727496218,1,
2841,2001-05-08,1,1.54,0.7044814459929922,1,
2842,2001-05-09,1,1.48,0.7191544726250243,1,
2843,2001-05-10,1,1.56,0.7339094713367479,1,
2844,2001-05-11,1,1.73,0.7487450608191749,1,
2845,2001-05-14,1,1.75,0.7636598597633427,1,
2846,2001-05-15,1,1.87,0.7786524868602623,1,
2847,2001-05-16,1,1.91,0.7937215608009648,1,
2848,2001-05-17,1,1.89,0.8088657002764814,1,
2849,2001-05-18,1,1.8,0.8240835239778233,1,
2850,2001-05-21,1,1.76,0.8393736505960276,1,
2851,2001-05-22,1,1.77,0.8547346988221062,1,
2852,2001-05-23,1,1.77,0.870165287347089,1,
2853,2001-05-24,1,1.81,0.8856640348620085,1,
2854,2001-05-25,1,1.85,0.9012295600578745,1,
2855,2001-05-29,1,1.83,0.9168604816257251,1,
2856,2001-05-30,1,1.86,0.9325554182565714,1,
2857,2001-05-31,1,1.79,0.9483129886414449,1,
2858,2001-06-01,1,1.71,0.964131811471376,1,
2859,2001-06-04,1,1.66,0.9800105054373758,1,
2860,2001-06-05,1,1.66,0.995947689230483,1,
2861,2001-06-06,1,1.64,1.0119419815417068,1,
2862,2001-06-07,1,1.7,1.0279920010620793,1,
2863,2001-06-08,1,1.73,1.0440963664826326,1,
2864,2001-06-11,1,1.72,1.0602536964943758,1,
2865,2001-06-12,1,1.7,1.0764626097883478,1,
2866,2001-06-13,1,1.73,1.0927217250555592,1,
2867,2001-06-14,1,1.69,1.1090296609870414,1,
2868,2001-06-15,1,1.74,1.1253850362738254,1,
2869,2001-06-18,1,1.74,1.1417864696069215,1,
2870,2001-06-19,1,1.75,1.1582325796773687,1,
2871,2001-06-20,1,1.75,1.174721985176177,1,
2872,2001-06-21,1,1.71,1.1912533047943776,1,
2873,2001-06-22,1,1.68,1.207825157223002,1,
2874,2001-06-25,1,1.7,1.2244361611530612,1,
2875,2001-06-26,1,1.78,1.2410849352755935,1,
2876,2001-06-27,1,1.73,1.2577700982816078,1,
2877,2001-06-28,1,1.7,1.2744902688621367,1,
2878,2001-06-29,1,1.77,1.2912440657082116,1,
2879,2001-07-02,1,1.7,1.3080301075108425,1,
2880,2001-07-03,1,1.75,1.3248470129610683,1,
2881,2001-07-05,1,1.79,1.341693400749899,1,
2882,2001-07-06,1,1.78,1.3585678895683653,1,
2883,2001-07-09,1,1.72,1.3754690981075006,1,
2884,2001-07-10,1,1.69,1.392395645058313,1,
2885,2001-07-11,1,1.72,1.409346149111835,1,
2886,2001-07-12,1,1.66,1.4263192289590982,1,
2887,2001-07-13,1,1.64,1.4433135032911124,1,
2888,2001-07-16,1,1.56,1.460327590798917,1,
2889,2001-07-17,1,1.61,1.4773601101735205,1,
2890,2001-07-18,1,1.58,1.4944096801059554,1,
2891,2001-07-19,1,1.58,1.511474919287254,1,
2892,2001-07-20,1,1.62,1.528554446408425,1,
2893,2001-07-23,1,1.56,1.5456468801605083,1,
2894,2001-07-24,1,1.56,1.5627508392345126,1,
2895,2001-07-25,1,1.64,1.5798649423214701,1,
2896,2001-07-26,1,1.63,1.5969878081124134,1,
2897,2001-07-27,1,1.58,1.6141180552983507,1,
2898,2001-07-30,1,1.54,1.6312543025703237,1,
2899,2001-07-31,1,1.53,1.6483951686193374,1,
2900,2001-08-01,1,1.58,1.6655392721364273,1,
2901,2001-08-02,1,1.64,1.682685231812625,1,
2902,2001-08-03,1,1.68,1.699831666338938,1,
2903,2001-08-06,1,1.67,1.716977194406408,1,
2904,2001-08-07,1,1.68,1.7341204347060422,1,
2905,2001-08-08,1,1.5,1.7512600059288743,1,
2906,2001-08-09,1,1.59,1.7683945267659353,1,
2907,2001-08-10,1,1.56,1.7855226159082347,1,
2908,2001-08-13,1,1.51,1.802642892046812,1,
2909,2001-08-14,1,1.53,1.8197539738726756,1,
2910,2001-08-15,1,1.56,1.8368544800768587,1,
2911,2001-08-16,1,1.56,1.8539430293503931,1,
2912,2001-08-17,1,1.48,1.8710182403842879,1,
2913,2001-08-20,1,1.49,1.888078731869582,1,
2914,2001-08-21,1,1.48,1.9051231224972849,1,
2915,2001-08-22,1,1.53,1.922150030958429,1,
2916,2001-08-23,1,1.48,1.9391580759440459,1,
2917,2001-08-24,1,1.5,1.9561458761451453,1,
2918,2001-08-27,1,1.49,1.9731120502527655,1,
2919,2001-08-28,1,1.43,1.9900552169579169,1,
2920,2001-08-29,1,1.36,2.006973994951632,1,
2921,2001-08-30,1,1.43,2.0238670029249413,1,
2922,2001-08-31,1,1.47,2.0407328595688545,1,
2923,2001-09-04,1,1.55,2.0575701835744113,1,
2924,2001-09-05,1,1.55,2.074377593632621,1,
2925,2001-09-06,1,1.52,2.0911537084345153,1,
2926,2001-09-07,1,1.52,2.1078971466711276,1,
2927,2001-09-10,1,1.58,2.124606527033464,1,
2928,2001-09-13,1,1.89,2.1412804682125666,1,
2929,2001-09-14,1,1.93,2.1579175888994446,1,
2930,2001-09-17,1,2.04,2.1745165077851283,1,
2931,2001-09-18,1,2.23,2.191075843560651,1,
2932,2001-09-19,1,2.5,2.2075942149170213,1,
2933,2001-09-20,1,2.52,2.224070240545279,1,
2934,2001-09-21,1,2.45,2.2405025391364335,1,
2935,2001-09-24,1,2.35,2.2568897293815167,1,
2936,2001-09-25,1,2.31,2.2732304299715604,1,
2937,2001-09-26,1,2.27,2.289523259597574,1,
2938,2001-09-27,1,2.2,2.3057668369505966,1,
2939,2001-09-28,1,2.19,2.3219597807216377,1,
2940,2001-10-01,1,2.17,2.338100709601729,1,
2941,2001-10-02,1,2.27,2.3541882422819036,1,
2942,2001-10-03,1,2.27,2.370220997453169,1,
2943,2001-10-04,1,2.32,2.3861975938065663,1,
2944,2001-10-05,1,2.32,2.4021166500331046,1,
2945,2001-10-09,1,2.4,2.417976784823814,1,
2946,2001-10-10,1,2.39,2.433776616869729,1,
2947,2001-10-11,1,2.42,2.4495147648618567,1,
2948,2001-10-12,1,2.42,2.4651898474912377,1,
2949,2001-10-15,1,2.37,2.4808004834488813,1,
2950,2001-10-16,1,2.36,2.4963452914258193,1,
2951,2001-10-17,1,2.36,2.511822890113083,1,
2952,2001-10-18,1,2.39,2.5272318982016824,1,
2953,2001-10-19,1,2.44,2.5425709343826566,1,
2954,2001-10-22,1,2.4,2.557838617347016,1,
2955,2001-10-23,1,2.46,2.573033565785791,1,
2956,2001-10-24,1,2.44,2.5881543983900137,1,
2957,2001-10-25,1,2.41,2.6031997338506945,1,
2958,2001-10-26,1,2.39,2.6181681908588716,1,
2959,2001-10-29,1,2.41,2.633058388105556,1,
2960,2001-10-30,1,2.39,2.647868944281778,1,
2961,2001-10-31,1,2.25,2.6625984780785696,1,
2962,2001-11-01,1,2.18,2.6772456081869405,1,
2963,2001-11-02,1,2.36,2.691808953297931,1,
2964,2001-11-05,1,2.29,2.70628713210255,1,
2965,2001-11-06,1,2.44,2.7206787632918275,1,
2966,2001-11-07,1,2.42,2.734982465556797,1,
2967,2001-11-08,1,2.48,2.7491968575884687,1,
2968,2001-11-09,1,2.5,2.7633205580778806,1,
2969,2001-11-13,1,2.57,2.7773521857160435,1,
2970,2001-11-14,1,2.67,2.7912903591939884,1,
2971,2001-11-15,1,2.87,2.805133697202746,1,
2972,2001-11-16,1,2.96,2.818880818433328,1,
2973,2001-11-19,1,2.86,2.83253034157677,1,
2974,2001-11-20,1,2.93,2.8460808853240867,1,
2975,2001-11-21,1,3.02,2.8595310683663078,1,
2976,2001-11-23,1,3.09,2.872879509394461,1,
2977,2001-11-26,1,3.07,2.8861248270995628,1,
2978,2001-11-27,1,3.06,2.899265640172647,1,
2979,2001-11-28,1,3.11,2.9123005673047277,1,
2980,2001-11-29,1,2.99,2.925228227186833,1,
2981,2001-11-30,1,3.0,2.938047238509993,1,
2982,2001-12-03,0,2.97,2.9507562199652235,1,end
2983,2001-12-04,0,2.96,2.9633537902435596,0,
2984,2001-12-05,0,3.15,2.975838568036011,0,
2985,2001-12-06,0,3.29,2.988209172033611,0,
2986,2001-12-07,0,3.51,3.0004642209273893,0,
2987,2001-12-10,0,3.46,3.012602333408358,0,
2988,2001-12-11,0,3.47,3.024622128167552,0,
2989,2001-12-12,0,3.34,3.0365222238959877,0,
2990,2001-12-13,0,3.44,3.0483012392846924,0,
2991,2001-12-14,0,3.51,3.0599577930246946,0,
2992,2001-12-17,0,3.51,3.071490503807012,0,
2993,2001-12-18,0,3.45,3.082897990322677,0,
2994,2001-12-19,0,3.39,3.094178871262704,0,
2995,2001-12-20,0,3.39,3.105331765318122,0,
2996,2001-12-21,0,3.41,3.1163552911799606,0,
2997,2001-12-24,0,3.46,3.127248067539236,0,
2998,2001-12-26,0,3.47,3.1380087130869794,0,
2999,2001-12-27,0,3.38,3.1486358465142072,0,
3000,2001-12-28,0,3.43,3.15912808651195,0,
3001,2001-12-31,0,3.33,3.1694840517712337,0,
3002,2002-01-02,0,3.46,3.1797023609830757,0,
3003,2002-01-03,0,3.43,3.189781632838508,0,
3004,2002-01-04,0,3.46,3.1997204860285473,0,
3005,2002-01-07,0,3.41,3.2095175392442217,0,
3006,2002-01-08,0,3.42,3.21917141117656,0,
3007,2002-01-09,0,3.42,3.2286807205165786,0,
3008,2002-01-10,0,3.32,3.2380440859553055,0,
3009,2002-01-11,0,3.34,3.247260126183769,0,
3010,2002-01-14,0,3.33,3.2563274598929857,0,
3011,2002-01-15,0,3.28,3.2652447057739895,0,
3012,2002-01-16,0,3.26,3.274010482517794,0,
3013,2002-01-17,0,3.34,3.2826234088154287,0,
3014,2002-01-18,0,3.32,3.2910821033579234,0,
3015,2002-01-22,0,3.26,3.2993851848362916,0,
3016,2002-01-23,0,3.34,3.3075312719415684,0,
3017,2002-01-24,0,3.35,3.3155189833647682,0,
3018,2002-01-25,0,3.38,3.323346937796921,0,
3019,2002-01-28,0,3.36,3.3310137539290547,0,
3020,2002-01-29,0,3.3,3.338518050452185,0,
3021,2002-01-30,0,3.26,3.345858446057345,0,
3022,2002-01-31,0,3.31,3.3530335594355503,0,
3023,2002-02-01,0,3.26,3.36004200927783,0,
3024,2002-02-04,0,3.17,3.3668824142752127,0,
3025,2002-02-05,0,3.16,3.3735533931187147,0,
3026,2002-02-06,0,3.18,3.3800535644993666,0,
3027,2002-02-07,0,3.2,3.3863815471081886,0,
3028,2002-02-08,0,3.17,3.392535959636205,0,
3029,2002-02-11,0,3.16,3.3985154207744457,0,
3030,2002-02-12,0,3.22,3.4043185492139276,0,
3031,2002-02-13,0,3.25,3.409943963645682,0,
3032,2002-02-14,0,3.2,3.4153902827607276,0,
3033,2002-02-15,0,3.12,3.4206561252500913,0,
3034,2002-02-19,0,3.12,3.4257401098047993,0,
3035,2002-02-20,0,3.12,3.4306408551158727,0,
3036,2002-02-21,0,3.12,3.435356979874338,0,
3037,2002-02-22,0,3.08,3.4398871027712183,0,
3038,2002-02-25,0,3.09,3.444229842497537,0,
3039,2002-02-26,0,3.15,3.4483838177443236,0,
3040,2002-02-27,0,3.07,3.452347647202596,0,
3041,2002-02-28,0,3.09,3.456119949563384,0,
3042,2002-03-01,0,3.21,3.459699343517707,0,
3043,2002-03-04,0,3.2,3.4630844477565916,0,
3044,2002-03-05,0,3.22,3.466273880971065,0,
3045,2002-03-06,0,3.27,3.469266261852147,0,
3046,2002-03-07,0,3.43,3.472060209090864,0,
3047,2002-03-08,0,3.52,3.4746543413782423,0,
3048,2002-03-11,0,3.47,3.477047277405302,0,
3049,2002-03-12,0,3.48,3.479237635863071,0,
3050,2002-03-13,0,3.46,3.4812240354425725,0,
3051,2002-03-14,0,3.54,3.483005094834831,0,
3052,2002-03-15,0,3.48,3.48457943273087,0,
3053,2002-03-18,0,3.44,3.485945667821715,0,
3054,2002-03-19,0,3.48,3.48710241879839,0,
3055,2002-03-20,0,3.56,3.4880483043519197,0,
3056,2002-03-21,0,3.55,3.488781943173329,0,
3057,2002-03-22,0,3.56,3.4893019539536407,0,
3058,2002-03-25,0,3.56,3.4896069553838798,0,
3059,2002-03-26,0,3.53,3.4896955661550706,0,
3060,2002-03-27,0,3.53,3.4895664049582384,0,
3061,2002-03-28,0,3.63,3.489218090484407,0,
3062,2002-04-01,0,3.65,3.4886492414246004,0,
3063,2002-04-02,0,3.56,3.487858476469843,0,
3064,2002-04-03,0,3.51,3.4868444143111588,0,
3065,2002-04-04,0,3.5,3.4856056736395744,0,
3066,2002-04-05,0,3.46,3.484140873146112,0,
3067,2002-04-08,0,3.5,3.4824486315217964,0,
3068,2002-04-09,0,3.49,3.480527567457653,0,
3069,2002-04-10,0,3.53,3.478376299644704,0,
3070,2002-04-11,0,3.5,3.475994214971665,0,
3071,2002-04-12,0,3.47,3.473383773118001,0,
3072,2002-04-15,0,3.43,3.470548201960866,0,
3073,2002-04-16,0,3.46,3.4674907293774195,0,
3074,2002-04-17,0,3.51,3.464214583244812,0,
3075,2002-04-18,0,3.51,3.460722991440202,0,
3076,2002-04-19,0,3.48,3.457019181840743,0,
3077,2002-04-22,0,3.47,3.4531063823235915,0,
3078,2002-04-23,0,3.45,3.448987820765903,0,
3079,2002-04-24,0,3.39,3.444666725044829,0,
3080,2002-04-25,0,3.35,3.4401463230375313,0,
3081,2002-04-26,0,3.33,3.4354298426211582,0,
3082,2002-04-29,0,3.34,3.4305205116728694,0,
3083,2002-04-30,0,3.34,3.42542155806982,0,
3084,2002-05-01,0,3.31,3.420136209689162,0,
3085,2002-05-02,0,3.36,3.4146676944080547,0,
3086,2002-05-03,0,3.32,3.4090192401036488,0,
3087,2002-05-06,0,3.31,3.403194074653105,0,
3088,2002-05-07,0,3.33,3.397195425933576,0,
3089,2002-05-08,0,3.48,3.391026521822214,0,
3090,2002-05-09,0,3.43,3.384690590196179,0,
3091,2002-05-10,0,3.38,3.378190858932622,0,
3092,2002-05-13,0,3.44,3.371530555908703,0,
3093,2002-05-14,0,3.54,3.3647129090015753,0,
3094,2002-05-15,0,3.52,3.3577411460883906,0,
3095,2002-05-16,0,3.45,3.350618495046309,0,
3096,2002-05-17,0,3.51,3.343348183752482,0,
3097,2002-05-20,0,3.44,3.3359334400840694,0,
3098,2002-05-21,0,3.43,3.3283774919182245,0,
3099,2002-05-22,0,3.38,3.3206835671320976,0,
3100,2002-05-23,0,3.42,3.312854893602852,0,
3101,2002-05-24,0,3.42,3.304894699207635,0,
3102,2002-05-28,0,3.39,3.2968062118236094,0,
3103,2002-05-29,0,3.36,3.2885926593279278,0,
3104,2002-05-30,0,3.3,3.2802572695977403,0,
3105,2002-05-31,0,3.34,3.2718032705102105,0,
3106,2002-06-03,0,3.28,3.263233889942486,0,
3107,2002-06-04,0,3.28,3.2545523557717284,0,
3108,2002-06-05,0,3.33,3.2457618958750913,0,
3109,2002-06-06,0,3.3,3.236865738129725,0,
3110,2002-06-07,0,3.35,3.227867110412792,0,
3111,2002-06-10,0,3.31,3.2187692406014388,0,
3112,2002-06-11,0,3.26,3.2095753565728313,0,
3113,2002-06-12,0,3.24,3.2002886862041207,0,
3114,2002-06-13,0,3.22,3.190912457372454,0,
3115,2002-06-14,0,3.12,3.181449897954999,0,
3116,2002-06-17,0,3.14,3.171904235828902,0,
3117,2002-06-18,0,3.15,3.1622786988713245,0,
3118,2002-06-19,0,3.05,3.15257651495942,0,
3119,2002-06-20,0,3.11,3.1428009119703373,0,
3120,2002-06-21,0,3.07,3.1329551177812403,0,
3121,2002-06-24,0,3.13,3.1230423602692774,0,
3122,2002-06-25,0,3.15,3.113065867311612,0,
3123,2002-06-26,0,3.05,3.1030288667853942,0,
3124,2002-06-27,0,3.13,3.0929345865677758,0,
3125,2002-06-28,0,3.16,3.08278625453592,0,
3126,2002-07-01,0,3.13,3.0725870985669728,0,
3127,2002-07-02,0,3.05,3.0623403465381,0,
3128,2002-07-03,0,3.06,3.0520492263264507,0,
3129,2002-07-05,0,3.18,3.0417169658091763,0,
3130,2002-07-08,0,3.11,3.0313467928634417,0,
3131,2002-07-09,0,3.06,3.0209419353663924,0,
3132,2002-07-10,0,2.94,3.010505621195193,0,
3133,2002-07-11,0,2.94,3.0000410782269937,0,
3134,2002-07-12,0,2.92,2.989551534338945,0,
3135,2002-07-15,0,2.94,2.9790402174082127,0,
3136,2002-07-16,0,3.03,2.9685103553119414,0,
3137,2002-07-17,0,2.99,2.9579651759272965,0,
3138,2002-07-18,0,2.94,2.9474079071314283,0,
3139,2002-07-19,0,2.9,2.9368417768014865,0,
3140,2002-07-22,0,2.8,2.926270012814637,0,
3141,2002-07-23,0,2.76,2.9156958430480295,0,
3142,2002-07-24,0,2.8,2.9051224953788153,0,
3143,2002-07-25,0,2.72,2.8945531976841594,0,
3144,2002-07-26,0,2.74,2.8839911778412057,0,
3145,2002-07-29,0,2.9,2.873439663727121,0,
3146,2002-07-30,0,2.93,2.8629018832190547,0,
3147,2002-07-31,0,2.8,2.8523810641941565,0,
3148,2002-08-01,0,2.79,2.841880434529593,0,
3149,2002-08-02,0,2.7,2.8314032221025087,0,
3150,2002-08-05,0,2.65,2.8209526547900694,0,
3151,2002-08-06,0,2.77,2.810531960469424,0,
3152,2002-08-07,0,2.76,2.8001443670177237,0,
3153,2002-08-08,0,2.78,2.7897931023121347,0,
3154,2002-08-09,0,2.64,2.7794813942298005,0,
3155,2002-08-12,0,2.54,2.7692124706478864,0,
3156,2002-08-13,0,2.49,2.758989559443544,0,
3157,2002-08-14,0,2.42,2.7488158884939238,0,
3158,2002-08-15,0,2.54,2.7386946856761885,0,
3159,2002-08-16,0,2.7,2.728629178867486,0,
3160,2002-08-19,0,2.62,2.71862259594498,0,
3161,2002-08-20,0,2.54,2.7086781647858214,0,
3162,2002-08-21,0,2.57,2.69879911326716,0,
3163,2002-08-22,0,2.65,2.6889886692661613,0,
3164,2002-08-23,0,2.6,2.6792500606599714,0,
3165,2002-08-26,0,2.54,2.6695865153257534,0,
3166,2002-08-27,0,2.61,2.6600012611406587,0,
3167,2002-08-28,0,2.54,2.650497525981839,0,
3168,2002-08-29,0,2.48,2.6410785377264574,0,
3169,2002-08-30,0,2.44,2.6317475242516606,0,
3170,2002-09-03,0,2.34,2.622507713434612,0,
3171,2002-09-04,0,2.33,2.6133623331524634,0,
3172,2002-09-05,0,2.29,2.604314611282366,0,
3173,2002-09-06,0,2.38,2.5953677757014817,0,
3174,2002-09-09,0,2.36,2.5865250542869593,0,
3175,2002-09-10,0,2.32,2.5777896749159623,0,
3176,2002-09-11,0,2.38,2.56916486546564,0,
3177,2002-09-12,0,2.29,2.560653853813146,0,
3178,2002-09-13,0,2.23,2.5522598678356414,0,
3179,2002-09-16,0,2.19,2.543986135410274,0,
3180,2002-09-17,0,2.17,2.535835884414208,0,
3181,2002-09-18,0,2.17,2.5278123427245935,0,
3182,2002-09-19,0,2.14,2.519918738218584,0,
3183,2002-09-20,0,2.14,2.5121582987733397,0,
3184,2002-09-23,0,2.05,2.504534252266009,0,
3185,2002-09-24,0,2.04,2.4970498265737566,0,
3186,2002-09-25,0,2.11,2.489708249573731,0,
3187,2002-09-26,0,2.14,2.482512749143085,0,
3188,2002-09-27,0,2.06,2.4754665531589826,0,
3189,2002-09-30,0,2.05,2.46857288949857,0,
3190,2002-10-01,0,2.13,2.46183498603901,0,
3191,2002-10-02,0,2.13,2.4552560706574544,0,
3192,2002-10-03,0,2.13,2.448839371231056,0,
3193,2002-10-04,0,2.08,2.442588115636976,0,
3194,2002-10-07,0,2.01,2.4365055317523625,0,
3195,2002-10-08,0,2.04,2.430594847454377,0,
3196,2002-10-09,0,2.04,2.424859290620172,0,
3197,2002-10-10,0,2.1,2.4193020891269015,0,
3198,2002-10-11,0,2.25,2.413926470851724,0,
3199,2002-10-15,0,2.39,2.4087356636717905,0,
3200,2002-10-16,0,2.39,2.403732895464261,0,
3201,2002-10-17,0,2.49,2.3989213941062886,0,
3202,2002-10-18,0,2.46,2.3943043874750267,0,
3203,2002-10-21,0,2.53,2.389885103447633,0,
3204,2002-10-22,0,2.57,2.385666769901261,0,
3205,2002-10-23,0,2.58,2.3816526147130688,0,
3206,2002-10-24,0,2.51,2.3778458657602086,0,
3207,2002-10-25,0,2.48,2.3742497509198355,0,
3208,2002-10-28,0,2.5,2.370867498069108,0,
3209,2002-10-29,0,2.46,2.367702335085178,0,
3210,2002-10-30,0,2.48,2.364756597375443,0,
3211,2002-10-31,0,2.49,2.362029050468257,0,
3212,2002-11-01,0,2.58,2.359517567422215,0,
3213,2002-11-04,0,2.64,2.357220021295913,0,
3214,2002-11-05,0,2.68,2.355134285147944,0,
3215,2002-11-06,0,2.86,2.353258232036905,0,
3216,2002-11-07,0,2.66,2.351589735021392,0,
3217,2002-11-08,0,2.63,2.3501266671599974,0,
3218,2002-11-12,0,2.62,2.348866901511318,0,
3219,2002-11-13,0,2.63,2.3478083111339485,0,
3220,2002-11-14,0,2.81,2.3469487690864836,0,
3221,2002-11-15,0,2.83,2.3462861484275193,0,
3222,2002-11-18,0,2.78,2.3458183222156492,0,
3223,2002-11-19,0,2.78,2.3455431635094706,0,
3224,2002-11-20,0,2.86,2.345458545367577,0,
3225,2002-11-21,0,2.92,2.345562340848563,0,
3226,2002-11-22,0,2.95,2.345852423011025,0,
3227,2002-11-25,0,2.95,2.346326664913558,0,
3228,2002-11-26,0,2.86,2.3469829396147555,0,
3229,2002-11-27,0,3.03,2.347819120173215,0,
3230,2002-11-29,0,3.0,2.3488330796475294,0,
3231,2002-12-02,0,2.97,2.3500226910962954,0,
3232,2002-12-03,0,3.01,2.351385827578107,0,
3233,2002-12-04,0,2.96,2.35292036215156,0,
3234,2002-12-05,0,2.91,2.354624167875249,0,
3235,2002-12-06,0,2.88,2.3564951178077695,0,
3236,2002-12-09,0,2.82,2.3585310850077152,0,
3237,2002-12-10,0,2.84,2.3607299425336845,0,
3238,2002-12-11,0,2.8,2.3630895634442686,0,
3239,2002-12-12,0,2.8,2.3656078207980658,0,
3240,2002-12-13,0,2.86,2.368282587653668,0,
3241,2002-12-16,0,2.92,2.3711117370696724,0,
3242,2002-12-17,0,2.91,2.374093142104675,0,
3243,2002-12-18,0,2.84,2.377224675817268,0,
3244,2002-12-19,0,2.75,2.3805042112660497,0,
3245,2002-12-20,0,2.76,2.383929621509612,0,
3246,2002-12-23,0,2.79,2.387498779606551,0,
3247,2002-12-24,0,2.76,2.391209558615465,0,
3248,2002-12-26,0,2.75,2.395059831594944,0,
3249,2002-12-27,0,2.67,2.3990474716035872,0,
3250,2002-12-30,0,2.59,2.4031703516999867,0,
3251,2002-12-31,0,2.61,2.407426344942738,0,
3252,2003-01-02,0,2.85,2.41181332439044,0,
3253,2003-01-03,0,2.83,2.416329163101682,0,
3254,2003-01-06,0,2.88,2.420971734135065,0,
3255,2003-01-07,0,2.85,2.4257389105491782,0,
3256,2003-01-08,0,2.81,2.4306285654026194,0,
3257,2003-01-09,0,2.99,2.4356385717539863,0,
3258,2003-01-10,0,2.96,2.440766802661869,0,
3259,2003-01-13,0,2.94,2.4460111311848673,0,
3260,2003-01-14,0,2.9,2.4513694303815727,0,
3261,2003-01-15,0,2.89,2.4568395733105803,0,
3262,2003-01-16,0,2.92,2.4624194330304894,0,
3263,2003-01-17,0,2.87,2.46810688259989,0,
3264,2003-01-21,0,2.82,2.473899795077379,0,
3265,2003-01-22,0,2.78,2.4797960435215547,0,
3266,2003-01-23,0,2.81,2.4857935009910066,0,
3267,2003-01-24,0,2.78,2.491890040544335,0,
3268,2003-01-27,0,2.81,2.498083535240131,0,
3269,2003-01-28,0,2.82,2.5043718581369903,0,
3270,2003-01-29,0,2.88,2.5107528822935117,0,
3271,2003-01-30,0,2.82,2.517224480768285,0,
3272,2003-01-31,0,2.82,2.5237845266199113,0,
3273,2003-02-03,0,2.83,2.530430892906978,0,
3274,2003-02-04,0,2.8,2.537161452688085,0,
3275,2003-02-05,0,2.84,2.5439740790218304,0,
3276,2003-02-06,0,2.8,2.5508666449668014,0,
3277,2003-02-07,0,2.79,2.557837023581601,0,
3278,2003-02-10,0,2.82,2.5648830879248177,0,
3279,2003-02-11,0,2.8,2.5720027110550494,0,
3280,2003-02-12,0,2.75,2.579193766030894,0,
3281,2003-02-13,0,2.72,2.5864541259109415,0,
3282,2003-02-14,0,2.77,2.5937816637537923,0,
3283,2003-02-18,0,2.75,2.6011742526180353,0,
3284,2003-02-19,0,2.7,2.6086297655622683,0,
3285,2003-02-20,0,2.66,2.6161460756450903,0,
3286,2003-02-21,0,2.71,2.6237210559250896,0,
3287,2003-02-24,0,2.65,2.63135257946087,0,
3288,2003-02-25,0,2.61,2.6390385193110157,0,
3289,2003-02-26,0,2.57,2.646776748534128,0,
3290,2003-02-27,0,2.54,2.6545651401888057,0,
3291,2003-02-28,0,2.5,2.662401567333635,0,
3292,2003-03-03,0,2.48,2.670283903027219,0,
3293,2003-03-04,0,2.46,2.6782100203281467,0,
3294,2003-03-05,0,2.45,2.686177792295015,0,
3295,2003-03-06,0,2.49,2.694185091986425,0,
3296,2003-03-07,0,2.5,2.7022297924609604,0,
3297,2003-03-10,0,2.5,2.7103097667772285,0,
3298,2003-03-11,0,2.5,2.7184228879938135,0,
3299,2003-03-12,0,2.5,2.726567029169315,0,
3300,2003-03-13,0,2.62,2.734740063362333,0,
3301,2003-03-14,0,2.59,2.7429398636314537,0,
3302,2003-03-17,0,2.67,2.7511643030352806,0,
3303,2003-03-18,0,2.77,2.759411254632402,0,
3304,2003-03-19,0,2.82,2.767678591481415,0,
3305,2003-03-20,0,2.84,2.775964186640918,0,
3306,2003-03-21,0,2.93,2.7842659131695,0,
3307,2003-03-24,0,2.81,2.792581644125764,0,
3308,2003-03-25,0,2.79,2.8009092525682973,0,
3309,2003-03-26,0,2.78,2.8092466115556975,0,
3310,2003-03-27,0,2.79,2.8175915941465646,0,
3311,2003-03-28,0,2.78,2.8259420733994856,0,
3312,2003-03-31,0,2.69,2.834295922373064,0,
3313,2003-04-01,0,2.72,2.8426510141258863,0,
3314,2003-04-02,0,2.81,2.8510052217165507,0,
3315,2003-04-03,0,2.82,2.859356418203659,0,
3316,2003-04-04,0,2.84,2.8677024766457957,0,
3317,2003-04-07,0,2.86,2.8760412701015654,0,
3318,2003-04-08,0,2.8,2.884370671629554,0,
3319,2003-04-09,0,2.8,2.892688554288362,0,
3320,2003-04-10,0,2.81,2.900992791136587,0,
3321,2003-04-11,0,2.83,2.9092812552328167,0,
3322,2003-04-14,0,2.84,2.917551819635655,0,
3323,2003-04-15,0,2.8,2.925802357403688,0,
3324,2003-04-16,0,2.79,2.9340307415955156,0,
3325,2003-04-17,0,2.8,2.942234845269735,0,
3326,2003-04-21,0,2.82,2.950412541484935,0,
3327,2003-04-22,0,2.83,2.9585617032997185,0,
3328,2003-04-23,0,2.84,2.9666802037726723,0,
3329,2003-04-24,0,2.78,2.974765915962396,0,
3330,2003-04-25,0,2.77,2.9828167129274874,0,
3331,2003-04-28,0,2.78,2.9908304677265356,0,
3332,2003-04-29,0,2.81,2.998805053418142,0,
3333,2003-04-30,0,2.76,3.0067383430608947,0,
3334,2003-05-01,0,2.78,3.0146282097133916,0,
3335,2003-05-02,0,2.82,3.022472526434232,0,
3336,2003-05-05,0,2.79,3.0302691662820056,0,
3337,2003-05-06,0,2.74,3.0380160023153113,0,
3338,2003-05-07,0,2.61,3.0457109075927384,0,
3339,2003-05-08,0,2.61,3.053351755172888,0,
3340,2003-05-09,0,2.58,3.060936418114355,0,
3341,2003-05-12,0,2.54,3.068462769475729,0,
3342,2003-05-13,0,2.54,3.0759286823156122,0,
3343,2003-05-14,0,2.46,3.083332029692593,0,
3344,2003-05-15,0,2.46,3.0906706846652696,0,
3345,2003-05-16,0,2.41,3.0979425202922406,0,
3346,2003-05-19,0,2.41,3.1051454096320934,0,
3347,2003-05-20,0,2.34,3.112277225743431,0,
3348,2003-05-21,0,2.33,3.1193358416848405,0,
3349,2003-05-22,0,2.25,3.1263195159564385,0,
3350,2003-05-23,0,2.25,3.1332280488244013,0,
3351,2003-05-27,0,2.32,3.1400616259964114,0,
3352,2003-05-28,0,2.31,3.146820433180166,0,
3353,2003-05-29,0,2.23,3.153504656083348,0,
3354,2003-05-30,0,2.25,3.1601144804136516,0,
3355,2003-06-02,0,2.29,3.1666500918787683,0,
3356,2003-06-03,0,2.25,3.173111676186385,0,
3357,2003-06-04,0,2.25,3.1794994190441943,0,
3358,2003-06-05,0,2.29,3.1858135061598833,0,
3359,2003-06-06,0,2.32,3.1920541232411415,0,
3360,2003-06-09,0,2.25,3.1982214559956645,0,
3361,2003-06-10,0,2.23,3.2043156901311365,0,
3362,2003-06-11,0,2.27,3.2103370113552514,0,
3363,2003-06-12,0,2.26,3.216285605375694,0,
3364,2003-06-13,0,2.27,3.222161657900158,0,
3365,2003-06-16,0,2.31,3.227965354636337,0,
3366,2003-06-17,0,2.37,3.2336968812919125,0,
3367,2003-06-18,0,2.48,3.239356423574583,0,
3368,2003-06-19,0,2.54,3.2449441671920303,0,
3369,2003-06-20,0,2.57,3.2504602978519497,0,
3370,2003-06-23,0,2.46,3.255905001262032,0,
3371,2003-06-24,0,2.46,3.2612784631299623,0,
3372,2003-06-25,0,2.46,3.2665808691634366,0,
3373,2003-06-26,0,2.63,3.271812405070139,0,
3374,2003-06-27,0,2.71,3.276973256557762,0,
3375,2003-06-30,0,2.64,3.2820636093339983,0,
3376,2003-07-01,0,2.67,3.287083649106533,0,
3377,2003-07-02,0,2.69,3.2920335615830623,0,
3378,2003-07-03,0,2.8,3.296913532471268,0,
3379,2003-07-07,0,2.82,3.301723747478845,0,
3380,2003-07-08,0,2.83,3.306464392313485,0,
3381,2003-07-09,0,2.83,3.311135652682874,0,
3382,2003-07-10,0,2.81,3.3157377142947047,0,
3383,2003-07-11,0,2.77,3.320270762856665,0,
3384,2003-07-14,0,2.83,3.324734984076447,0,
3385,2003-07-15,0,3.02,3.3291305636617388,0,
3386,2003-07-16,0,3.06,3.33345768732023,0,
3387,2003-07-17,0,3.08,3.3377165407596157,0,
3388,2003-07-18,0,3.09,3.341907309687578,0,
3389,2003-07-21,0,3.26,3.3460301798118115,0,
3390,2003-07-22,0,3.24,3.3500853368400074,0,
3391,2003-07-23,0,3.19,3.3540729664798525,0,
3392,2003-07-24,0,3.27,3.3579932544390396,0,
3393,2003-07-25,0,3.28,3.3618463864252552,0,
3394,2003-07-28,0,3.34,3.365632548146192,0,
3395,2003-07-29,0,3.43,3.36935192530954,0,
3396,2003-07-30,0,3.36,3.3730047036229878,0,
3397,2003-07-31,0,3.53,3.3765910687942258,0,
3398,2003-08-01,0,3.49,3.380111206530946,0,
3399,2003-08-04,0,3.38,3.383565302540835,0,
3400,2003-08-05,0,3.51,3.386953542531584,0,
3401,2003-08-06,0,3.37,3.3902761122108833,0,
3402,2003-08-07,0,3.34,3.3935331972864233,0,
3403,2003-08-08,0,3.3,3.396724983465895,0,
3404,2003-08-11,0,3.42,3.3998516564569847,0,
3405,2003-08-12,0,3.42,3.402913401967387,0,
3406,2003-08-13,0,3.62,3.405910405704789,0,
3407,2003-08-14,0,3.59,3.408842853376879,0,
3408,2003-08-15,0,3.59,3.4117109306913522,0,
3409,2003-08-18,0,3.53,3.4145148233558946,0,
3410,2003-08-19,0,3.42,3.4172547170781966,0,
3411,2003-08-20,0,3.49,3.4199307975659496,0,
3412,2003-08-21,0,3.56,3.4225432505268416,0,
3413,2003-08-22,0,3.5,3.4250922616685653,0,
3414,2003-08-25,0,3.51,3.427578016698808,0,
3415,2003-08-26,0,3.49,3.4300007013252625,0,
3416,2003-08-27,0,3.54,3.4323605012556153,0,
3417,2003-08-28,0,3.43,3.434657602197559,0,
3418,2003-08-29,0,3.47,3.4368921898587823,0,
3419,2003-09-02,0,3.63,3.439064449946976,0,
3420,2003-09-03,0,3.63,3.4411745681698305,0,
3421,2003-09-04,0,3.55,3.443222730235033,0,
3422,2003-09-05,0,3.38,3.4452091218502763,0,
3423,2003-09-08,0,3.44,3.4471339287232508,0,
3424,2003-09-09,0,3.41,3.4489973365616433,0,
3425,2003-09-10,0,3.32,3.4507995310731485,0,
3426,2003-09-11,0,3.38,3.4525406979654516,0,
3427,2003-09-12,0,3.3,3.454221022946245,0,
3428,2003-09-15,0,3.32,3.4558406917232194,0,
3429,2003-09-16,0,3.36,3.457399890004062,0,
3430,2003-09-17,0,3.25,3.4588988034964663,0,
3431,2003-09-18,0,3.23,3.460337617908119,0,
3432,2003-09-19,0,3.22,3.461716518946712,0,
3433,2003-09-22,0,3.3,3.4630356923199352,0,
3434,2003-09-23,0,3.31,3.464295323735478,0,
3435,2003-09-24,0,3.21,3.4654955989010308,0,
3436,2003-09-25,0,3.18,3.466636703524282,0,
3437,2003-09-26,0,3.1,3.467718823312924,0,
3438,2003-09-29,0,3.13,3.4687421439746458,0,
3439,2003-09-30,0,3.01,3.469706851217137,0,
3440,2003-10-01,0,3.01,3.470613130748089,0,
3441,2003-10-02,0,3.09,3.47146116827519,0,
3442,2003-10-03,0,3.27,3.47225114950613,0,
3443,2003-10-06,0,3.23,3.4729832601486006,0,
3444,2003-10-07,0,3.34,3.473657685910291,0,
3445,2003-10-08,0,3.35,3.47427461249889,0,
3446,2003-10-09,0,3.41,3.474834225622089,0,
3447,2003-10-10,0,3.37,3.4753367109875786,0,
3448,2003-10-14,0,3.44,3.4757822543030468,0,
3449,2003-10-15,0,3.49,3.4761710412761846,0,
3450,2003-10-16,0,3.53,3.4765032576146817,0,
3451,2003-10-17,0,3.48,3.476779089026229,0,
3452,2003-10-20,0,3.46,3.476998721218515,0,
3453,2003-10-21,0,3.45,3.4771623398992317,0,
3454,2003-10-22,0,3.33,3.4772701307760667,0,
3455,2003-10-23,0,3.38,3.4773222795567116,0,
3456,2003-10-24,0,3.29,3.4773189719488564,0,
3457,2003-10-27,0,3.32,3.4772603936601905,0,
3458,2003-10-28,0,3.27,3.477146730398404,0,
3459,2003-10-29,0,3.34,3.476978167871186,0,
3460,2003-10-30,0,3.4,3.4767548917862285,0,
3461,2003-10-31,0,3.37,3.4764770878512197,0,
3462,2003-11-03,0,3.44,3.476144941773851,0,
3463,2003-11-04,0,3.38,3.4757586392618105,0,
3464,2003-11-05,0,3.42,3.47531836602279,0,
3465,2003-11-06,0,3.49,3.4748243077644796,0,
3466,2003-11-07,0,3.52,3.474276650194567,0,
3467,2003-11-10,0,3.52,3.4736755790207443,0,
3468,2003-11-12,0,3.49,3.473021279950702,0,
3469,2003-11-13,0,3.36,3.4723139386921273,0,
3470,2003-11-14,0,3.26,3.4715537409527113,0,
3471,2003-11-17,0,3.22,3.470740872440147,0,
3472,2003-11-18,0,3.21,3.46987551886212,0,
3473,2003-11-19,0,3.29,3.4689578659263223,0,
3474,2003-11-20,0,3.21,3.4679880993404435,0,
3475,2003-11-21,0,3.21,3.466966404812174,0,
3476,2003-11-24,0,3.27,3.465892968049205,0,
3477,2003-11-25,0,3.24,3.4647679747592246,0,
3478,2003-11-26,0,3.31,3.463591610649922,0,
3479,2003-11-28,0,3.4,3.46236406142899,0,
3480,2003-12-01,0,3.45,3.4610855128041154,0,
3481,2003-12-02,0,3.44,3.4597561504829906,0,
3482,2003-12-03,0,3.47,3.458376160173306,0,
3483,2003-12-04,0,3.45,3.456945727582748,0,
3484,2003-12-05,0,3.31,3.4554650384190113,0,
3485,2003-12-08,0,3.36,3.4539342783897817,0,
3486,2003-12-09,0,3.39,3.452353633202752,0,
3487,2003-12-10,0,3.36,3.4507232885656127,0,
3488,2003-12-11,0,3.36,3.4490434301860504,0,
3489,2003-12-12,0,3.34,3.447314243771758,0,
3490,2003-12-15,0,3.38,3.4455359150304226,0,
3491,2003-12-16,0,3.33,3.4437086296697386,0,
3492,2003-12-17,0,3.29,3.4418325733973916,0,
3493,2003-12-18,0,3.27,3.4399079319210744,0,
3494,2003-12-19,0,3.27,3.437934890948476,0,
3495,2003-12-22,0,3.28,3.435913636187286,0,
3496,2003-12-23,0,3.38,3.4338443533451946,0,
3497,2003-12-24,0,3.3,3.431727228129893,0,
3498,2003-12-26,0,3.3,3.429562446249068,0,
3499,2003-12-29,0,3.34,3.427350193410414,0,
3500,2003-12-30,0,3.35,3.4250906553216174,0,
3501,2003-12-31,0,3.31,3.4227840176903706,0,
3502,2004-01-02,0,3.45,3.420430466224362,0,
3503,2004-01-05,0,3.5,3.4180301866312814,0,
3504,2004-01-06,0,3.38,3.4155833646188207,0,
3505,2004-01-07,0,3.35,3.413090185894668,0,
3506,2004-01-08,0,3.38,3.4105508361665136,0,
3507,2004-01-09,0,3.24,3.407965501142048,0,
3508,2004-01-12,0,3.22,3.4053343665289604,0,
3509,2004-01-13,0,3.15,3.4026576180349437,0,
3510,2004-01-14,0,3.13,3.399935441367683,0,
3511,2004-01-15,0,3.11,3.397168022234872,0,
3512,2004-01-16,0,3.15,3.3943555463441997,0,
3513,2004-01-20,0,3.19,3.391498199403354,0,
3514,2004-01-21,0,3.15,3.388596167120029,0,
3515,2004-01-22,0,3.11,3.3856496352019105,0,
3516,2004-01-23,0,3.19,3.382658789356693,0,
3517,2004-01-26,0,3.26,3.379623815292063,0,
3518,2004-01-27,0,3.2,3.37654489871571,0,
3519,2004-01-28,0,3.28,3.3734222253353274,0,
3520,2004-01-29,0,3.28,3.3702559808586026,0,
3521,2004-01-30,0,3.24,3.3670463509932254,0,
3522,2004-02-02,0,3.24,3.3637935214468877,0,
3523,2004-02-03,0,3.19,3.3604976779272753,0,
3524,2004-02-04,0,3.21,3.3571590061420853,0,
3525,2004-02-05,0,3.26,3.3537776917990025,0,
3526,2004-02-06,0,3.19,3.350353920605716,0,
3527,2004-02-09,0,3.15,3.346887878269919,0,
3528,2004-02-10,0,3.18,3.3433797504993006,0,
3529,2004-02-11,0,3.11,3.339829723001551,0,
3530,2004-02-12,0,3.16,3.3362379814843597,0,
3531,2004-02-13,0,3.13,3.3326047116554136,0,
3532,2004-02-17,0,3.09,3.328930099222409,0,
3533,2004-02-18,0,3.11,3.3252143298930306,0,
3534,2004-02-19,0,3.11,3.3214575893749716,0,
3535,2004-02-20,0,3.15,3.317660063375921,0,
3536,2004-02-23,0,3.08,3.313821937603566,0,
3537,2004-02-24,0,3.07,3.309943397765601,0,
3538,2004-02-25,0,3.05,3.3060246295697135,0,
3539,2004-02-26,0,3.09,3.3020658187235963,0,
3540,2004-02-27,0,3.03,3.2980671509349357,0,
3541,2004-03-01,0,3.03,3.2940288119114216,0,
3542,2004-03-02,0,3.08,3.2899509873607475,0,
3543,2004-03-03,0,3.1,3.285833862990599,0,
3544,2004-03-04,0,3.08,3.281677624508672,0,
3545,2004-03-05,0,2.91,3.277482457622652,0,
3546,2004-03-08,0,2.82,3.273248548040227,0,
3547,2004-03-09,0,2.77,3.2689760814690936,0,
3548,2004-03-10,0,2.78,3.2646652436169354,0,
3549,2004-03-11,0,2.77,3.2603162201914473,0,
3550,2004-03-12,0,2.82,3.2559291969003166,0,
3551,2004-03-15,0,2.82,3.2515043594512316,0,
3552,2004-03-16,0,2.74,3.2470418935518865,0,
3553,2004-03-17,0,2.78,3.2425419849099684,0,
3554,2004-03-18,0,2.82,3.2380048192331694,0,
3555,2004-03-19,0,2.86,3.233430582229178,0,
3556,2004-03-22,0,2.79,3.228819459605682,0,
3557,2004-03-23,0,2.78,3.224171637070378,0,
3558,2004-03-24,0,2.8,3.2194873003309468,0,
3559,2004-03-25,0,2.81,3.214766635095087,0,
3560,2004-03-26,0,2.9,3.210009827070485,0,
3561,2004-03-29,0,2.95,3.2052170619648273,0,
3562,2004-03-30,0,2.95,3.2003885254858107,0,
3563,2004-03-31,0,2.91,3.195524403341119,0,
3564,2004-04-01,0,2.98,3.190624881238448,0,
3565,2004-04-02,0,3.2,3.185690144885484,0,
3566,2004-04-05,0,3.3,3.1807203799899155,0,
3567,2004-04-06,0,3.25,3.1757157722594362,0,
3568,2004-04-07,0,3.24,3.1706765074017333,0,
3569,2004-04-08,0,3.28,3.1656027711245,0,
3570,2004-04-12,0,3.31,3.1604947491354234,0,
3571,2004-04-13,0,3.4,3.1553526271421926,0,
3572,2004-04-14,0,3.45,3.1501765908525017,0,
3573,2004-04-15,0,3.47,3.144966825974036,0,
3574,2004-04-16,0,3.43,3.1397235182144905,0,
3575,2004-04-19,0,3.43,3.1344468532815513,0,
3576,2004-04-20,0,3.46,3.129137016882909,0,
3577,2004-04-21,0,3.46,3.1237941947262553,0,
3578,2004-04-22,0,3.43,3.118418572519276,0,
3579,2004-04-23,0,3.5,3.1130103359696673,0,
3580,2004-04-26,0,3.47,3.107569670785117,0,
3581,2004-04-27,0,3.45,3.1020967626733107,0,
3582,2004-04-28,0,3.53,3.0965917973419432,0,
3583,2004-04-29,0,3.58,3.0910549604987017,0,
3584,2004-04-30,0,3.55,3.0854864378512805,0,
3585,2004-05-03,0,3.53,3.0798864151073655,0,
3586,2004-05-04,0,3.55,3.074255077974646,0,
3587,2004-05-05,0,3.62,3.0685926121608156,0,
3588,2004-05-06,0,3.63,3.062899203373561,0,
3589,2004-05-07,0,3.72,3.057175037320575,0,
3590,2004-05-10,0,3.72,3.0514202997095468,0,
3591,2004-05-11,0,3.74,3.045635176248163,0,
3592,2004-05-12,0,3.79,3.0398198526441202,0,
3593,2004-05-13,0,3.84,3.0339745146051005,0,
3594,2004-05-14,0,3.8,3.0280993478388014,0,
3595,2004-05-17,0,3.64,3.022194538052909,0,
3596,2004-05-18,0,3.69,3.016260270955111,0,
3597,2004-05-19,0,3.75,3.0102967322531033,0,
3598,2004-05-20,0,3.68,3.004304107654569,0,
3599,2004-05-21,0,3.72,2.9982825828672057,0,
3600,2004-05-24,0,3.68,2.9922323435986993,0,
3601,2004-05-25,0,3.66,2.9861535755567354,0,
3602,2004-05-26,0,3.59,2.9800464644490137,0,
3603,2004-05-27,0,3.53,2.9739111959832147,0,
3604,2004-05-28,0,3.58,2.9677479558670368,0,
3605,2004-06-01,0,3.54,2.9615569298081645,0,
3606,2004-06-02,0,3.57,2.9553383035142873,0,
3607,2004-06-03,0,3.54,2.9490922626931,0,
3608,2004-06-04,0,3.57,2.9428189930522852,0,
3609,2004-06-07,0,3.54,2.9365186802995407,0,
3610,2004-06-08,0,3.51,2.9301915101425546,0,
3611,2004-06-09,0,3.55,2.92383766828901,0,
3612,2004-06-10,0,3.51,2.917457340446608,0,
3613,2004-06-14,0,3.47,2.91105071232303,0,
3614,2004-06-15,0,3.35,2.9046179696259693,0,
3615,2004-06-16,0,3.44,2.898159298063117,0,
3616,2004-06-17,0,3.43,2.8916748833421577,0,
3617,2004-06-18,0,3.43,2.885164911170788,0,
3618,2004-06-21,0,3.37,2.8786295672566924,0,
3619,2004-06-22,0,3.39,2.8720690373075666,0,
3620,2004-06-23,0,3.42,2.865483507031098,0,
3621,2004-06-24,0,3.37,2.858873162134973,0,
3622,2004-06-25,0,3.35,2.8522381883268872,0,
3623,2004-06-28,0,3.38,2.8455787713145253,0,
3624,2004-06-29,0,3.32,2.838895096805583,0,
3625,2004-06-30,0,3.29,2.8321873505077475,0,
3626,2004-07-01,0,3.35,2.825455718128706,0,
3627,2004-07-02,0,3.18,2.818700385376153,0,
3628,2004-07-06,0,3.15,2.8119215379577747,0,
3629,2004-07-07,0,3.2,2.805119361581266,0,
3630,2004-07-08,0,3.22,2.798294041954312,0,
3631,2004-07-09,0,3.21,2.7914457647846036,0,
3632,2004-07-12,0,3.12,2.784574715779834,0,
3633,2004-07-13,0,3.16,2.7776810806476884,0,
3634,2004-07-14,0,3.16,2.7707650450958616,0,
3635,2004-07-15,0,3.15,2.763826794832042,0,
3636,2004-07-16,0,3.03,2.7568665155639143,0,
3637,2004-07-19,0,3.03,2.7498843929991774,0,
3638,2004-07-20,0,3.1,2.742880612845514,0,
3639,2004-07-21,0,3.15,2.7358553608106195,0,
3640,2004-07-22,0,3.11,2.7288088226021814,0,
3641,2004-07-23,0,3.07,2.7217411839278864,0,
3642,2004-07-26,0,3.04,2.714652630495433,0,
3643,2004-07-27,0,3.16,2.7075433480125004,0,
3644,2004-07-28,0,3.15,2.7004135221867878,0,
3645,2004-07-29,0,3.14,2.693263338725982,0,
3646,2004-07-30,0,3.05,2.686092983337768,0,
3647,2004-08-02,0,2.98,2.6789026417298447,0,
3648,2004-08-03,0,2.97,2.671692499609895,0,
3649,2004-08-04,0,2.96,2.664462742685614,0,
3650,2004-08-05,0,2.95,2.6572135566646886,0,
3651,2004-08-06,0,2.8,2.649945127254807,0,
3652,2004-08-09,0,2.77,2.642657640163665,0,
3653,2004-08-10,0,2.82,2.6353512810989486,0,
3654,2004-08-11,0,2.86,2.628026235768345,0,
3655,2004-08-12,0,2.84,2.6206826898795517,0,
3656,2004-08-13,0,2.78,2.6133208291402497,0,
3657,2004-08-16,0,2.76,2.605940839258138,0,
3658,2004-08-17,0,2.73,2.5985429059409033,0,
3659,2004-08-18,0,2.74,2.5911272148962303,0,
3660,2004-08-19,0,2.74,2.5836939518318167,0,
3661,2004-08-20,0,2.75,2.5762433024553464,0,
3662,2004-08-23,0,2.74,2.568775452474515,0,
3663,2004-08-24,0,2.74,2.5612905875970093,0,
3664,2004-08-25,0,2.72,2.5537888935305166,0,
3665,2004-08-26,0,2.67,2.5462705559827334,0,
3666,2004-08-27,0,2.67,2.538735760661343,0,
3667,2004-08-30,0,2.58,2.5311846932740414,0,
3668,2004-08-31,0,2.54,2.5236175395285168,0,
3669,2004-09-01,0,2.54,2.5160344851324536,0,
3670,2004-09-02,0,2.6,2.5084357157935497,0,
3671,2004-09-03,0,2.65,2.5008214172194885,0,
3672,2004-09-07,0,2.59,2.493191775117967,0,
3673,2004-09-08,0,2.52,2.4855469751966712,0,
3674,2004-09-09,0,2.58,2.4778872031632875,0,
3675,2004-09-10,0,2.53,2.4702126447255126,0,
3676,2004-09-13,0,2.5,2.4625234855910314,0,
3677,2004-09-14,0,2.49,2.4548199114675384,0,
3678,2004-09-15,0,2.5,2.447102108062721,0,
3679,2004-09-16,0,2.41,2.439370261084266,0,
3680,2004-09-17,0,2.42,2.43162455623987,0,
3681,2004-09-20,0,2.34,2.4238651792372177,0,
3682,2004-09-21,0,2.33,2.4160923157840033,0,
3683,2004-09-22,0,2.29,2.4083061515879143,0,
3684,2004-09-23,0,2.29,2.400506872356639,0,
3685,2004-09-24,0,2.31,2.392694663797872,0,
3686,2004-09-27,0,2.26,2.3848697116192965,0,
3687,2004-09-28,0,2.29,2.377032201528611,0,
3688,2004-09-29,0,2.38,2.3691823192335004,0,
3689,2004-09-30,0,2.42,2.361320250441652,0,
3690,2004-10-01,0,2.5,2.353446180860763,0,
3691,2004-10-04,0,2.48,2.345560296198516,0,
3692,2004-10-05,0,2.46,2.3376627821626084,0,
3693,2004-10-06,0,2.52,2.329753824460725,0,
3694,2004-10-07,0,2.55,2.321833608800555,0,
3695,2004-10-08,0,2.44,2.3139023208897935,0,
3696,2004-10-12,0,2.4,2.3059601464361235,0,
3697,2004-10-13,0,2.37,2.298007271147243,0,
3698,2004-10-14,0,2.29,2.290043880730838,0,
3699,2004-10-15,0,2.31,2.2820701608945946,0,
3700,2004-10-18,0,2.26,2.27408629734621,0,
3701,2004-10-19,0,2.25,2.266092475793368,0,
3702,2004-10-20,0,2.18,2.2580888819437637,0,
3703,2004-10-21,0,2.15,2.250075701505086,0,
3704,2004-10-22,0,2.15,2.242053120185019,0,
3705,2004-10-25,0,2.09,2.2340213236912607,0,
3706,2004-10-26,0,2.09,2.225980497731496,0,
3707,2004-10-27,0,2.19,2.2179308280134182,0,
3708,2004-10-28,0,2.17,2.2098725002447166,0,
3709,2004-10-29,0,2.13,2.201805700133076,0,
3710,2004-11-01,0,2.12,2.1937306133861956,0,
3711,2004-11-02,0,2.13,2.1856474257117555,0,
3712,2004-11-03,0,2.13,2.177556322817455,0,
3713,2004-11-04,0,2.11,2.1694574904109794,0,
3714,2004-11-05,0,2.18,2.161351114200015,0,
3715,2004-11-08,0,2.15,2.1532373798922597,0,
3716,2004-11-09,0,2.13,2.145116473195396,0,
3717,2004-11-10,0,2.17,2.1369885798171206,0,
3718,2004-11-12,0,2.12,2.128853885465121,0,
3719,2004-11-15,0,2.08,2.120712575847082,0,
3720,2004-11-16,0,2.06,2.112564836670702,0,
3721,2004-11-17,0,2.0,2.1044108536436634,0,
3722,2004-11-18,0,1.99,2.0962508124736643,0,
3723,2004-11-19,0,2.05,2.088084898868389,0,
3724,2004-11-22,0,1.97,2.0799132985355255,0,
3725,2004-11-23,0,2.0,2.0717361971827715,0,
3726,2004-11-24,0,2.02,2.063553780517807,0,
3727,2004-11-26,0,2.03,2.0553662342483325,0,
3728,2004-11-29,0,2.11,2.0471737440820332,0,
3729,2004-11-30,0,2.13,2.0389764957265952,0,
3730,2004-12-01,0,2.15,2.030774674889714,0,
3731,2004-12-02,0,2.18,2.022568467279075,0,
3732,2004-12-03,0,2.05,2.014358058602374,0,
3733,2004-12-06,0,1.99,2.0061436345672994,0,
3734,2004-12-07,0,1.98,1.9979253808815354,0,
3735,2004-12-08,0,1.89,1.989703483252779,0,
3736,2004-12-09,0,1.95,1.9814781273887139,0,
3737,2004-12-10,0,1.91,1.9732494989970386,0,
3738,2004-12-13,0,1.92,1.9650177837854363,0,
3739,2004-12-14,0,1.92,1.9567831674615965,0,
3740,2004-12-15,0,1.88,1.9485458357332144,0,
3741,2004-12-16,0,1.99,1.9403059743079734,0,
3742,2004-12-17,0,2.0,1.932063768893571,0,
3743,2004-12-20,0,1.98,1.9238194051976925,0,
3744,2004-12-21,0,1.97,1.9155730689280261,0,
3745,2004-12-22,0,2.02,1.9073249457922679,0,
3746,2004-12-23,0,2.04,1.8990752214980997,0,
3747,2004-12-27,0,2.04,1.8908240817532205,0,
3748,2004-12-28,0,2.05,1.882571712265315,0,
3749,2004-12-29,0,2.11,1.8743182987420721,0,
3750,2004-12-30,0,2.04,1.8660640268911863,0,
3751,2004-12-31,0,2.02,1.8578090824203413,0,
3752,2005-01-03,0,1.91,1.849553651037235,0,
3753,2005-01-04,0,1.96,1.8412979184495526,0,
3754,2005-01-05,0,1.96,1.8330420703649815,0,
3755,2005-01-06,0,1.98,1.824786292491219,0,
3756,2005-01-07,0,1.97,1.8165307705359461,0,
3757,2005-01-10,0,1.93,1.8082756902068624,0,
3758,2005-01-11,0,1.92,1.8000212372116533,0,
3759,2005-01-12,0,1.91,1.7917675972580043,0,
3760,2005-01-13,0,1.85,1.7835149560536134,0,
3761,2005-01-14,0,1.86,1.7752634993061631,0,
3762,2005-01-18,0,1.81,1.7670134127233512,0,
3763,2005-01-19,0,1.83,1.7587648820128632,0,
3764,2005-01-20,0,1.81,1.750518092882386,0,
3765,2005-01-21,0,1.8,1.7422732310396172,0,
3766,2005-01-24,0,1.76,1.7340304821922385,0,
3767,2005-01-25,0,1.81,1.7257900320479487,0,
3768,2005-01-26,0,1.79,1.7175520663144315,0,
3769,2005-01-27,0,1.77,1.7093167706993766,0,
3770,2005-01-28,0,1.7,1.7010843309104784,0,
3771,2005-01-31,0,1.63,1.692854932655421,0,
3772,2005-02-01,0,1.64,1.6846287616419022,0,
3773,2005-02-02,0,1.64,1.676406003577607,0,
3774,2005-02-03,0,1.69,1.6681868441702228,0,
3775,2005-02-04,0,1.61,1.6599714691274454,0,
3776,2005-02-07,0,1.56,1.6517600641569636,0,
3777,2005-02-08,0,1.55,1.6435528149664613,0,
3778,2005-02-09,0,1.49,1.6353499072636366,0,
3779,2005-02-10,0,1.56,1.6271515267561725,0,
3780,2005-02-11,0,1.54,1.6189578591517657,0,
3781,2005-02-14,0,1.49,1.610769090158104,0,
3782,2005-02-15,0,1.5,1.6025854054828723,0,
3783,2005-02-16,0,1.59,1.594406990833768,0,
3784,2005-02-17,0,1.61,1.5862340319184738,0,
3785,2005-02-18,0,1.65,1.5780667144446876,0,
3786,2005-02-22,0,1.62,1.5699052241200957,0,
3787,2005-02-23,0,1.59,1.5617497466523838,0,
3788,2005-02-24,0,1.6,1.5536004677492494,0,
3789,2005-02-25,0,1.52,1.5454575731183755,0,
3790,2005-02-28,0,1.6,1.5373212484674592,0,
3791,2005-03-01,0,1.63,1.5291916795041858,0,
3792,2005-03-02,0,1.63,1.5210690519362435,0,
3793,2005-03-03,0,1.63,1.5129535514713293,0,
3794,2005-03-04,0,1.56,1.504845363817124,0,
3795,2005-03-07,0,1.54,1.4967446746813273,0,
3796,2005-03-08,0,1.63,1.4886516697716237,0,
3797,2005-03-09,0,1.75,1.4805665347957002,0,
3798,2005-03-10,0,1.73,1.4724894554612542,0,
3799,2005-03-11,0,1.79,1.4644206174759686,0,
3800,2005-03-14,0,1.71,1.45636020654754,0,
3801,2005-03-15,0,1.73,1.4483084083836557,0,
3802,2005-03-16,0,1.71,1.4402654086920006,0,
3803,2005-03-17,0,1.67,1.4322313931802735,0,
3804,2005-03-18,0,1.69,1.4242065475561563,0,
3805,2005-03-21,0,1.68,1.4161910575273462,0,
3806,2005-03-22,0,1.73,1.4081851088015298,0,
3807,2005-03-23,0,1.78,1.400188887086394,0,
3808,2005-03-24,0,1.75,1.3922025780896345,0,
3809,2005-03-28,0,1.79,1.3842263675189357,0,
3810,2005-03-29,0,1.75,1.3762604410819932,0,
3811,2005-03-30,0,1.72,1.3683049844864952,0,
3812,2005-03-31,0,1.71,1.360360183440127,0,
3813,2005-04-01,0,1.66,1.3524262236505853,0,
3814,2005-04-04,0,1.67,1.344503290825554,0,
3815,2005-04-05,0,1.69,1.3365915706727296,0,
3816,2005-04-06,0,1.68,1.3286912488997984,0,
3817,2005-04-07,0,1.72,1.3208025112144475,0,
3818,2005-04-08,0,1.71,1.3129255433243738,0,
3819,2005-04-11,0,1.69,1.3050605309372596,0,
3820,2005-04-12,0,1.62,1.2972076597608027,0,
3821,2005-04-13,0,1.61,1.2893671155026885,0,
3822,2005-04-14,0,1.59,1.281539083870605,0,
3823,2005-04-15,0,1.47,1.2737237505722478,0,
3824,2005-04-18,0,1.36,1.2659213013153008,0,
3825,2005-04-19,0,1.29,1.2581319218074598,0,
3826,2005-04-20,0,1.34,1.2503557977564128,0,
3827,2005-04-21,0,1.44,1.2425931148698457,0,
3828,2005-04-22,0,1.32,1.2348440588554552,0,
3829,2005-04-25,0,1.32,1.2271088154209242,0,
3830,2005-04-26,0,1.37,1.2193875702739503,0,
3831,2005-04-27,0,1.36,1.2116805091222194,0,
3832,2005-04-28,0,1.31,1.2039878176734184,0,
3833,2005-04-29,0,1.31,1.1963096816352439,0,
3834,2005-05-02,0,1.27,1.188646286715379,0,
3835,2005-05-03,0,1.29,1.180997818621521,0,
3836,2005-05-04,0,1.33,1.1733644630613562,0,
3837,2005-05-05,0,1.38,1.1657464057425706,0,
3838,2005-05-06,0,1.41,1.158143832372862,0,
3839,2005-05-09,0,1.38,1.1505569286599129,0,
3840,2005-05-10,0,1.33,1.14298588031142,0,
3841,2005-05-11,0,1.34,1.1354308730350708,0,
3842,2005-05-12,0,1.29,1.1278920925385505,0,
3843,2005-05-13,0,1.29,1.120369724529557,0,
3844,2005-05-16,0,1.23,1.1128639547157733,0,
3845,2005-05-17,0,1.24,1.1053749688048957,0,
3846,2005-05-18,0,1.21,1.097902952504611,0,
3847,2005-05-19,0,1.24,1.0904480915226062,0,
3848,2005-05-20,0,1.23,1.0830105715665777,0,
3849,2005-05-23,0,1.1,1.0755905783442086,0,
3850,2005-05-24,0,1.1,1.068188297563196,0,
3851,2005-05-25,0,1.12,1.0608039149312254,0,
3852,2005-05-26,0,1.14,1.0534376161559853,0,
3853,2005-05-27,0,1.1,1.0460895869451712,0,
3854,2005-05-31,0,1.0,1.0387600130064663,0,
3855,2005-06-01,0,0.94,1.0314490800475677,0,
3856,2005-06-02,0,0.92,1.0241569737761622,0,
3857,2005-06-03,0,0.97,1.016883879899936,0,
3858,2005-06-06,0,0.94,1.0096299841265857,0,
3859,2005-06-07,0,0.89,1.0023954721637947,0,
3860,2005-06-08,0,0.93,0.9951805297192603,0,
3861,2005-06-09,0,0.98,0.9879853425006684,0,
3862,2005-06-10,0,1.04,0.9808100962157059,0,
3863,2005-06-13,0,1.06,0.973654976572069,0,
3864,2005-06-14,0,1.12,0.9665201692774418,0,
3865,2005-06-15,0,1.12,0.9594058600395208,0,
3866,2005-06-16,0,1.1,0.9523122345659919,0,
3867,2005-06-17,0,1.09,0.9452394785645429,0,
3868,2005-06-20,0,1.09,0.9381877777428693,0,
3869,2005-06-21,0,1.03,0.9311573178086554,0,
3870,2005-06-22,0,0.92,0.9241482844695972,0,
3871,2005-06-23,0,0.89,0.9171608634333814,0,
3872,2005-06-24,0,0.83,0.9101952404076953,0,
3873,2005-06-27,0,0.75,0.9032516011002342,0,
3874,2005-06-28,0,0.83,0.8963301312186829,0,
3875,2005-06-29,0,0.86,0.8894310164707375,0,
3876,2005-06-30,0,0.81,0.8825544425640842,0,
3877,2005-07-01,0,0.88,0.8757005952064105,0,
3878,2005-07-05,0,0.89,0.8688696601054118,0,
3879,2005-07-06,0,0.89,0.862061822968773,0,
3880,2005-07-07,0,0.89,0.8552772695041899,0,
3881,2005-07-08,0,0.94,0.8485161854193487,0,
3882,2005-07-11,0,0.92,0.8417787564219368,0,
3883,2005-07-12,0,0.94,0.8350651682196505,0,
3884,2005-07-13,0,0.94,0.8283756065201734,0,
3885,2005-07-14,0,0.96,0.821710257031202,0,
3886,2005-07-15,0,0.92,0.8150693054604223,0,
3887,2005-07-18,0,0.92,0.8084529375155224,0,
3888,2005-07-19,0,0.89,0.8018613389041975,0,
3889,2005-07-20,0,0.87,0.7952946953341318,0,
3890,2005-07-21,0,0.93,0.7887531925130216,0,
3891,2005-07-22,0,0.85,0.7822370161485538,0,
3892,2005-07-25,0,0.81,0.7757463519484147,0,
3893,2005-07-26,0,0.81,0.769281385620301,0,
3894,2005-07-27,0,0.86,0.7628423028718965,0,
3895,2005-07-28,0,0.79,0.756429289410897,0,
3896,2005-07-29,0,0.86,0.7500425309449898,0,
3897,2005-08-01,0,0.84,0.7436822131818616,0,
3898,2005-08-02,0,0.84,0.7373485218292085,0,
3899,2005-08-03,0,0.83,0.7310416425947148,0,
3900,2005-08-04,0,0.85,0.724761761186076,0,
3901,2005-08-05,0,0.88,0.7185090633109791,0,
3902,2005-08-08,0,0.87,0.7122837346771117,0,
3903,2005-08-09,0,0.89,0.7060859609921686,0,
3904,2005-08-10,0,0.89,0.6999159279638356,0,
3905,2005-08-11,0,0.81,0.6937738212998065,0,
3906,2005-08-12,0,0.72,0.6876598267077697,0,
3907,2005-08-15,0,0.72,0.6815740941518403,0,
3908,2005-08-16,0,0.69,0.6755166306218556,0,
3909,2005-08-17,0,0.76,0.6694874073640728,0,
3910,2005-08-18,0,0.71,0.6634863956247489,0,
3911,2005-08-19,0,0.69,0.6575135666501492,0,
3912,2005-08-22,0,0.69,0.6515688916865285,0,
3913,2005-08-23,0,0.67,0.645652341980152,0,
3914,2005-08-24,0,0.66,0.6397638887772765,0,
3915,2005-08-25,0,0.63,0.6339035033241597,0,
3916,2005-08-26,0,0.65,0.6280711568670667,0,
3917,2005-08-29,0,0.66,0.6222668206522521,0,
3918,2005-08-30,0,0.62,0.6164904659259812,0,
3919,2005-08-31,0,0.49,0.6107420639345111,0,
3920,2005-09-01,0,0.53,0.6050215859240993,0,
3921,2005-09-02,0,0.57,0.599329003141011,0,
3922,2005-09-06,0,0.56,0.5936642868315003,0,
3923,2005-09-07,0,0.66,0.5880274082418327,0,
3924,2005-09-08,0,0.67,0.582418338618266,0,
3925,2005-09-09,0,0.64,0.5768370492070568,0,
3926,2005-09-12,0,0.67,0.5712835112544703,0,
3927,2005-09-13,0,0.66,0.5657576960067618,0,
3928,2005-09-14,0,0.75,0.5602595747101956,0,
3929,2005-09-15,0,0.76,0.5547891186110293,0,
3930,2005-09-16,0,0.75,0.5493462989555208,0,
3931,2005-09-19,0,0.67,0.5439310869899344,0,
3932,2005-09-20,0,0.64,0.538543453960525,0,
3933,2005-09-21,0,0.78,0.5331833711135581,0,
3934,2005-09-22,0,0.72,0.5278508096952905,0,
3935,2005-09-23,0,0.77,0.5225457409519801,0,
3936,2005-09-26,0,0.77,0.5172681361298914,0,
3937,2005-09-27,0,0.8,0.5120179664752796,0,
3938,2005-09-28,0,0.79,0.5067952032344095,0,
3939,2005-09-29,0,0.75,0.5015998176535384,0,
3940,2005-09-30,0,0.79,0.4964317809789238,0,
3941,2005-10-03,0,0.77,0.4912910644568305,0,
3942,2005-10-04,0,0.75,0.4861776393335139,0,
3943,2005-10-05,0,0.78,0.48109147685523806,0,
3944,2005-10-06,0,0.76,0.4760325482682612,0,
3945,2005-10-07,0,0.71,0.4710008248188404,0,
3946,2005-10-11,0,0.65,0.46599627775324054,0,
3947,2005-10-12,0,0.75,0.4610188783177166,0,
3948,2005-10-13,0,0.73,0.4560685977585333,0,
3949,2005-10-14,0,0.7,0.4511454073219482,0,
3950,2005-10-17,0,0.64,0.4462492782542189,0,
3951,2005-10-18,0,0.64,0.4413801818016101,0,
3952,2005-10-19,0,0.6,0.43653808921037685,0,
3953,2005-10-20,0,0.6,0.4317229717267838,0,
3954,2005-10-21,0,0.51,0.42693480059708827,0,
3955,2005-10-24,0,0.53,0.4221735470675485,0,
3956,2005-10-25,0,0.6,0.41743918238442823,0,
3957,2005-10-26,0,0.69,0.41273167779398334,0,
3958,2005-10-27,0,0.69,0.4080510045424782,0,
3959,2005-10-28,0,0.64,0.40339713387617016,0,
3960,2005-10-31,0,0.59,0.3987700370413173,0,
3961,2005-11-01,0,0.62,0.3941696852841837,0,
3962,2005-11-02,0,0.67,0.38959604985102514,0,
3963,2005-11-03,0,0.71,0.38504910198810544,0,
3964,2005-11-04,0,0.68,0.3805288129416826,0,
3965,2005-11-07,0,0.69,0.37603515395801473,0,
3966,2005-11-08,0,0.61,0.37156809628336546,0,
3967,2005-11-09,0,0.64,0.3671276111639907,0,
3968,2005-11-10,0,0.57,0.3627136698461545,0,
3969,2005-11-14,0,0.59,0.35832624357611476,0,
3970,2005-11-15,0,0.54,0.3539653036001294,0,
3971,2005-11-16,0,0.49,0.34963082116446226,0,
3972,2005-11-17,0,0.45,0.34532276751536917,0,
3973,2005-11-18,0,0.49,0.34104111389911407,0,
3974,2005-11-21,0,0.46,0.33678583156195513,0,
3975,2005-11-22,0,0.49,0.33255689175015,0,
3976,2005-11-23,0,0.51,0.32835426570996284,0,
3977,2005-11-25,0,0.47,0.32417792468764906,0,
3978,2005-11-28,0,0.43,0.3200278399294731,0,
3979,2005-11-29,0,0.5,0.3159039826816925,0,
3980,2005-11-30,0,0.54,0.3118063241905655,0,
3981,2005-12-01,0,0.54,0.30773483570235594,0,
3982,2005-12-02,0,0.52,0.3036894884633195,0,
3983,2005-12-05,0,0.53,0.2996702537197204,0,
3984,2005-12-06,0,0.45,0.2956771027178161,0,
3985,2005-12-07,0,0.48,0.29171000670386515,0,
3986,2005-12-08,0,0.52,0.2877689369241308,0,
3987,2005-12-09,0,0.6,0.28385386462486945,0,
3988,2005-12-12,0,0.65,0.27996476105234464,0,
3989,2005-12-13,0,0.62,0.2761015974528143,0,
3990,2005-12-14,0,0.56,0.27226434507253694,0,
3991,2005-12-15,0,0.53,0.26845297515777583,0,
3992,2005-12-16,0,0.52,0.2646674589547874,0,
3993,2005-12-19,0,0.49,0.26090776770983476,0,
3994,2005-12-20,0,0.51,0.25717387266917646,0,
3995,2005-12-21,0,0.51,0.2534657450790704,0,
3996,2005-12-22,0,0.46,0.24978335618578015,0,
3997,2005-12-23,0,0.38,0.24612667723556222,0,
3998,2005-12-27,0,0.35,0.24249567947467962,0,
3999,2005-12-28,0,0.42,0.23889033414939076,0,
4000,2005-12-29,0,0.36,0.23531061250595406,0,
4001,2005-12-30,0,0.3,0.23175648579063246,0,
4002,2006-01-03,0,0.2,0.2282279252496828,0,
4003,2006-01-04,0,0.16,0.22472490212936813,0,
4004,2006-01-05,0,0.16,0.22124738767594665,0,
4005,2006-01-06,0,0.16,0.21779535313567683,0,
4006,2006-01-09,0,0.14,0.21436876975482175,0,
4007,2006-01-10,0,0.13,0.21096760877963822,0,
4008,2006-01-11,0,0.16,0.20759184145638893,0,
4009,2006-01-12,0,0.09,0.20424143903133277,0,
4010,2006-01-13,0,0.03,0.20091637275072757,0,
4011,2006-01-17,0,-0.04,0.19761661386083682,0,
4012,2006-01-18,0,-0.0,0.194342133607917,0,
4013,2006-01-19,0,0.03,0.1910929032382311,0,
4014,2006-01-20,0,0.02,0.18786889399803763,0,
4015,2006-01-23,0,-0.01,0.18467007713359512,0,
4016,2006-01-24,0,0.0,0.18149642389116608,0,
4017,2006-01-25,0,0.07,0.17834790551700802,0,
4018,2006-01-26,0,0.08,0.17522449325738332,0,
4019,2006-01-27,0,0.06,0.17212615835855052,0,
4020,2006-01-30,0,0.05,0.16905287206676828,0,
4021,2006-01-31,0,0.06,0.16600460562829905,0,
4022,2006-02-01,0,0.1,0.1629813302894003,0,
4023,2006-02-02,0,0.08,0.15998301729633455,0,
4024,2006-02-03,0,0.05,0.15700963789536015,0,
4025,2006-02-06,0,0.06,0.15406116333273587,0,
4026,2006-02-07,0,0.08,0.15113756485472424,0,
4027,2006-02-08,0,0.05,0.1482388137075825,0,
4028,2006-02-09,0,0.02,0.1453648811375733,0,
4029,2006-02-10,0,0.05,0.1425157383909551,0,
4030,2006-02-13,0,0.03,0.13969135671398664,0,
4031,2006-02-14,0,0.07,0.13689170735293033,0,
4032,2006-02-15,0,0.06,0.13411676155404478,0,
4033,2006-02-16,0,0.04,0.13136649056358868,0,
4034,2006-02-17,0,0.0,0.12864086562782462,0,
4035,2006-02-21,0,0.01,0.12593985799300966,0,
4036,2006-02-22,0,-0.04,0.12326343890540646,0,
4037,2006-02-23,0,-0.03,0.12061157961127357,0,
4038,2006-02-24,0,-0.01,0.11798425135686959,0,
4039,2006-02-27,0,-0.03,0.11538142538845711,0,
4040,2006-02-28,0,-0.07,0.1128030729522936,0,
4041,2006-03-01,0,-0.0,0.11024916529464115,0,
4042,2006-03-02,0,0.01,0.10771967366175875,0,
4043,2006-03-03,0,0.05,0.10521456929990479,0,
4044,2006-03-06,0,0.14,0.10273382345534184,0,
4045,2006-03-07,0,0.14,0.1002774073743273,0,
4046,2006-03-08,0,0.15,0.09784529230312342,0,
4047,2006-03-09,0,0.14,0.09543744948798913,0,
4048,2006-03-10,0,0.13,0.09305385017518299,0,
4049,2006-03-13,0,0.15,0.0906944656109673,0,
4050,2006-03-14,0,0.12,0.08835926704159966,0,
4051,2006-03-15,0,0.1,0.08604822571334224,0,
4052,2006-03-16,0,0.03,0.08376131287245367,0,
4053,2006-03-17,0,0.04,0.0814984997651931,0,
4054,2006-03-20,0,0.0,0.07925975763782248,0,
4055,2006-03-21,0,0.01,0.07704505773659943,0,
4056,2006-03-22,0,0.0,0.07485437130778615,0,
4057,2006-03-23,0,0.06,0.07268766959764143,0,
4058,2006-03-24,0,0.01,0.07054492385242411,0,
4059,2006-03-27,0,0.07,0.06842610531839621,0,
4060,2006-03-28,0,0.13,0.06633118524181555,0,
4061,2006-03-29,0,0.17,0.06426013486894412,0,
4062,2006-03-30,0,0.25,0.0622129254460408,0,
4063,2006-03-31,0,0.23,0.060189528219364574,0,
4064,2006-04-03,0,0.2,0.05818991443517725,0,
4065,2006-04-04,0,0.19,0.05621405533973678,0,
4066,2006-04-05,0,0.16,0.05426192217930506,0,
4067,2006-04-06,0,0.22,0.05233348620014096,0,
4068,2006-04-07,0,0.27,0.050428718648503595,0,
4069,2006-04-10,0,0.27,0.048547590770654514,0,
4070,2006-04-11,0,0.22,0.04669007381285199,0,
4071,2006-04-12,0,0.28,0.044856139021357704,0,
4072,2006-04-13,0,0.34,0.0430457576424307,0,
4073,2006-04-17,0,0.29,0.04125890092232981,0,
4074,2006-04-18,0,0.27,0.03949554010731681,0,
4075,2006-04-19,0,0.3,0.03775564644365012,0,
4076,2006-04-20,0,0.3,0.036039191177591,0,
4077,2006-04-21,0,0.25,0.034346145555398576,0,
4078,2006-04-24,0,0.24,0.03267648082333216,0,
4079,2006-04-25,0,0.28,0.031030168227653022,0,
4080,2006-04-26,0,0.33,0.02940717901461983,0,
4081,2006-04-27,0,0.3,0.027807484430493558,0,
4082,2006-04-28,0,0.3,0.02623105572153375,0,
4083,2006-05-01,0,0.31,0.0246778641339995,0,
4084,2006-05-02,0,0.31,0.023147880914152014,0,
4085,2006-05-03,0,0.33,0.021641077308250004,0,
4086,2006-05-04,0,0.36,0.02015742456255447,0,
4087,2006-05-05,0,0.29,0.018696893923324867,0,
4088,2006-05-08,0,0.25,0.017259456636820554,0,
4089,2006-05-09,0,0.25,0.01584508394930247,0,
4090,2006-05-10,0,0.25,0.014453747107029482,0,
4091,2006-05-11,0,0.31,0.013085417356262462,0,
4092,2006-05-12,0,0.34,0.01174006594326104,0,
4093,2006-05-15,0,0.29,0.010417664114284228,0,
4094,2006-05-16,0,0.26,0.009118183115593363,0,
4095,2006-05-17,0,0.33,0.007841594193446995,0,
4096,2006-05-18,0,0.25,0.006587868594106434,0,
4097,2006-05-19,0,0.22,0.005356977563830183,0,
4098,2006-05-22,0,0.2,0.004148892348879982,0,
4099,2006-05-23,0,0.23,0.002963584195513465,0,
4100,2006-05-24,0,0.2,0.0018010243499916659,0,
4101,2006-05-25,0,0.25,0.0006611840585754938,0,
4102,2006-05-26,0,0.21,-0.0004559654324771331,0,
4103,2006-05-30,0,0.25,-0.0015504528769052298,0,
4104,2006-05-31,0,0.25,-0.0026223070284488656,0,
4105,2006-06-01,0,0.28,-0.0036715566408474717,0,
4106,2006-06-02,0,0.19,-0.004698230467842755,0,
4107,2006-06-05,0,0.16,-0.0057023572631738975,0,
4108,2006-06-06,0,0.14,-0.006683965780580246,0,
4109,2006-06-07,0,0.15,-0.00764308477380346,0,
4110,2006-06-08,0,0.12,-0.008579742996582922,0,
4111,2006-06-09,0,0.1,-0.009493969202657652,0,
4112,2006-06-12,0,0.06,-0.010385792145769748,0,
4113,2006-06-13,0,0.08,-0.011255240579658009,0,
4114,2006-06-14,0,0.14,-0.012102343258062968,0,
4115,2006-06-15,0,0.25,-0.012927128934723822,0,
4116,2006-06-16,0,0.25,-0.013729626363382146,0,
4117,2006-06-19,0,0.2,-0.014509864297777078,0,
4118,2006-06-20,0,0.23,-0.015267871491648426,0,
4119,2006-06-21,0,0.24,-0.016003676698737403,0,
4120,2006-06-22,0,0.28,-0.01671730867278331,0,
4121,2006-06-23,0,0.25,-0.01740879616752583,0,
4122,2006-06-26,0,0.21,-0.018078167936706108,0,
4123,2006-06-27,0,0.16,-0.018725452734063813,0,
4124,2006-06-28,0,0.24,-0.019350679313338934,0,
4125,2006-06-29,0,0.2,-0.019953876428270907,0,
4126,2006-06-30,0,0.14,-0.020535072832601156,0,
4127,2006-07-03,0,0.07,-0.021094297280068994,0,
4128,2006-07-05,0,0.22,-0.021631578524414143,0,
4129,2006-07-06,0,0.19,-0.022146945319377602,0,
4130,2006-07-07,0,0.12,-0.02264042641869904,0,
4131,2006-07-10,0,0.07,-0.02311205057611823,0,
4132,2006-07-11,0,0.04,-0.023561846545375742,0,
4133,2006-07-12,0,0.04,-0.023989843080211626,0,
4134,2006-07-13,0,0.03,-0.02439606893436575,0,
4135,2006-07-14,0,0.01,-0.024780552861578,0,
4136,2006-07-17,0,-0.04,-0.02514332361558902,0,
4137,2006-07-18,0,0.0,-0.02548440995013871,0,
4138,2006-07-19,0,-0.05,-0.02580384061896663,0,
4139,2006-07-20,0,-0.04,-0.026101644375813693,0,
4140,2006-07-21,0,-0.04,-0.026377849974419595,0,
4141,2006-07-24,0,-0.04,-0.02663248616852415,0,
4142,2006-07-25,0,-0.05,-0.02686558171186794,0,
4143,2006-07-26,0,-0.07,-0.02707716535819095,0,
4144,2006-07-27,0,-0.02,-0.027267265861233084,0,
4145,2006-07-28,0,-0.07,-0.027435911974734342,0,
4146,2006-07-31,0,-0.1,-0.02758313245243521,0,
4147,2006-08-01,0,-0.12,-0.02770895604807541,0,
4148,2006-08-02,0,-0.13,-0.027813411515395264,0,
4149,2006-08-03,0,-0.15,-0.027896527608134658,0,
4150,2006-08-04,0,-0.17,-0.027958333080033926,0,
4151,2006-08-07,0,-0.19,-0.027998856684832985,0,
4152,2006-08-08,0,-0.16,-0.028018127176272,0,
4153,2006-08-09,0,-0.15,-0.02801617330809092,0,
4154,2006-08-10,0,-0.12,-0.027993023834029976,0,
4155,2006-08-11,0,-0.1,-0.027948707507829365,0,
4156,2006-08-14,0,-0.12,-0.02788325308322878,0,
4157,2006-08-15,0,-0.16,-0.02779668931396881,0,
4158,2006-08-16,0,-0.2,-0.027689044953789224,0,
4159,2006-08-17,0,-0.21,-0.027560348756430098,0,
4160,2006-08-18,0,-0.25,-0.02741062947563165,0,
4161,2006-08-21,0,-0.29,-0.027239915865133982,0,
4162,2006-08-22,0,-0.27,-0.02704823667867709,0,
4163,2006-08-23,0,-0.26,-0.026835620670001087,0,
4164,2006-08-24,0,-0.28,-0.026602096592845917,0,
4165,2006-08-25,0,-0.32,-0.026347693200952177,0,
4166,2006-08-28,0,-0.29,-0.026072439248059354,0,
4167,2006-08-29,0,-0.28,-0.025776363487907836,0,
4168,2006-08-30,0,-0.29,-0.025459494674237887,0,
4169,2006-08-31,0,-0.3,-0.025121861560789147,0,
4170,2006-09-01,0,-0.28,-0.024763492901301865,0,
4171,2006-09-05,0,-0.21,-0.024384417449516554,0,
4172,2006-09-06,0,-0.16,-0.023984663959172522,0,
4173,2006-09-07,0,-0.16,-0.023564261184010518,0,
4174,2006-09-08,0,-0.14,-0.023123237877770236,0,
4175,2006-09-11,0,-0.12,-0.022661622794192315,0,
4176,2006-09-12,0,-0.12,-0.02217944468701606,0,
4177,2006-09-13,0,-0.14,-0.02167673230998196,0,
4178,2006-09-14,0,-0.16,-0.021153514416830638,0,
4179,2006-09-15,0,-0.16,-0.02060981976130108,0,
4180,2006-09-18,0,-0.13,-0.020045677097134007,0,
4181,2006-09-19,0,-0.2,-0.019461115178069907,0,
4182,2006-09-20,0,-0.19,-0.01885616275784792,0,
4183,2006-09-21,0,-0.26,-0.018230848590208626,0,
4184,2006-09-22,0,-0.33,-0.017585201428892014,0,
4185,2006-09-25,0,-0.32,-0.016919250027638985,0,
4186,2006-09-26,0,-0.29,-0.016233023140188207,0,
4187,2006-09-27,0,-0.28,-0.01552654952028061,0,
4188,2006-09-28,0,-0.24,-0.014799857921656653,0,
4189,2006-09-29,0,-0.25,-0.014052977098055391,0,
4190,2006-10-02,0,-0.25,-0.013285935803217339,0,
4191,2006-10-03,0,-0.28,-0.012498762790883397,0,
4192,2006-10-04,0,-0.35,-0.011691486814792276,0,
4193,2006-10-05,0,-0.33,-0.010864136628684795,0,
4194,2006-10-06,0,-0.25,-0.010016740986300857,0,
4195,2006-10-10,0,-0.25,-0.009149328641381474,0,
4196,2006-10-11,0,-0.23,-0.008261928347665273,0,
4197,2006-10-12,0,-0.26,-0.007354568858892865,0,
4198,2006-10-13,0,-0.24,-0.006427278928805416,0,
4199,2006-10-16,0,-0.29,-0.005480087311141177,0,
4200,2006-10-17,0,-0.3,-0.004513022759641203,0,
4201,2006-10-18,0,-0.32,-0.00352611402804634,0,
4202,2006-10-19,0,-0.3,-0.0025193898700950346,0,
4203,2006-10-20,0,-0.29,-0.0014928790395282443,0,
4204,2006-10-23,0,-0.29,-0.00044661029008594144,0,
4205,2006-10-24,0,-0.29,0.0006193876244907637,0,
4206,2006-10-25,0,-0.33,0.0017050859504637306,0,
4207,2006-10-26,0,-0.38,0.002810455934091849,0,
4208,2006-10-27,0,-0.43,0.00393546882163387,0,
4209,2006-10-30,0,-0.41,0.005080095859352068,0,
4210,2006-10-31,0,-0.46,0.006244308293505113,0,
4211,2006-11-01,0,-0.5,0.007428077370351949,0,
4212,2006-11-02,0,-0.47,0.00863137433615449,0,
4213,2006-11-03,0,-0.37,0.009854170437171739,0,
4214,2006-11-06,0,-0.37,0.011096436919663555,0,
4215,2006-11-07,0,-0.41,0.012358145029888634,0,
4216,2006-11-08,0,-0.46,0.01363926601410917,0,
4217,2006-11-09,0,-0.46,0.014939771118584078,0,
4218,2006-11-10,0,-0.5,0.01625963158957197,0,
4219,2006-11-13,0,-0.47,0.017598818673335126,0,
4220,2006-11-14,0,-0.51,0.018957303616132293,0,
4221,2006-11-15,0,-0.47,0.020335057664222167,0,
4222,2006-11-16,0,-0.42,0.021732052063866997,0,
4223,2006-11-17,0,-0.47,0.0231482580613257,0,
4224,2006-11-20,0,-0.48,0.024583646902858053,0,
4225,2006-11-21,0,-0.49,0.02603818983472267,0,
4226,2006-11-22,0,-0.47,0.027511858103182046,0,
4227,2006-11-24,0,-0.49,0.029004622954494796,0,
4228,2006-11-27,0,-0.5,0.03051645563491942,0,
4229,2006-11-28,0,-0.53,0.032047327390718666,0,
4230,2006-11-29,0,-0.52,0.03359720946815101,0,
4231,2006-11-30,0,-0.57,0.03516607311347497,0,
4232,2006-12-01,0,-0.6,0.03675388957295328,0,
4233,2006-12-04,0,-0.58,0.03836063009284449,0,
4234,2006-12-05,0,-0.54,0.03998626591940693,0,
4235,2006-12-06,0,-0.5,0.04163076829890361,0,
4236,2006-12-07,0,-0.49,0.043294108477592796,0,
4237,2006-12-08,0,-0.41,0.04497625770173444,0,
4238,2006-12-11,0,-0.41,0.04667718721758696,0,
4239,2006-12-12,0,-0.43,0.048396868271413346,0,
4240,2006-12-13,0,-0.36,0.05013527210947197,0,
4241,2006-12-14,0,-0.36,0.051892369978021075,0,
4242,2006-12-15,0,-0.31,0.053668133123324024,0,
4243,2006-12-18,0,-0.36,0.055462532791638736,0,
4244,2006-12-19,0,-0.36,0.057275540229223654,0,
4245,2006-12-20,0,-0.36,0.05910712668234208,0,
4246,2006-12-21,0,-0.41,0.06095726339725219,0,
4247,2006-12-22,0,-0.36,0.06282592162021383,0,
4248,2006-12-26,0,-0.37,0.06471307259748532,0,
4249,2006-12-27,0,-0.3,0.0666186875753299,0,
4250,2006-12-28,0,-0.29,0.06854273780000589,0,
4251,2006-12-29,0,-0.3,0.07048519451777119,0,
4252,2007-01-02,0,-0.39,0.07244602897488961,0,
4253,2007-01-03,0,-0.37,0.07442521241761896,0,
4254,2007-01-04,0,-0.41,0.07642271609221749,0,
4255,2007-01-05,0,-0.39,0.07843851124494886,0,
4256,2007-01-08,0,-0.41,0.08047256912207085,0,
4257,2007-01-09,0,-0.41,0.08252486096984368,0,
4258,2007-01-10,0,-0.39,0.08459535803452509,0,
4259,2007-01-11,0,-0.37,0.08668403156237897,0,
4260,2007-01-12,0,-0.32,0.08879085279966331,0,
4261,2007-01-16,0,-0.36,0.09091579299263611,0,
4262,2007-01-17,0,-0.33,0.09305882338756104,0,
4263,2007-01-18,0,-0.37,0.09521991523069616,0,
4264,2007-01-19,0,-0.35,0.09739903976829929,0,
4265,2007-01-22,0,-0.37,0.09959616824663446,0,
4266,2007-01-23,0,-0.33,0.10181127191195959,0,
4267,2007-01-24,0,-0.32,0.10404432201053451,0,
4268,2007-01-25,0,-0.26,0.10629528978861706,0,
4269,2007-01-26,0,-0.25,0.1085641464924714,0,
4270,2007-01-29,0,-0.23,0.11085086336835509,0,
4271,2007-01-30,0,-0.25,0.11315541166252627,0,
4272,2007-01-31,0,-0.29,0.1154777626212489,0,
4273,2007-02-01,0,-0.29,0.11781788749078079,0,
4274,2007-02-02,0,-0.3,0.12017575751737977,0,
4275,2007-02-05,0,-0.34,0.12255134394730985,0,
4276,2007-02-06,0,-0.37,0.12494461802682905,0,
4277,2007-02-07,0,-0.41,0.12735555100219714,0,
4278,2007-02-08,0,-0.42,0.1297841141196719,0,
4279,2007-02-09,0,-0.36,0.1322302786255176,0,
4280,2007-02-12,0,-0.37,0.13469401576599194,0,
4281,2007-02-13,0,-0.34,0.13717529678735252,0,
4282,2007-02-14,0,-0.41,0.1396740929358639,0,
4283,2007-02-15,0,-0.46,0.14219037545778362,0,
4284,2007-02-16,0,-0.47,0.14472411559936935,0,
4285,2007-02-20,0,-0.51,0.14727528460688558,0,
4286,2007-02-21,0,-0.48,0.14984385372658987,0,
4287,2007-02-22,0,-0.46,0.15242979420474234,0,
4288,2007-02-23,0,-0.5,0.15503307728760016,0,
4289,2007-02-26,0,-0.56,0.15765367422142837,0,
4290,2007-02-27,0,-0.63,0.1602915562524843,0,
4291,2007-02-28,0,-0.6,0.16294669462702557,0,
4292,2007-03-01,0,-0.59,0.16561906059131676,0,
4293,2007-03-02,0,-0.6,0.1683086253916153,0,
4294,2007-03-05,0,-0.58,0.17101536027417896,0,
4295,2007-03-06,0,-0.6,0.17373923648527223,0,
4296,2007-03-07,0,-0.62,0.1764802252711528,0,
4297,2007-03-08,0,-0.58,0.17923829787808057,0,
4298,2007-03-09,0,-0.5,0.1820134255523128,0,
4299,2007-03-12,0,-0.53,0.18480557954011453,0,
4300,2007-03-13,0,-0.58,0.18761473108774304,0,
4301,2007-03-14,0,-0.52,0.19044085144145584,0,
4302,2007-03-15,0,-0.5,0.19328391184751786,0,
4303,2007-03-16,0,-0.49,0.19614388355218645,0,
4304,2007-03-19,0,-0.47,0.19902073780171914,0,
4305,2007-03-20,0,-0.5,0.20191444584238072,0,
4306,2007-03-21,0,-0.51,0.20482497892042864,0,
4307,2007-03-22,0,-0.46,0.20775230828212263,0,
4308,2007-03-23,0,-0.46,0.21069640517372032,0,
4309,2007-03-26,0,-0.46,0.21365724084148657,0,
4310,2007-03-27,0,-0.46,0.21663478653167892,0,
4311,2007-03-28,0,-0.43,0.21962901349055447,0,
4312,2007-03-29,0,-0.41,0.22263989296437844,0,
4313,2007-03-30,0,-0.38,0.22566739619940812,0,
4314,2007-04-02,0,-0.38,0.2287114944419007,0,
4315,2007-04-03,0,-0.37,0.23177215893812142,0,
4316,2007-04-04,0,-0.41,0.23484936093432773,0,
4317,2007-04-05,0,-0.36,0.23794307167677936,0,
4318,2007-04-06,0,-0.29,0.24105326241173336,0,
4319,2007-04-09,0,-0.26,0.2441799043854555,0,
4320,2007-04-10,0,-0.29,0.2473229688442025,0,
4321,2007-04-11,0,-0.29,0.25048242703423185,0,
4322,2007-04-12,0,-0.29,0.25365825020180877,0,
4323,2007-04-13,0,-0.25,0.25685040959319055,0,
4324,2007-04-16,0,-0.26,0.2600588764546341,0,
4325,2007-04-17,0,-0.31,0.2632836220324054,0,
4326,2007-04-18,0,-0.33,0.266524617572761,0,
4327,2007-04-19,0,-0.31,0.26978183432196123,0,
4328,2007-04-20,0,-0.31,0.27305524352626276,0,
4329,2007-04-23,0,-0.32,0.27634481643193154,0,
4330,2007-04-24,0,-0.35,0.2796505242852245,0,
4331,2007-04-25,0,-0.3,0.28297233833239854,0,
4332,2007-04-26,0,-0.26,0.2863102298197196,0,
4333,2007-04-27,0,-0.24,0.2896641699934447,0,
4334,2007-04-30,0,-0.28,0.2930341300998305,0,
4335,2007-05-01,0,-0.26,0.2964200813851431,0,
4336,2007-05-02,0,-0.25,0.2998219950956392,0,
4337,2007-05-03,0,-0.22,0.303239842477579,0,
4338,2007-05-04,0,-0.25,0.30667359477721906,0,
4339,2007-05-07,0,-0.25,0.31012322324082564,0,
4340,2007-05-08,0,-0.27,0.3135886991146556,0,
4341,2007-05-09,0,-0.2,0.3170699936449656,0,
4342,2007-05-10,0,-0.21,0.32056707807802187,0,
4343,2007-05-11,0,-0.2,0.3240799236600811,0,
4344,2007-05-14,0,-0.15,0.32760850163740013,0,
4345,2007-05-15,0,-0.12,0.331152783256245,0,
4346,2007-05-16,0,-0.04,0.33471273976287275,0,
4347,2007-05-17,0,-0.04,0.33828834240354333,0,
4348,2007-05-18,0,-0.03,0.3418795624245131,0,
4349,2007-05-21,0,-0.08,0.3454863710720486,0,
4350,2007-05-22,0,-0.09,0.3491087395924065,0,
4351,2007-05-23,0,-0.04,0.35274663923184346,0,
4352,2007-05-24,0,-0.04,0.35640004123662583,0,
4353,2007-05-25,0,-0.01,0.36006891685301057,0,
4354,2007-05-29,0,-0.02,0.36375323732725373,0,
4355,2007-05-30,0,0.03,0.36745297390562226,0,
4356,2007-05-31,0,0.16,0.3711680978343729,0,
4357,2007-06-01,0,0.16,0.3748985803597616,0,
4358,2007-06-04,0,0.12,0.3786443927280555,0,
4359,2007-06-05,0,0.15,0.38240550618551084,0,
4360,2007-06-06,0,0.16,0.38618189197838787,0,
4361,2007-06-07,0,0.31,0.3899735213529429,0,
4362,2007-06-08,0,0.35,0.3937803655554426,0,
4363,2007-06-11,0,0.4,0.39760239583214363,0,
4364,2007-06-12,0,0.54,0.4014395834293022,0,
4365,2007-06-13,0,0.54,0.40529189959318546,0,
4366,2007-06-14,0,0.58,0.40915931557004953,0,
4367,2007-06-15,0,0.6,0.413041802606151,0,
4368,2007-06-18,0,0.52,0.4169393319477569,0,
4369,2007-06-19,0,0.43,0.4208518748411233,0,
4370,2007-06-20,0,0.39,0.42477940253251056,0,
4371,2007-06-21,0,0.46,0.42872188626817453,0,
4372,2007-06-22,0,0.4,0.4326792972943826,0,
4373,2007-06-25,0,0.26,0.436651606857391,0,
4374,2007-06-26,0,0.27,0.4406387862034561,0,
4375,2007-06-27,0,0.32,0.44464080657884497,0,
4376,2007-06-28,0,0.33,0.44865763922981394,0,
4377,2007-06-29,0,0.2,0.4526892554026192,0,
4378,2007-07-02,0,0.04,0.45673562634352805,0,
4379,2007-07-03,0,0.09,0.46079672329879656,0,
4380,2007-07-05,0,0.2,0.46487251751468506,0,
4381,2007-07-06,0,0.24,0.4689629802374491,0,
4382,2007-07-09,0,0.19,0.47306808271335676,0,
4383,2007-07-10,0,0.08,0.47718779618866375,0,
4384,2007-07-11,0,0.13,0.48132209190962616,0,
4385,2007-07-12,0,0.16,0.48547094112251177,0,
4386,2007-07-13,0,0.14,0.48963431507357646,0,
4387,2007-07-16,0,0.06,0.49381218500907664,0,
4388,2007-07-17,0,0.12,0.49800452217527946,0,
4389,2007-07-18,0,0.05,0.5022112978184412,0,
4390,2007-07-19,0,0.05,0.5064324831848219,0,
4391,2007-07-20,0,-0.0,0.5106680495206775,0,
4392,2007-07-23,0,-0.04,0.5149179680722754,0,
4393,2007-07-24,0,-0.07,0.5191822100858721,0,
4394,2007-07-25,0,-0.07,0.5234607468077233,0,
4395,2007-07-26,0,-0.12,0.5277535494840964,0,
4396,2007-07-27,0,-0.04,0.532060589361248,0,
4397,2007-07-30,0,-0.13,0.5363818376854341,0,
4398,2007-07-31,0,-0.17,0.540717265702922,0,
4399,2007-08-01,0,-0.12,0.545066844659968,0,
4400,2007-08-02,0,-0.12,0.549430545802832,0,
4401,2007-08-03,0,-0.13,0.55380834037777,0,
4402,2007-08-06,0,-0.16,0.5582001996310495,0,
4403,2007-08-07,0,-0.17,0.5626060948089268,0,
4404,2007-08-08,0,-0.11,0.5670259971576574,0,
4405,2007-08-09,0,-0.01,0.5714598779235097,0,
4406,2007-08-10,0,0.23,0.5759077083527394,0,
4407,2007-08-13,0,0.04,0.5803694596916023,0,
4408,2007-08-14,0,0.09,0.5848451031863665,0,
4409,2007-08-15,0,0.48,0.5893346100832879,0,
4410,2007-08-16,0,0.8,0.5938379516286262,0,
4411,2007-08-17,0,0.92,0.5983550990686374,0,
4412,2007-08-20,0,1.51,0.6028860236495894,0,
4413,2007-08-21,0,1.0,0.6074306966177385,0,
4414,2007-08-22,0,0.96,0.61198908921934,0,
4415,2007-08-23,0,0.73,0.6165611727006621,0,
4416,2007-08-24,0,0.38,0.621146918307961,0,
4417,2007-08-27,0,-0.03,0.6257462972874919,0,
4418,2007-08-28,0,0.12,0.6303592808855233,0,
4419,2007-08-29,0,0.59,0.6349858403483111,0,
4420,2007-08-30,0,0.67,0.6396259469221149,0,
4421,2007-08-31,0,0.53,0.6442795718531905,0,
4422,2007-09-04,0,0.08,0.6489466863878064,0,
4423,2007-09-05,0,0.12,0.6536272617722182,0,
4424,2007-09-06,0,0.21,0.6583212692526814,0,
4425,2007-09-07,0,0.3,0.6630286800754647,0,
4426,2007-09-10,0,0.37,0.6677494654868236,0,
4427,2007-09-11,0,0.25,0.6724835967330136,0,
4428,2007-09-12,0,0.37,0.6772310450603034,0,
4429,2007-09-13,0,0.41,0.6819917817149486,0,
4430,2007-09-14,0,0.46,0.686765777943209,0,
4431,2007-09-17,0,0.33,0.6915530049913402,0,
4432,2007-09-18,0,0.49,0.6963534341056107,0,
4433,2007-09-19,0,0.6,0.7011670365322765,0,
4434,2007-09-20,0,0.9,0.7059937835175925,0,
4435,2007-09-21,0,0.89,0.7108336463078277,0,
4436,2007-09-24,0,0.79,0.7156865961492378,0,
4437,2007-09-25,0,0.83,0.7205526042880781,0,
4438,2007-09-26,0,0.89,0.7254316419706175,0,
4439,2007-09-27,0,0.87,0.7303236804431109,0,
4440,2007-09-28,0,0.77,0.7352286909518189,0,
4441,2007-10-01,0,0.63,0.7401466447429969,0,
4442,2007-10-02,0,0.58,0.7450775130629133,0,
4443,2007-10-03,0,0.58,0.7500212671578237,0,
4444,2007-10-04,0,0.58,0.7549778782739838,0,
4445,2007-10-05,0,0.65,0.7599473176576624,0,
4446,2007-10-09,0,0.61,0.7649295565551146,0,
4447,2007-10-10,0,0.59,0.769924566212596,0,
4448,2007-10-11,0,0.54,0.7749323178763756,0,
4449,2007-10-12,0,0.5,0.7799527827927089,0,
4450,2007-10-15,0,0.39,0.7849859322078556,0,
4451,2007-10-16,0,0.41,0.7900317373680713,0,
4452,2007-10-17,0,0.56,0.7950901695196246,0,
4453,2007-10-18,0,0.75,0.8001611999087711,0,
4454,2007-10-19,0,0.55,0.8052447997817662,0,
4455,2007-10-22,0,0.41,0.8103409403848789,0,
4456,2007-10-23,0,0.43,0.8154495929643643,0,
4457,2007-10-24,0,0.51,0.8205707287664781,0,
4458,2007-10-25,0,0.43,0.8257043190374895,0,
4459,2007-10-26,0,0.45,0.8308503350236534,0,
4460,2007-10-29,0,0.37,0.8360087479712297,0,
4461,2007-10-30,0,0.44,0.8411795291264739,0,
4462,2007-10-31,0,0.54,0.8463626497356552,0,
4463,2007-11-01,0,0.55,0.851558081045029,0,
4464,2007-11-02,0,0.69,0.85676579430085,0,
4465,2007-11-05,0,0.63,0.8619857531993839,0,
4466,2007-11-06,0,0.62,0.8672178912368631,0,
4467,2007-11-07,0,0.84,0.8724621343595177,0,
4468,2007-11-08,0,0.9,0.8777184085135902,0,
4469,2007-11-09,0,0.96,0.8829866396453098,0,
4470,2007-11-13,0,0.75,0.8882667537009105,0,
4471,2007-11-14,0,0.87,0.8935586766266213,0,
4472,2007-11-15,0,0.87,0.8988623343686857,0,
4473,2007-11-16,0,0.75,0.9041776528733321,0,
4474,2007-11-19,0,0.67,0.9095045580867893,0,
4475,2007-11-20,0,0.8,0.9148429759553017,0,
4476,2007-11-21,0,0.91,0.9201928324250978,0,
4477,2007-11-23,0,0.77,0.925554053442406,0,
4478,2007-11-26,0,0.7,0.9309265649534705,0,
4479,2007-11-27,0,0.79,0.9363102929045198,0,
4480,2007-11-28,0,0.98,0.9417051632417827,0,
4481,2007-11-29,0,0.94,0.947111101911503,0,
4482,2007-11-30,0,0.82,0.9525280348599097,0,
4483,2007-12-03,0,0.83,0.9579558880332366,0,
4484,2007-12-04,0,0.82,0.963394587377712,0,
4485,2007-12-05,0,0.85,0.9688440588395801,0,
4486,2007-12-06,0,0.92,0.9743042283650692,0,
4487,2007-12-07,0,1.0,0.9797750219004085,0,
4488,2007-12-10,0,1.1,0.985256365391842,0,
4489,2007-12-11,0,1.04,0.9907481847855978,0,
4490,2007-12-12,0,1.17,0.9962504060279048,0,
4491,2007-12-13,0,1.3,1.0017629550650073,0,
4492,2007-12-14,0,1.36,1.0072857578431336,0,
4493,2007-12-17,0,1.13,1.0128187403085178,0,
4494,2007-12-18,0,1.09,1.0183618284073879,0,
4495,2007-12-19,0,1.14,1.0239149480859888,0,
4496,2007-12-20,0,1.12,1.0294780252905487,0,
4497,2007-12-21,0,1.17,1.0350509859672963,0,
4498,2007-12-24,0,0.9,1.040633756062475,0,
4499,2007-12-26,0,0.98,1.0462262615223143,0,
4500,2007-12-27,0,1.04,1.0518284282930428,0,
4501,2007-12-28,0,0.93,1.0574401823209043,0,
4502,2007-12-31,0,0.68,1.0630614495521271,0,
4503,2008-01-02,1,0.65,1.0686921559329456,0,beg
4504,2008-01-03,1,0.67,1.0743322274095881,1,
4505,2008-01-04,1,0.67,1.0799815899282987,1,
4506,2008-01-07,1,0.58,1.085640169435306,1,
4507,2008-01-08,1,0.6,1.0913078918768384,1,
4508,2008-01-09,1,0.59,1.0969846831991406,1,
4509,2008-01-10,1,0.67,1.1026704693484408,1,
4510,2008-01-11,1,0.73,1.1083651762709674,1,
4511,2008-01-14,1,0.62,1.1140687299129648,1,
4512,2008-01-15,1,0.55,1.1197810562206614,1,
4513,2008-01-16,1,0.6,1.1255020811402912,1,
4514,2008-01-17,1,0.59,1.131231730618083,1,
4515,2008-01-18,1,0.8,1.1369699306002803,1,
4516,2008-01-22,1,1.17,1.1427166070331125,1,
4517,2008-01-23,1,1.29,1.1484716858628072,1,
4518,2008-01-24,1,1.31,1.1542350930356091,1,
4519,2008-01-25,1,1.31,1.160006754497747,1,
4520,2008-01-28,1,1.27,1.1657865961954488,1,
4521,2008-01-29,1,1.41,1.1715745440749594,1,
4522,2008-01-30,1,1.56,1.1773705240825072,1,
4523,2008-01-31,1,1.71,1.1831744621643256,1,
4524,2008-02-01,1,1.52,1.1889862842666434,1,
4525,2008-02-04,1,1.41,1.1948059163357045,1,
4526,2008-02-05,1,1.42,1.200633284317738,1,
4527,2008-02-06,1,1.5,1.2064683141589723,1,
4528,2008-02-07,1,1.57,1.2123109318056513,1,
4529,2008-02-08,1,1.41,1.218161063204004,1,
4530,2008-02-11,1,1.31,1.2240186343002584,1,
4531,2008-02-12,1,1.35,1.229883571040659,1,
4532,2008-02-13,1,1.42,1.2357557993714345,1,
4533,2008-02-14,1,1.54,1.2416352452388184,1,
4534,2008-02-15,1,1.54,1.2475218345890393,1,
4535,2008-02-19,1,1.61,1.253415493368342,1,
4536,2008-02-20,1,1.68,1.2593161475229542,1,
4537,2008-02-21,1,1.56,1.2652237229991048,1,
4538,2008-02-22,1,1.59,1.271138145743038,1,
4539,2008-02-25,1,1.71,1.2770593417009823,1,
4540,2008-02-26,1,1.73,1.2829872368191662,1,
4541,2008-02-27,1,1.87,1.288921757043834,1,
4542,2008-02-28,1,1.81,1.2948628283212145,1,
4543,2008-02-29,1,1.67,1.300810376597541,1,
4544,2008-03-03,1,1.84,1.3067643278190424,1,
4545,2008-03-04,1,1.97,1.3127246079319626,1,
4546,2008-03-05,1,2.17,1.318691142882531,1,
4547,2008-03-06,1,2.23,1.3246638586169746,1,
4548,2008-03-07,1,2.11,1.3306426810815393,1,
4549,2008-03-10,1,2.11,1.336627536222452,1,
4550,2008-03-11,1,2.12,1.3426183499859428,1,
4551,2008-03-12,1,2.01,1.348615048318255,1,
4552,2008-03-13,1,2.21,1.3546175571656174,1,
4553,2008-03-14,1,2.25,1.360625802474264,1,
4554,2008-03-17,1,2.22,1.3666397101904222,1,
4555,2008-03-18,1,2.56,1.3726592062603382,1,
4556,2008-03-19,1,2.77,1.3786842166302387,1,
4557,2008-03-20,1,2.71,1.384714667246353,1,
4558,2008-03-24,1,2.32,1.3907504840549256,1,
4559,2008-03-25,1,2.21,1.3967915930021852,1,
4560,2008-03-26,1,2.21,1.4028379200343588,1,
4561,2008-03-27,1,2.25,1.4088893910976925,1,
4562,2008-03-28,1,2.14,1.4149459321384146,1,
4563,2008-03-31,1,2.07,1.4210074691027574,1,
4564,2008-04-01,1,2.17,1.4270739279369502,1,
4565,2008-04-02,1,2.19,1.4331452345872382,1,
4566,2008-04-03,1,2.21,1.4392213149998487,1,
4567,2008-04-04,1,2.15,1.4453020951210105,1,
4568,2008-04-07,1,2.12,1.4513875008969683,1,
4569,2008-04-08,1,2.17,1.4574774582739505,1,
4570,2008-04-09,1,2.18,1.4635718931981856,1,
4571,2008-04-10,1,2.27,1.4696707316159174,1,
4572,2008-04-11,1,2.3,1.475773899473375,1,
4573,2008-04-14,1,2.44,1.4818813227167917,1,
4574,2008-04-15,1,2.5,1.4879929272923964,1,
4575,2008-04-16,1,2.6,1.494108639146434,1,
4576,2008-04-17,1,2.52,1.5002283842251312,1,
4577,2008-04-18,1,2.42,1.5063520884747177,1,
4578,2008-04-21,1,2.41,1.512479677841438,1,
4579,2008-04-22,1,2.47,1.5186110782715203,1,
4580,2008-04-23,1,2.5,1.5247462157111928,1,
4581,2008-04-24,1,2.61,1.5308850161066998,1,
4582,2008-04-25,1,2.57,1.5370274054042707,1,
4583,2008-04-28,1,2.42,1.5431733095501388,1,
4584,2008-04-29,1,2.39,1.5493226544905316,1,
4585,2008-04-30,1,2.34,1.5554753661716951,1,
4586,2008-05-01,1,2.33,1.5616313705398566,1,
4587,2008-05-02,1,2.39,1.567790593541245,1,
4588,2008-05-05,1,2.34,1.5739529611221044,1,
4589,2008-05-06,1,2.3,1.5801183992286638,1,
4590,2008-05-07,1,2.2,1.5862868338071507,1,
4591,2008-05-08,1,2.13,1.5924581908038111,1,
4592,2008-05-09,1,2.08,1.598632396164872,1,
4593,2008-05-12,1,2.0,1.6048093758365682,1,
4594,2008-05-13,1,2.06,1.6109890557651267,1,
4595,2008-05-14,1,2.09,1.6171713618967931,1,
4596,2008-05-15,1,2.0,1.623356220177796,1,
4597,2008-05-16,1,2.0,1.6295435565543628,1,
4598,2008-05-19,1,2.0,1.6357332969727394,1,
4599,2008-05-20,1,1.91,1.641925367379153,1,
4600,2008-05-21,1,1.95,1.648119693719832,1,
4601,2008-05-22,1,2.05,1.6543162019410216,1,
4602,2008-05-23,1,1.99,1.6605148179889497,1,
4603,2008-05-27,1,2.04,1.6667154678098506,1,
4604,2008-05-28,1,2.14,1.6729180773499517,1,
4605,2008-05-29,1,2.18,1.679122572555499,1,
4606,2008-05-30,1,2.17,1.6853288793727195,1,
4607,2008-06-02,1,2.13,1.6915369237478424,1,
4608,2008-06-03,1,2.06,1.6977466316271124,1,
4609,2008-06-04,1,2.13,1.7039579289567566,1,
4610,2008-06-05,1,2.2,1.7101707416830048,1,
4611,2008-06-06,1,2.09,1.7163849957521011,1,
4612,2008-06-09,1,2.13,1.7226006171102741,1,
4613,2008-06-10,1,2.09,1.728817531703751,1,
4614,2008-06-11,1,2.13,1.7350356654787775,1,
4615,2008-06-12,1,2.23,1.7412549443815826,1,
4616,2008-06-13,1,2.27,1.7474752943583982,1,
4617,2008-06-16,1,2.18,1.7536966413554536,1,
4618,2008-06-17,1,2.24,1.759918911318994,1,
4619,2008-06-18,1,2.23,1.7661420301952468,1,
4620,2008-06-19,1,2.3,1.7723659239304415,1,
4621,2008-06-20,1,2.29,1.7785905184708213,1,
4622,2008-06-23,1,2.32,1.784815739762615,1,
4623,2008-06-24,1,2.26,1.7910415137520515,1,
4624,2008-06-25,1,2.31,1.797267766385375,1,
4625,2008-06-26,1,2.33,1.8034944236088142,1,
4626,2008-06-27,1,2.31,1.8097214113686024,1,
4627,2008-06-30,1,2.09,1.815948655610968,1,
4628,2008-07-01,1,2.13,1.8221760822821562,1,
4629,2008-07-02,1,2.17,1.8284036173283942,1,
4630,2008-07-03,1,2.15,1.8346311866959113,1,
4631,2008-07-07,1,2.08,1.8408587163309518,1,
4632,2008-07-08,1,2.04,1.8470861321797443,1,
4633,2008-07-09,1,2.03,1.853313360188517,1,
4634,2008-07-10,1,2.16,1.8595403263035146,1,
4635,2008-07-11,1,2.34,1.8657669564709654,1,
4636,2008-07-14,1,2.38,1.8719931766371027,1,
4637,2008-07-15,1,2.48,1.8782189127481554,1,
4638,2008-07-16,1,2.6,1.884444090750368,1,
4639,2008-07-17,1,2.64,1.8906686365899688,1,
4640,2008-07-18,1,2.63,1.8968924762131856,1,
4641,2008-07-21,1,2.61,1.9031155355662646,1,
4642,2008-07-22,1,2.59,1.9093377405954328,1,
4643,2008-07-23,1,2.57,1.9155590172469177,1,
4644,2008-07-24,1,2.38,1.9217792914669671,1,
4645,2008-07-25,1,2.38,1.9279984892018063,1,
4646,2008-07-28,1,2.32,1.93421653639767,1,
4647,2008-07-29,1,2.37,1.940433359000787,1,
4648,2008-07-30,1,2.37,1.946648882957401,1,
4649,2008-07-31,1,2.31,1.9528630342137416,1,
4650,2008-08-01,1,2.31,1.9590757387160356,1,
4651,2008-08-04,1,2.23,1.9652869224105287,1,
4652,2008-08-05,1,2.29,1.9714965112434497,1,
4653,2008-08-06,1,2.42,1.9777044311610263,1,
4654,2008-08-07,1,2.25,1.9839106081095021,1,
4655,2008-08-08,1,2.24,1.9901149680351073,1,
4656,2008-08-11,1,2.12,1.9963174368840746,1,
4657,2008-08-12,1,2.04,2.0025179406026323,1,
4658,2008-08-13,1,2.09,2.008716405137025,1,
4659,2008-08-14,1,2.0,2.0149127564334828,1,
4660,2008-08-15,1,1.98,2.0211069204382306,1,
4661,2008-08-18,1,1.99,2.0272988230975164,1,
4662,2008-08-19,1,2.03,2.0334883903575665,1,
4663,2008-08-20,1,2.08,2.03967554816461,1,
4664,2008-08-21,1,2.12,2.045860222464891,1,
4665,2008-08-22,1,2.17,2.052042339204639,1,
4666,2008-08-25,1,2.04,2.058221824330087,1,
4667,2008-08-26,1,2.08,2.064398603787463,1,
4668,2008-08-27,1,2.1,2.0705726035230114,1,
4669,2008-08-28,1,2.04,2.0767437494829624,1,
4670,2008-08-29,1,2.11,2.0829119676135424,1,
4671,2008-09-02,1,2.02,2.0890771838609967,1,
4672,2008-09-03,1,2.0,2.095239324171554,1,
4673,2008-09-04,1,1.95,2.1013983144914414,1,
4674,2008-09-05,1,1.98,2.107554080766905,1,
4675,2008-09-08,1,1.95,2.113706548944173,1,
4676,2008-09-09,1,1.96,2.119855644969478,1,
4677,2008-09-10,1,2.0,2.1260012947890488,1,
4678,2008-09-11,1,2.03,2.132143424349132,1,
4679,2008-09-12,1,2.25,2.138281959595952,1,
4680,2008-09-15,1,2.45,2.1444168264757413,1,
4681,2008-09-16,1,2.64,2.150547950934741,1,
4682,2008-09-17,1,3.38,2.156675258919182,1,
4683,2008-09-18,1,3.31,2.1627986763752918,1,
4684,2008-09-19,1,2.79,2.168918129249314,1,
4685,2008-09-22,1,2.54,2.1750335434874786,1,
4686,2008-09-23,1,3.05,2.1811448450360187,1,
4687,2008-09-24,1,3.3,2.1872519598411624,1,
4688,2008-09-25,1,3.12,2.193354813849154,1,
4689,2008-09-26,1,2.98,2.1994533330062227,1,
4690,2008-09-29,1,2.67,2.205547443258596,1,
4691,2008-09-30,1,2.93,2.2116370705525203,1,
4692,2008-10-01,1,2.92,2.2177221408342214,1,
4693,2008-10-02,1,3.03,2.2238025800499295,1,
4694,2008-10-03,1,3.12,2.2298783141458887,1,
4695,2008-10-06,1,2.94,2.2359492690683274,1,
4696,2008-10-07,1,2.68,2.242015370763478,1,
4697,2008-10-08,1,3.04,2.2480765451775717,1,
4698,2008-10-09,1,3.24,2.2541327182568507,1,
4699,2008-10-10,1,3.64,2.260183815947544,1,
4700,2008-10-14,1,3.74,2.26622976419588,1,
4701,2008-10-15,1,3.82,2.272270488948104,1,
4702,2008-10-16,1,3.53,2.278305916150444,1,
4703,2008-10-17,1,3.15,2.284335971749127,1,
4704,2008-10-20,1,2.67,2.2903605816903996,1,
4705,2008-10-21,1,2.65,2.2963796719204885,1,
4706,2008-10-22,1,2.59,2.3023931683856294,1,
4707,2008-10-23,1,2.65,2.3084009970320483,1,
4708,2008-10-24,1,2.86,2.314403083805992,1,
4709,2008-10-27,1,2.95,2.320399354653687,1,
4710,2008-10-28,1,3.12,2.326389735521363,1,
4711,2008-10-29,1,3.31,2.332374152355264,1,
4712,2008-10-30,1,3.59,2.3383525311016182,1,
4713,2008-10-31,1,3.55,2.3443247977066544,1,
4714,2008-11-03,1,3.47,2.350290878116617,1,
4715,2008-11-04,1,3.33,2.3562506982777345,1,
4716,2008-11-05,1,3.33,2.3622041841362407,1,
4717,2008-11-06,1,3.43,2.368151261638364,1,
4718,2008-11-07,1,3.52,2.3740918567303484,1,
4719,2008-11-10,1,3.53,2.3800258953584223,1,
4720,2008-11-12,1,3.57,2.3859533034688147,1,
4721,2008-11-13,1,3.61,2.3918740070077704,1,
4722,2008-11-14,1,3.57,2.3977879319215165,1,
4723,2008-11-17,1,3.56,2.403695004156283,1,
4724,2008-11-18,1,3.4,2.409595149658313,1,
4725,2008-11-19,1,3.31,2.415488294373835,1,
4726,2008-11-20,1,3.07,2.4213743642490844,1,
4727,2008-11-21,1,3.18,2.4272532852302877,1,
4728,2008-11-24,1,3.22,2.4331249832636903,1,
4729,2008-11-25,1,3.01,2.4389893842955206,1,
4730,2008-11-26,1,2.94,2.4448464142720066,1,
4731,2008-11-28,1,2.92,2.450695999139393,1,
4732,2008-12-01,1,2.65,2.456538064843909,1,
4733,2008-12-02,1,2.62,2.462372537331782,1,
4734,2008-12-03,1,2.65,2.4681993425492563,1,
4735,2008-12-04,1,2.52,2.4740184064425605,1,
4736,2008-12-05,1,2.65,2.47982965495793,1,
4737,2008-12-08,1,2.74,2.4856330140415914,1,
4738,2008-12-09,1,2.64,2.491428409639789,1,
4739,2008-12-11,1,2.63,2.4972157676987523,1,
4740,2008-12-12,1,2.58,2.5029950141647093,1,
4741,2008-12-15,1,2.5,2.508766074983904,1,
4742,2008-12-16,1,2.33,2.5145288761025655,1,
4743,2008-12-17,1,2.15,2.520283343466923,1,
4744,2008-12-19,1,2.11,2.526029403023219,1,
4745,2008-12-22,1,2.15,2.531766980717683,1,
4746,2008-12-23,1,2.16,2.5374960024965434,1,
4747,2008-12-26,1,2.13,2.5432163943060435,1,
4748,2008-12-29,1,2.06,2.5489280820924147,1,
4749,2008-12-30,1,2.0,2.5546309918018877,1,
4750,2008-12-31,1,2.14,2.560325049380692,1,
4751,2009-01-02,1,2.38,2.566010180775073,1,
4752,2009-01-05,1,2.35,2.571686311931258,1,
4753,2009-01-06,1,2.36,2.5773533687954755,1,
4754,2009-01-07,1,2.41,2.58301127731397,1,
4755,2009-01-08,1,2.38,2.58865996343297,1,
4756,2009-01-09,1,2.36,2.5942993530987053,1,
4757,2009-01-12,1,2.21,2.599929372257418,1,
4758,2009-01-13,1,2.22,2.605549946855338,1,
4759,2009-01-14,1,2.12,2.6111610028386982,1,
4760,2009-01-15,1,2.12,2.6167624661537277,1,
4761,2009-01-16,1,2.23,2.622354262746671,1,
4762,2009-01-20,1,2.27,2.6279363185637554,1,
4763,2009-01-21,1,2.45,2.633508559551211,1,
4764,2009-01-22,1,2.52,2.639070911655282,1,
4765,2009-01-23,1,2.54,2.6446233008221953,1,
4766,2009-01-26,1,2.56,2.6501656529981807,1,
4767,2009-01-27,1,2.46,2.6556978941294824,1,
4768,2009-01-28,1,2.52,2.661219950162329,1,
4769,2009-01-29,1,2.64,2.666731747042954,1,
4770,2009-01-30,1,2.63,2.6722332107175846,1,
4771,2009-02-02,1,2.48,2.6777242671324673,1,
4772,2009-02-03,1,2.57,2.68320484223383,1,
4773,2009-02-04,1,2.65,2.6886748619679017,1,
4774,2009-02-05,1,2.66,2.694134252280924,1,
4775,2009-02-06,1,2.76,2.6995829391191286,1,
4776,2009-02-09,1,2.75,2.705020848428742,1,
4777,2009-02-10,1,2.59,2.710447906156009,1,
4778,2009-02-11,1,2.48,2.715864038247159,1,
4779,2009-02-12,1,2.46,2.721269170648424,1,
4780,2009-02-13,1,2.6,2.7266632293060353,1,
4781,2009-02-17,1,2.32,2.7320461401662355,1,
4782,2009-02-18,1,2.43,2.737417829175252,1,
4783,2009-02-19,1,2.55,2.7427782222793144,1,
4784,2009-02-20,1,2.5,2.7481272454246675,1,
4785,2009-02-23,1,2.48,2.7534648245575384,1,
4786,2009-02-24,1,2.48,2.758790885624158,1,
4787,2009-02-25,1,2.65,2.764105354570768,1,
4788,2009-02-26,1,2.71,2.769408157343599,1,
4789,2009-02-27,1,2.76,2.774699219888883,1,
4790,2009-03-02,1,2.63,2.7799784681528497,1,
4791,2009-03-03,1,2.66,2.785245828081743,1,
4792,2009-03-04,1,2.75,2.7905012256217905,1,
4793,2009-03-05,1,2.63,2.795744586719223,1,
4794,2009-03-06,1,2.62,2.800975837320282,1,
4795,2009-03-09,1,2.66,2.806194903371199,1,
4796,2009-03-10,1,2.75,2.8114017108181995,1,
4797,2009-03-11,1,2.72,2.8165961856075303,1,
4798,2009-03-12,1,2.67,2.821778253685418,1,
4799,2009-03-13,1,2.69,2.826947840998098,1,
4800,2009-03-16,1,2.73,2.832104873491798,1,
4801,2009-03-17,1,2.78,2.837249277112761,1,
4802,2009-03-18,1,2.29,2.842380977807218,1,
4803,2009-03-19,1,2.4,2.847499901521397,1,
4804,2009-03-20,1,2.42,2.85260597420154,1,
4805,2009-03-23,1,2.46,2.8576991217938774,1,
4806,2009-03-24,1,2.47,2.862779270244639,1,
4807,2009-03-25,1,2.62,2.867846345500065,1,
4808,2009-03-26,1,2.61,2.872900273506388,1,
4809,2009-03-27,1,2.63,2.87794098020984,1,
4810,2009-03-30,1,2.54,2.8829683915566506,1,
4811,2009-03-31,1,2.5,2.8879824334930624,1,
4812,2009-04-01,1,2.46,2.892983031965304,1,
4813,2009-04-02,1,2.54,2.8979701129196065,1,
4814,2009-04-03,1,2.7,2.902943602302211,1,
4815,2009-04-06,1,2.75,2.9079034260593466,1,
4816,2009-04-07,1,2.73,2.9128495101372445,1,
4817,2009-04-08,1,2.68,2.9177817804821458,1,
4818,2009-04-09,1,2.78,2.9227001630402802,1,
4819,2009-04-13,1,2.7,2.9276045837578817,1,
4820,2009-04-14,1,2.63,2.9324949685811794,1,
4821,2009-04-15,1,2.67,2.9373712434564156,1,
4822,2009-04-16,1,2.73,2.9422333343298197,1,
4823,2009-04-17,1,2.84,2.947081167147622,1,
4824,2009-04-20,1,2.74,2.951914667856065,1,
4825,2009-04-21,1,2.79,2.956733762401377,1,
4826,2009-04-22,1,2.84,2.961538376729788,1,
4827,2009-04-23,1,2.86,2.96632843678754,1,
4828,2009-04-24,1,2.93,2.9711038685208635,1,
4829,2009-04-27,1,2.82,2.975864597875991,1,
4830,2009-04-28,1,2.92,2.9806105507991534,1,
4831,2009-04-29,1,3.01,2.985341653236592,1,
4832,2009-04-30,1,3.02,2.990057831134537,1,
4833,2009-05-01,1,3.05,2.9947590104392154,1,
4834,2009-05-04,1,3.0,2.9994451170968732,1,
4835,2009-05-05,1,3.01,3.004116077053738,1,
4836,2009-05-06,1,2.99,3.008771816256039,1,
4837,2009-05-07,1,3.11,3.01341226065002,1,
4838,2009-05-08,1,3.1,3.018037336181909,1,
4839,2009-05-11,1,2.98,3.022646968797941,1,
4840,2009-05-12,1,2.98,3.027241084444344,1,
4841,2009-05-13,1,2.94,3.031819609067361,1,
4842,2009-05-14,1,2.94,3.036382468613222,1,
4843,2009-05-15,1,2.97,3.0409295890281567,1,
4844,2009-05-18,1,3.03,3.0454608962584064,1,
4845,2009-05-19,1,3.07,3.0499763162502007,1,
4846,2009-05-20,1,3.01,3.0544757749497706,1,
4847,2009-05-21,1,3.16,3.0589591983033566,1,
4848,2009-05-22,1,3.27,3.0634265122571884,1,
4849,2009-05-26,1,3.32,3.0678776427575,1,
4850,2009-05-27,1,3.54,3.0723125157505224,1,
4851,2009-05-28,1,3.52,3.0767310571824953,1,
4852,2009-05-29,1,3.33,3.0811331929996495,1,
4853,2009-06-01,1,3.58,3.0855188491482166,1,
4854,2009-06-02,1,3.51,3.0898879515744353,1,
4855,2009-06-03,1,3.42,3.0942404262245367,1,
4856,2009-06-04,1,3.58,3.098576199044751,1,
4857,2009-06-05,1,3.63,3.1028951959813185,1,
4858,2009-06-08,1,3.72,3.10719734298047,1,
4859,2009-06-09,1,3.67,3.1114825659884398,1,
4860,2009-06-10,1,3.8,3.115750790951458,1,
4861,2009-06-11,1,3.69,3.1200019438157653,1,
4862,2009-06-12,1,3.62,3.12423595052759,1,
4863,2009-06-15,1,3.59,3.128452737033165,1,
4864,2009-06-16,1,3.5,3.1326522292787295,1,
4865,2009-06-17,1,3.51,3.136834353210515,1,
4866,2009-06-18,1,3.68,3.1409990347747514,1,
4867,2009-06-19,1,3.6,3.1451461999176793,1,
4868,2009-06-22,1,3.52,3.1492757745855275,1,
4869,2009-06-23,1,3.45,3.153387684724528,1,
4870,2009-06-24,1,3.53,3.1574818562809224,1,
4871,2009-06-25,1,3.36,3.161558215200939,1,
4872,2009-06-26,1,3.32,3.1656166874308123,1,
4873,2009-06-29,1,3.3,3.1696571989167728,1,
4874,2009-06-30,1,3.34,3.173679675605061,1,
4875,2009-07-01,0,3.38,3.1776840434419076,1,end
4876,2009-07-02,0,3.34,3.1816702283735423,0,
4877,2009-07-06,0,3.33,3.185638156346206,0,
4878,2009-07-07,0,3.28,3.1895877533061294,0,
4879,2009-07-08,0,3.15,3.1935189451995423,0,
4880,2009-07-09,0,3.25,3.1974316579726856,0,
4881,2009-07-10,0,3.13,3.2013258175717896,0,
4882,2009-07-13,0,3.2,3.205201349943088,0,
4883,2009-07-14,0,3.32,3.209058181032811,0,
4884,2009-07-15,0,3.45,3.2128962367872003,0,
4885,2009-07-16,0,3.4,3.2167154431524847,0,
4886,2009-07-17,0,3.5,3.2205157260748947,0,
4887,2009-07-20,0,3.42,3.224297011500673,0,
4888,2009-07-21,0,3.31,3.2280592253760467,0,
4889,2009-07-22,0,3.39,3.2318022936472484,0,
4890,2009-07-23,0,3.53,3.235526142260519,0,
4891,2009-07-24,0,3.52,3.2392306971620872,0,
4892,2009-07-27,0,3.56,3.242915884298187,0,
4893,2009-07-28,0,3.53,3.2465816296150503,0,
4894,2009-07-29,0,3.5,3.250227859058916,0,
4895,2009-07-30,0,3.49,3.2538544985760165,0,
4896,2009-07-31,0,3.34,3.257461474112579,0,
4897,2009-08-03,0,3.47,3.261048711614847,0,
4898,2009-08-04,0,3.52,3.26461613702905,0,
4899,2009-08-05,0,3.61,3.2681636763014175,0,
4900,2009-08-06,0,3.62,3.271691255378191,0,
4901,2009-08-07,0,3.7,3.2751988002056014,0,
4902,2009-08-10,0,3.61,3.27868623672988,0,
4903,2009-08-11,0,3.53,3.282153490897261,0,
4904,2009-08-12,0,3.55,3.285600488653982,0,
4905,2009-08-13,0,3.42,3.289027155946273,0,
4906,2009-08-14,0,3.36,3.2924334187203668,0,
4907,2009-08-17,0,3.3,3.295819202922502,0,
4908,2009-08-18,0,3.32,3.29918443449891,0,
4909,2009-08-19,0,3.28,3.3025290393958215,0,
4910,2009-08-20,0,3.25,3.3058529435594757,0,
4911,2009-08-21,0,3.39,3.3091560729361036,0,
4912,2009-08-24,0,3.31,3.3124383534719395,0,
4913,2009-08-25,0,3.28,3.3156997111132136,0,
4914,2009-08-26,0,3.29,3.3189400718061655,0,
4915,2009-08-27,0,3.32,3.322159361497026,0,
4916,2009-08-28,0,3.31,3.3253575061320277,0,
4917,2009-08-31,0,3.25,3.328534431657408,0,
4918,2009-09-01,0,3.24,3.3316900640193974,0,
4919,2009-09-02,0,3.15,3.334824329164229,0,
4920,2009-09-03,0,3.18,3.3379371530381414,0,
4921,2009-09-04,0,3.31,3.341028461587365,0,
4922,2009-09-08,0,3.33,3.344098180758134,0,
4923,2009-09-09,0,3.34,3.347146236496679,0,
4924,2009-09-10,0,3.22,3.3501725547492396,0,
4925,2009-09-11,0,3.2,3.353177061462046,0,
4926,2009-09-14,0,3.28,3.356159682581332,0,
4927,2009-09-15,0,3.34,3.3591203440533333,0,
4928,2009-09-16,0,3.38,3.3620589718242835,0,
4929,2009-09-17,0,3.32,3.3649754918404122,0,
4930,2009-09-18,0,3.41,3.3678698300479595,0,
4931,2009-09-21,0,3.38,3.3707419123931546,0,
4932,2009-09-22,0,3.35,3.3735916648222335,0,
4933,2009-09-23,0,3.33,3.3764190132814274,0,
4934,2009-09-24,0,3.3,3.379223883716974,0,
4935,2009-09-25,0,3.24,3.3820062020751047,0,
4936,2009-09-28,0,3.2,3.3847658943020504,0,
4937,2009-09-29,0,3.18,3.387502886344051,0,
4938,2009-09-30,0,3.17,3.3902171041473363,0,
4939,2009-10-01,0,3.11,3.3929084736581396,0,
4940,2009-10-02,0,3.14,3.3955769208226987,0,
4941,2009-10-05,0,3.16,3.398222371587244,0,
4942,2009-10-06,0,3.19,3.400844751898011,0,
4943,2009-10-07,0,3.12,3.4034439877012295,0,
4944,2009-10-08,0,3.21,3.406020004943138,0,
4945,2009-10-09,0,3.33,3.4085727295699697,0,
4946,2009-10-13,0,3.27,3.4111020875279543,0,
4947,2009-10-14,0,3.38,3.41360800476333,0,
4948,2009-10-15,0,3.42,3.4160904072223297,0,
4949,2009-10-16,0,3.36,3.4185492208511845,0,
4950,2009-10-19,0,3.33,3.4209843715961323,0,
4951,2009-10-20,0,3.27,3.4233957854034047,0,
4952,2009-10-21,0,3.35,3.4257833882192354,0,
4953,2009-10-22,0,3.38,3.428147105989856,0,
4954,2009-10-23,0,3.44,3.4304868646615048,0,
4955,2009-10-26,0,3.51,3.432802590180413,0,
4956,2009-10-27,0,3.41,3.4350942084928136,0,
4957,2009-10-28,0,3.37,3.437361645544942,0,
4958,2009-10-29,0,3.47,3.4396048272830324,0,
4959,2009-10-30,0,3.36,3.4418236796533166,0,
4960,2009-11-02,0,3.39,3.44401812860203,0,
4961,2009-11-03,0,3.44,3.446188100075406,0,
4962,2009-11-04,0,3.52,3.4483335200196783,0,
4963,2009-11-05,0,3.53,3.450454314381079,0,
4964,2009-11-06,0,3.48,3.452550409105843,0,
4965,2009-11-09,0,3.45,3.4546217301402065,0,
4966,2009-11-10,0,3.43,3.4566682034303997,0,
4967,2009-11-12,0,3.38,3.458689754922659,0,
4968,2009-11-13,0,3.37,3.460686310563216,0,
4969,2009-11-16,0,3.26,3.4626577962983043,0,
4970,2009-11-17,0,3.27,3.4646041380741615,0,
4971,2009-11-18,0,3.32,3.4665252618370186,0,
4972,2009-11-19,0,3.33,3.468421093533109,0,
4973,2009-11-20,0,3.34,3.470291559108666,0,
4974,2009-11-23,0,3.32,3.4721365845099252,0,
4975,2009-11-24,0,3.27,3.47395609568312,0,
4976,2009-11-25,0,3.23,3.4757500185744816,0,
4977,2009-11-27,0,3.18,3.477518279130248,0,
4978,2009-11-30,0,3.15,3.479260803296651,0,
4979,2009-12-01,0,3.22,3.4809775170199226,0,
4980,2009-12-02,0,3.27,3.482668346246299,0,
4981,2009-12-03,0,3.33,3.4843332169220136,0,
4982,2009-12-04,0,3.42,3.485972054993299,0,
4983,2009-12-07,0,3.4,3.487584786406389,0,
4984,2009-12-08,0,3.37,3.4891713371075195,0,
4985,2009-12-09,0,3.42,3.4907316330429228,0,
4986,2009-12-10,0,3.47,3.492265600158832,0,
4987,2009-12-11,0,3.52,3.4937731644014827,0,
4988,2009-12-14,0,3.52,3.4952542517171064,0,
4989,2009-12-15,0,3.55,3.496708788051938,0,
4990,2009-12-16,0,3.57,3.4981366993522114,0,
4991,2009-12-17,0,3.46,3.499537911564161,0,
4992,2009-12-18,0,3.5,3.5009123506340183,0,
4993,2009-12-21,0,3.61,3.5022599425080205,0,
4994,2009-12-22,0,3.68,3.503580613132399,0,
4995,2009-12-23,0,3.7,3.504874288453388,0,
4996,2009-12-24,0,3.77,3.50614089441722,0,
4997,2009-12-28,0,3.74,3.5073803569701316,0,
4998,2009-12-29,0,3.72,3.5085926020583544,0,
4999,2009-12-30,0,3.75,3.509777555628122,0,
5000,2009-12-31,0,3.79,3.5109351436256704,0,
5001,2010-01-04,0,3.77,3.512065291997232,0,
5002,2010-01-05,0,3.7,3.51316792668904,0,
5003,2010-01-06,0,3.79,3.5142429736473284,0,
5004,2010-01-07,0,3.8,3.515290358818332,0,
5005,2010-01-08,0,3.78,3.5163100081482845,0,
5006,2010-01-11,0,3.81,3.517301847583417,0,
5007,2010-01-12,0,3.69,3.518265803069967,0,
5008,2010-01-13,0,3.74,3.5192018005541654,0,
5009,2010-01-14,0,3.71,3.5201097659822476,0,
5010,2010-01-15,0,3.64,3.520989625300447,0,
5011,2010-01-19,0,3.67,3.521841304454997,0,
5012,2010-01-20,0,3.63,3.5226647293921314,0,
5013,2010-01-21,0,3.56,3.523459826058085,0,
5014,2010-01-22,0,3.56,3.5242265203990906,0,
5015,2010-01-25,0,3.6,3.524964738361382,0,
5016,2010-01-26,0,3.58,3.525674405891193,0,
5017,2010-01-27,0,3.58,3.5263554489347584,0,
5018,2010-01-28,0,3.6,3.52700779343831,0,
5019,2010-01-29,0,3.55,3.527631365348083,0,
5020,2010-02-01,0,3.58,3.52822609061031,0,
5021,2010-02-02,0,3.57,3.5287918951712265,0,
5022,2010-02-03,0,3.63,3.5293287049770656,0,
5023,2010-02-04,0,3.53,3.529836473212668,0,
5024,2010-02-05,0,3.49,3.530315262017308,0,
5025,2010-02-08,0,3.5,3.5307651607688677,0,
5026,2010-02-09,0,3.55,3.5311862588452283,0,
5027,2010-02-10,0,3.61,3.5315786456242715,0,
5028,2010-02-11,0,3.62,3.531942410483878,0,
5029,2010-02-12,0,3.59,3.5322776428019287,0,
5030,2010-02-16,0,3.56,3.5325844319563067,0,
5031,2010-02-17,0,3.64,3.5328628673248934,0,
5032,2010-02-18,0,3.69,3.5331130382855696,0,
5033,2010-02-19,0,3.67,3.5333350342162175,0,
5034,2010-02-22,0,3.69,3.533528944494719,0,
5035,2010-02-23,0,3.57,3.533694858498953,0,
5036,2010-02-24,0,3.58,3.533832865606804,0,
5037,2010-02-25,0,3.51,3.533943055196152,0,
5038,2010-02-26,0,3.48,3.53402551664488,0,
5039,2010-03-01,0,3.48,3.5340803393308677,0,
5040,2010-03-02,0,3.48,3.5341076126319977,0,
5041,2010-03-03,0,3.49,3.534107425926152,0,
5042,2010-03-04,0,3.47,3.53407986859121,0,
5043,2010-03-05,0,3.54,3.5340250300050546,0,
5044,2010-03-08,0,3.56,3.533942999545568,0,
5045,2010-03-09,0,3.55,3.5338338665906317,0,
5046,2010-03-10,0,3.58,3.5336977205181253,0,
5047,2010-03-11,0,3.57,3.533534650705931,0,
5048,2010-03-12,0,3.56,3.5333447465319314,0,
5049,2010-03-15,0,3.54,3.533128097374009,0,
5050,2010-03-16,0,3.5,3.5328847926100426,0,
5051,2010-03-17,0,3.5,3.532614921617915,0,
5052,2010-03-18,0,3.52,3.5323185737755076,0,
5053,2010-03-19,0,3.54,3.531995838460703,0,
5054,2010-03-22,0,3.52,3.5316468050513805,0,
5055,2010-03-23,0,3.55,3.531271562925424,0,
5056,2010-03-24,0,3.7,3.530870201460713,0,
5057,2010-03-25,0,3.77,3.5304428100351304,0,
5058,2010-03-26,0,3.72,3.529989478026557,0,
5059,2010-03-29,0,3.73,3.5295102948128743,0,
5060,2010-03-30,0,3.72,3.5290053497719636,0,
5061,2010-03-31,0,3.68,3.528474732281707,0,
5062,2010-04-01,0,3.73,3.527918531719988,0,
5063,2010-04-02,0,3.8,3.527336837464684,0,
5064,2010-04-05,0,3.82,3.52672973889368,0,
5065,2010-04-06,0,3.81,3.5260973253848547,0,
5066,2010-04-07,0,3.72,3.525439686316092,0,
5067,2010-04-08,0,3.74,3.524756911065272,0,
5068,2010-04-09,0,3.74,3.524049089010276,0,
5069,2010-04-12,0,3.71,3.523316309528988,0,
5070,2010-04-13,0,3.68,3.522558661999287,0,
5071,2010-04-14,0,3.72,3.521776235799054,0,
5072,2010-04-15,0,3.7,3.520969120306172,0,
5073,2010-04-16,0,3.63,3.5201374048985237,0,
5074,2010-04-19,0,3.67,3.519281178953987,0,
5075,2010-04-20,0,3.65,3.518400531850448,0,
5076,2010-04-21,0,3.62,3.517495552965785,0,
5077,2010-04-22,0,3.63,3.5165663316778804,0,
5078,2010-04-23,0,3.68,3.5156129573646147,0,
5079,2010-04-26,0,3.67,3.5146355194038716,0,
5080,2010-04-27,0,3.55,3.5136341071735315,0,
5081,2010-04-28,0,3.63,3.512608810051475,0,
5082,2010-04-29,0,3.59,3.511559717415585,0,
5083,2010-04-30,0,3.53,3.510486918643742,0,
5084,2010-05-03,0,3.55,3.5093905031138295,0,
5085,2010-05-04,0,3.47,3.5082705602037256,0,
5086,2010-05-05,0,3.43,3.507127179291315,0,
5087,2010-05-06,0,3.3,3.5059604497544776,0,
5088,2010-05-07,0,3.32,3.5047704609710943,0,
5089,2010-05-10,0,3.4,3.5035573023190496,0,
5090,2010-05-11,0,3.4,3.5023210631762223,0,
5091,2010-05-12,0,3.4,3.5010618329204943,0,
5092,2010-05-13,0,3.38,3.499779700929748,0,
5093,2010-05-14,0,3.28,3.498474756581864,0,
5094,2010-05-17,0,3.31,3.4971470892547245,0,
5095,2010-05-18,0,3.21,3.4957967883262104,0,
5096,2010-05-19,0,3.19,3.494423943174205,0,
5097,2010-05-20,0,3.08,3.4930286431765865,0,
5098,2010-05-21,0,3.03,3.491610977711239,0,
5099,2010-05-24,0,3.06,3.490171036156045,0,
5100,2010-05-25,0,3.01,3.488708907888882,0,
5101,2010-05-26,0,3.04,3.487224682287635,0,
5102,2010-05-27,0,3.17,3.4857184487301853,0,
5103,2010-05-28,0,3.15,3.4841902965944125,0,
5104,2010-06-01,0,3.13,3.4826403152581986,0,
5105,2010-06-02,0,3.19,3.4810685940994266,0,
5106,2010-06-03,0,3.25,3.479475222495978,0,
5107,2010-06-04,0,3.06,3.4778602898257316,0,
5108,2010-06-07,0,3.05,3.4762238854665712,0,
5109,2010-06-08,0,3.06,3.47456609879638,0,
5110,2010-06-09,0,3.1,3.4728870191930348,0,
5111,2010-06-10,0,3.23,3.471186736034421,0,
5112,2010-06-11,0,3.16,3.46946533869842,0,
5113,2010-06-14,0,3.21,3.4677229165629107,0,
5114,2010-06-15,0,3.23,3.465959559005775,0,
5115,2010-06-16,0,3.17,3.4641753554048966,0,
5116,2010-06-17,0,3.12,3.4623703951381573,0,
5117,2010-06-18,0,3.13,3.460544767583435,0,
5118,2010-06-21,0,3.13,3.4586985621186144,0,
5119,2010-06-22,0,3.05,3.456831868121578,0,
5120,2010-06-23,0,3.0,3.4549447749702034,0,
5121,2010-06-24,0,3.01,3.453037372042374,0,
5122,2010-06-25,0,2.99,3.451109748715974,0,
5123,2010-06-28,0,2.88,3.44916199436888,0,
5124,2010-06-29,0,2.82,3.447194198378976,0,
5125,2010-06-30,0,2.79,3.4452064501241444,0,
5126,2010-07-01,0,2.79,3.4431988389822665,0,
5127,2010-07-02,0,2.83,3.4411714543312213,0,
5128,2010-07-06,0,2.78,3.4391243855488924,0,
5129,2010-07-07,0,2.84,3.4370577220131624,0,
5130,2010-07-08,0,2.89,3.4349715531019087,0,
5131,2010-07-09,0,2.9,3.4328659681930187,0,
5132,2010-07-12,0,2.92,3.4307410566643712,0,
5133,2010-07-13,0,3.0,3.4285969078938447,0,
5134,2010-07-14,0,2.92,3.4264336112593243,0,
5135,2010-07-15,0,2.85,3.4242512561386924,0,
5136,2010-07-16,0,2.81,3.422049931909827,0,
5137,2010-07-19,0,2.82,3.4198297279506105,0,
5138,2010-07-20,0,2.82,3.417590733638926,0,
5139,2010-07-21,0,2.74,3.415333038352656,0,
5140,2010-07-22,0,2.8,3.413056731469679,0,
5141,2010-07-23,0,2.86,3.4107619023678772,0,
5142,2010-07-26,0,2.86,3.4084486404251346,0,
5143,2010-07-27,0,2.93,3.4061170350193293,0,
5144,2010-07-28,0,2.88,3.4037671755283436,0,
5145,2010-07-29,0,2.88,3.4013991513300623,0,
5146,2010-07-30,0,2.79,3.399013051802363,0,
5147,2010-08-02,0,2.83,3.3966089663231287,0,
5148,2010-08-03,0,2.78,3.39418698427024,0,
5149,2010-08-04,0,2.82,3.391747195021582,0,
5150,2010-08-05,0,2.79,3.3892896879550314,0,
5151,2010-08-06,0,2.71,3.3868145524484725,0,
5152,2010-08-09,0,2.71,3.384321877879787,0,
5153,2010-08-10,0,2.64,3.3818117536268546,0,
5154,2010-08-11,0,2.57,3.3792842690675573,0,
5155,2010-08-12,0,2.58,3.3767395135797798,0,
5156,2010-08-13,0,2.53,3.374177576541398,0,
5157,2010-08-16,0,2.42,3.3715985473302967,0,
5158,2010-08-17,0,2.47,3.369002515324357,0,
5159,2010-08-18,0,2.48,3.3663895699014637,0,
5160,2010-08-19,0,2.42,3.363759800439492,0,
5161,2010-08-20,0,2.47,3.3611132963163275,0,
5162,2010-08-23,0,2.44,3.358450146909852,0,
5163,2010-08-24,0,2.34,3.3557704415979446,0,
5164,2010-08-25,0,2.38,3.3530742697584874,0,
5165,2010-08-26,0,2.34,3.3503617207693654,0,
5166,2010-08-27,0,2.51,3.3476328840084544,0,
5167,2010-08-30,0,2.4,3.3448878488536393,0,
5168,2010-08-31,0,2.33,3.342126704682801,0,
5169,2010-09-01,0,2.45,3.3393495408738247,0,
5170,2010-09-02,0,2.48,3.3365564468045847,0,
5171,2010-09-03,0,2.58,3.3337475118529656,0,
5172,2010-09-07,0,2.46,3.3309228253968532,0,
5173,2010-09-08,0,2.52,3.328082476814122,0,
5174,2010-09-09,0,2.63,3.325226555482658,0,
5175,2010-09-10,0,2.67,3.3223551507803437,0,
5176,2010-09-13,0,2.59,3.3194683520850563,0,
5177,2010-09-14,0,2.53,3.3165662487746794,0,
5178,2010-09-15,0,2.59,3.3136489302270937,0,
5179,2010-09-16,0,2.61,3.3107164858201856,0,
5180,2010-09-17,0,2.59,3.307769004931831,0,
5181,2010-09-20,0,2.55,3.304806576939911,0,
5182,2010-09-21,0,2.44,3.3018292912223126,0,
5183,2010-09-22,0,2.4,3.2988372371569117,0,
5184,2010-09-23,0,2.4,3.295830504121592,0,
5185,2010-09-24,0,2.47,3.292809181494237,0,
5186,2010-09-27,0,2.38,3.2897733586527247,0,
5187,2010-09-28,0,2.31,3.286723124974939,0,
5188,2010-09-29,0,2.36,3.2836585698387597,0,
5189,2010-09-30,0,2.36,3.2805797826220724,0,
5190,2010-10-01,0,2.38,3.2774868527027525,0,
5191,2010-10-04,0,2.37,3.2743798694586848,0,
5192,2010-10-05,0,2.38,3.2712589222677533,0,
5193,2010-10-06,0,2.28,3.2681241005078348,0,
5194,2010-10-07,0,2.28,3.264975493556813,0,
5195,2010-10-08,0,2.29,3.2618131907925707,0,
5196,2010-10-12,0,2.31,3.2586372815929856,0,
5197,2010-10-13,0,2.33,3.255447855335942,0,
5198,2010-10-14,0,2.38,3.2522450013993214,0,
5199,2010-10-15,0,2.44,3.2490288091610067,0,
5200,2010-10-18,0,2.37,3.245799367998876,0,
5201,2010-10-19,0,2.36,3.2425567672908118,0,
5202,2010-10-20,0,2.36,3.239301096414699,0,
5203,2010-10-21,0,2.44,3.2360324447484143,0,
5204,2010-10-22,0,2.46,3.232750901669841,0,
5205,2010-10-25,0,2.44,3.229456556556865,0,
5206,2010-10-26,0,2.52,3.22614949878736,0,
5207,2010-10-27,0,2.61,3.22282981773921,0,
5208,2010-10-28,0,2.56,3.2194976027903,0,
5209,2010-10-29,0,2.5,3.216152943318512,0,
5210,2010-11-01,0,2.53,3.2127959287017225,0,
5211,2010-11-02,0,2.5,3.2094266483178147,0,
5212,2010-11-03,0,2.54,3.206045191544673,0,
5213,2010-11-04,0,2.4,3.2026516477601743,0,
5214,2010-11-05,0,2.45,3.199246106342202,0,
5215,2010-11-08,0,2.47,3.1958286566686436,0,
5216,2010-11-09,0,2.59,3.192399388117371,0,
5217,2010-11-10,0,2.52,3.1889583900662695,0,
5218,2010-11-12,0,2.63,3.185505751893222,0,
5219,2010-11-15,0,2.78,3.182041562976112,0,
5220,2010-11-16,0,2.7,3.178565912692814,0,
5221,2010-11-17,0,2.75,3.175078890421215,0,
5222,2010-11-18,0,2.75,3.171580585539198,0,
5223,2010-11-19,0,2.74,3.1680710874246385,0,
5224,2010-11-22,0,2.65,3.164550485455421,0,
5225,2010-11-23,0,2.62,3.16101886900943,0,
5226,2010-11-24,0,2.77,3.157476327464542,0,
5227,2010-11-26,0,2.71,3.1539229501986403,0,
5228,2010-11-29,0,2.65,3.150358826589608,0,
5229,2010-11-30,0,2.64,3.146784046015328,0,
5230,2010-12-01,0,2.81,3.143198697853676,0,
5231,2010-12-02,0,2.84,3.1396028714825377,0,
5232,2010-12-03,0,2.88,3.135996656279796,0,
5233,2010-12-06,0,2.8,3.1323801416233277,0,
5234,2010-12-07,0,3.01,3.1287534168910165,0,
5235,2010-12-08,0,3.11,3.1251165714607483,0,
5236,2010-12-09,0,3.09,3.1214696947103975,0,
5237,2010-12-10,0,3.19,3.117812876017848,0,
5238,2010-12-13,0,3.14,3.1141462047609823,0,
5239,2010-12-14,0,3.34,3.110469770317685,0,
5240,2010-12-15,0,3.38,3.1067836620658302,0,
5241,2010-12-16,0,3.34,3.1030879693833047,0,
5242,2010-12-17,0,3.22,3.0993827816479915,0,
5243,2010-12-20,0,3.22,3.095668188237767,0,
5244,2010-12-21,0,3.21,3.0919442785305153,0,
5245,2010-12-22,0,3.22,3.0882111419041203,0,
5246,2010-12-23,0,3.27,3.084468867736458,0,
5247,2010-12-27,0,3.19,3.080717545405413,0,
5248,2010-12-28,0,3.35,3.0769572642888674,0,
5249,2010-12-29,0,3.22,3.0731881137647044,0,
5250,2010-12-30,0,3.26,3.0694101832108007,0,
5251,2010-12-31,0,3.18,3.0656235620050403,0,
5252,2011-01-03,0,3.21,3.061828339525308,0,
5253,2011-01-04,0,3.22,3.058024605149479,0,
5254,2011-01-05,0,3.36,3.0542124482554374,0,
5255,2011-01-06,0,3.29,3.0503919582210695,0,
5256,2011-01-07,0,3.2,3.046563224424249,0,
5257,2011-01-10,0,3.17,3.0427263362428607,0,
5258,2011-01-11,0,3.22,3.0388813830547896,0,
5259,2011-01-12,0,3.25,3.0350284542379105,0,
5260,2011-01-13,0,3.19,3.0311676391701097,0,
5261,2011-01-14,0,3.2,3.027299027229266,0,
5262,2011-01-18,0,3.23,3.023422707793267,0,
5263,2011-01-19,0,3.21,3.019538770239986,0,
5264,2011-01-20,0,3.31,3.0156473039473077,0,
5265,2011-01-21,0,3.28,3.011748398293119,0,
5266,2011-01-24,0,3.27,3.0078421426552917,0,
5267,2011-01-25,0,3.19,3.0039286264117124,0,
5268,2011-01-26,0,3.29,3.0000079389402656,0,
5269,2011-01-27,0,3.27,2.996080169618827,0,
5270,2011-01-28,0,3.21,2.992145407825279,0,
5271,2011-01-31,0,3.27,2.9882037429375066,0,
5272,2011-02-01,0,3.33,2.984255264333393,0,
5273,2011-02-02,0,3.36,2.9803000613908126,0,
5274,2011-02-03,0,3.44,2.97633822348765,0,
5275,2011-02-04,0,3.53,2.972369840001791,0,
5276,2011-02-07,0,3.52,2.968395000311111,0,
5277,2011-02-08,0,3.6,2.9644137937934927,0,
5278,2011-02-09,0,3.51,2.960426309826823,0,
5279,2011-02-10,0,3.58,2.9564326377889754,0,
5280,2011-02-11,0,3.52,2.9524328670578353,0,
5281,2011-02-14,0,3.49,2.948427087011284,0,
5282,2011-02-15,0,3.48,2.944415387027208,0,
5283,2011-02-16,0,3.5,2.9403978564834796,0,
5284,2011-02-17,0,3.49,2.936374584757986,0,
5285,2011-02-18,0,3.49,2.9323456612286103,0,
5286,2011-02-22,0,3.34,2.928311175273228,0,
5287,2011-02-23,0,3.37,2.924271216269723,0,
5288,2011-02-24,0,3.33,2.9202258735959825,0,
5289,2011-02-25,0,3.29,2.9161752366298788,0,
5290,2011-02-28,0,3.27,2.912119394749299,0,
5291,2011-03-01,0,3.27,2.908058437332122,0,
5292,2011-03-02,0,3.33,2.9039924537562354,0,
5293,2011-03-03,0,3.45,2.8999215333995125,0,
5294,2011-03-04,0,3.37,2.8958457656398378,0,
5295,2011-03-07,0,3.4,2.8917652398550984,0,
5296,2011-03-08,0,3.45,2.887680045423166,0,
5297,2011-03-09,0,3.38,2.8835902717219284,0,
5298,2011-03-10,0,3.29,2.879496008129269,0,
5299,2011-03-11,0,3.32,2.8753973440230616,0,
5300,2011-03-14,0,3.27,2.871294368781193,0,
5301,2011-03-15,0,3.23,2.867187171781543,0,
5302,2011-03-16,0,3.12,2.863075842401999,0,
5303,2011-03-17,0,3.17,2.858960470020433,0,
5304,2011-03-18,0,3.21,2.8548411440147317,0,
5305,2011-03-21,0,3.24,2.85071795376278,0,
5306,2011-03-22,0,3.24,2.8465909886424505,0,
5307,2011-03-23,0,3.27,2.8424603380316302,0,
5308,2011-03-24,0,3.33,2.8383260913082036,0,
5309,2011-03-25,0,3.37,2.834188337850046,0,
5310,2011-03-28,0,3.36,2.8300471670350413,0,
5311,2011-03-29,0,3.4,2.82590266824107,0,
5312,2011-03-30,0,3.37,2.8217549308460215,0,
5313,2011-03-31,0,3.38,2.8176040442277652,0,
5314,2011-04-01,0,3.39,2.8134500977641883,0,
5315,2011-04-04,0,3.39,2.8092931808331763,0,
5316,2011-04-05,0,3.43,2.8051333828126026,0,
5317,2011-04-06,0,3.5,2.800970793080353,0,
5318,2011-04-07,0,3.54,2.7968055010143127,0,
5319,2011-04-08,0,3.55,2.7926375959923555,0,
5320,2011-04-11,0,3.54,2.788467167392367,0,
5321,2011-04-12,0,3.47,2.7842943045922284,0,
5322,2011-04-13,0,3.43,2.780119096969825,0,
5323,2011-04-14,0,3.44,2.775941633903031,0,
5324,2011-04-15,0,3.36,2.7717620047697307,0,
5325,2011-04-18,0,3.33,2.7675802989478115,0,
5326,2011-04-19,0,3.33,2.763396605815146,0,
5327,2011-04-20,0,3.37,2.759211014749619,0,
5328,2011-04-21,0,3.36,2.7550236151291165,0,
5329,2011-04-25,0,3.32,2.750834496331513,0,
5330,2011-04-26,0,3.27,2.746643747734693,0,
5331,2011-04-27,0,3.33,2.7424514587165376,0,
5332,2011-04-28,0,3.3,2.7382577186549337,0,
5333,2011-04-29,0,3.28,2.7340626169277535,0,
5334,2011-05-02,0,3.26,2.7298662429128835,0,
5335,2011-05-03,0,3.25,2.7256686859882087,0,
5336,2011-05-04,0,3.22,2.7214700355316026,0,
5337,2011-05-05,0,3.16,2.7172703809209513,0,
5338,2011-05-06,0,3.17,2.7130698115341394,0,
5339,2011-05-09,0,3.14,2.7088684167490418,0,
5340,2011-05-10,0,3.2,2.704666285943542,0,
5341,2011-05-11,0,3.16,2.700463508495524,0,
5342,2011-05-12,0,3.2,2.6962601737828704,0,
5343,2011-05-13,0,3.15,2.6920563711834564,0,
5344,2011-05-16,0,3.11,2.687852190075169,0,
5345,2011-05-17,0,3.08,2.683647719835891,0,
5346,2011-05-18,0,3.13,2.6794430498434973,0,
5347,2011-05-19,0,3.12,2.675238269475874,0,
5348,2011-05-20,0,3.1,2.6710334681109043,0,
5349,2011-05-23,0,3.07,2.666828735126464,0,
5350,2011-05-24,0,3.06,2.662624159900438,0,
5351,2011-05-25,0,3.07,2.6584198318107073,0,
5352,2011-05-26,0,3.02,2.6542158402351577,0,
5353,2011-05-27,0,3.02,2.650012274551664,0,
5354,2011-05-31,0,2.99,2.64580922413811,0,
5355,2011-06-01,0,2.91,2.6416067783723807,0,
5356,2011-06-02,0,3.0,2.6374050266323517,0,
5357,2011-06-03,0,2.95,2.6332040582959078,0,
5358,2011-06-06,0,2.96,2.629003962740934,0,
5359,2011-06-07,0,2.96,2.624804829345304,0,
5360,2011-06-08,0,2.94,2.6206067474869035,0,
5361,2011-06-09,0,2.96,2.616409806543613,0,
5362,2011-06-10,0,2.94,2.6122140958933198,0,
5363,2011-06-13,0,2.95,2.6080197049138967,0,
5364,2011-06-14,0,3.06,2.6038267229832286,0,
5365,2011-06-15,0,2.93,2.599635239479202,0,
5366,2011-06-16,0,2.88,2.5954453437796903,0,
5367,2011-06-17,0,2.9,2.591257125262578,0,
5368,2011-06-20,0,2.94,2.587070673305751,0,
5369,2011-06-21,0,2.96,2.5828860772870836,0,
5370,2011-06-22,0,2.99,2.578703426584461,0,
5371,2011-06-23,0,2.92,2.574522810575765,0,
5372,2011-06-24,0,2.86,2.5703443186388792,0,
5373,2011-06-27,0,2.93,2.5661680401516795,0,
5374,2011-06-28,0,3.02,2.5619940644920507,0,
5375,2011-06-29,0,3.12,2.557822481037878,0,
5376,2011-06-30,0,3.15,2.5536533791670344,0,
5377,2011-07-01,0,3.2,2.549486848257407,0,
5378,2011-07-05,0,3.14,2.5453229776868804,0,
5379,2011-07-06,0,3.11,2.5411618568333276,0,
5380,2011-07-07,0,3.14,2.537003575074635,0,
5381,2011-07-08,0,3.0,2.532848221788687,0,
5382,2011-07-11,0,2.91,2.5286958863533586,0,
5383,2011-07-12,0,2.89,2.5245466581465354,0,
5384,2011-07-13,0,2.91,2.5204006265460968,0,
5385,2011-07-14,0,2.97,2.5162578809299303,0,
5386,2011-07-15,0,2.92,2.5121185106759083,0,
5387,2011-07-18,0,2.92,2.507982605161918,0,
5388,2011-07-19,0,2.88,2.5038502537658425,0,
5389,2011-07-20,0,2.94,2.499721545865557,0,
5390,2011-07-21,0,2.98,2.4955965708389476,0,
5391,2011-07-22,0,2.94,2.4914754180638976,0,
5392,2011-07-25,0,2.98,2.487358176918282,0,
5393,2011-07-26,0,2.92,2.4832449367799865,0,
5394,2011-07-27,0,2.93,2.4791357870268915,0,
5395,2011-07-28,0,2.91,2.4750308170368833,0,
5396,2011-07-29,0,2.72,2.4709301161878354,0,
5397,2011-08-01,0,2.67,2.466833773857634,0,
5398,2011-08-02,0,2.6,2.462741879424163,0,
5399,2011-08-03,0,2.62,2.458654522265297,0,
5400,2011-08-04,0,2.45,2.454571791758921,0,
5401,2011-08-05,0,2.57,2.450493777282922,0,
5402,2011-08-08,0,2.35,2.446420568215171,0,
5403,2011-08-09,0,2.17,2.4423522539335565,0,
5404,2011-08-10,0,2.15,2.438288923815957,0,
5405,2011-08-11,0,2.31,2.43423066724026,0,
5406,2011-08-12,0,2.22,2.4301775735843383,0,
5407,2011-08-15,0,2.27,2.4261297322260775,0,
5408,2011-08-16,0,2.2,2.422087232543364,0,
5409,2011-08-17,0,2.16,2.4180501639140695,0,
5410,2011-08-18,0,2.07,2.4140186157160812,0,
5411,2011-08-19,0,2.04,2.4099926773272835,0,
5412,2011-08-22,0,2.09,2.4059724381255507,0,
5413,2011-08-23,0,2.14,2.401957987488768,0,
5414,2011-08-24,0,2.27,2.3979494147948173,0,
5415,2011-08-25,0,2.22,2.393946809421583,0,
5416,2011-08-26,0,2.18,2.38995026074694,0,
5417,2011-08-29,0,2.25,2.385959858148772,0,
5418,2011-08-30,0,2.18,2.381975691004967,0,
5419,2011-08-31,0,2.21,2.377997848693398,0,
5420,2011-09-01,0,2.13,2.3740264205919486,0,
5421,2011-09-02,0,2.0,2.3700614960785056,0,
5422,2011-09-06,0,1.96,2.3661031645309425,0,
5423,2011-09-07,0,2.02,2.362151515327145,0,
5424,2011-09-08,0,1.98,2.3582066378449946,0,
5425,2011-09-09,0,1.92,2.3542686214623756,0,
5426,2011-09-12,0,1.93,2.350337555557163,0,
5427,2011-09-13,0,1.99,2.3464135295072426,0,
5428,2011-09-14,0,2.02,2.3424966326904975,0,
5429,2011-09-15,0,2.08,2.3385869544848044,0,
5430,2011-09-16,0,2.07,2.3346845842680475,0,
5431,2011-09-19,0,1.96,2.330789611418111,0,
5432,2011-09-20,0,1.94,2.3269021253128703,0,
5433,2011-09-21,0,1.87,2.3230222153302105,0,
5434,2011-09-22,0,1.72,2.319149970848012,0,
5435,2011-09-23,0,1.83,2.3152854812441612,0,
5436,2011-09-26,0,1.89,2.3114288358965314,0,
5437,2011-09-27,0,1.99,2.307580124183009,0,
5438,2011-09-28,0,2.0,2.303739435481478,0,
5439,2011-09-29,0,1.97,2.299906859169814,0,
5440,2011-09-30,0,1.9,2.2960824846259005,0,
5441,2011-10-03,0,1.78,2.2922664012276233,0,
5442,2011-10-04,0,1.8,2.2884586983528563,0,
5443,2011-10-05,0,1.92,2.284659465379486,0,
5444,2011-10-06,0,1.99,2.280868791685393,0,
5445,2011-10-07,0,2.09,2.277086766648462,0,
5446,2011-10-11,0,2.16,2.273313479646568,0,
5447,2011-10-12,0,2.22,2.269549020057596,0,
5448,2011-10-13,0,2.17,2.2657934772594315,0,
5449,2011-10-14,0,2.23,2.2620469406299475,0,
5450,2011-10-17,0,2.14,2.2583094995470305,0,
5451,2011-10-18,0,2.15,2.2545812433885652,0,
5452,2011-10-19,0,2.15,2.2508622615324256,0,
5453,2011-10-20,0,2.17,2.2471526433564963,0,
5454,2011-10-21,0,2.21,2.243452478238661,0,
5455,2011-10-24,0,2.23,2.2397618555568024,0,
5456,2011-10-25,0,2.13,2.236080864688796,0,
5457,2011-10-26,0,2.21,2.232409595012527,0,
5458,2011-10-27,0,2.4,2.22874813590588,0,
5459,2011-10-28,0,2.33,2.2250965767467297,0,
5460,2011-10-31,0,2.16,2.2214550069129615,0,
5461,2011-11-01,0,1.99,2.217823515782459,0,
5462,2011-11-02,0,2.02,2.214202192733099,0,
5463,2011-11-03,0,2.08,2.2105911271427643,0,
5464,2011-11-04,0,2.05,2.2069904083893386,0,
5465,2011-11-07,0,2.03,2.2034001258507048,0,
5466,2011-11-08,0,2.09,2.199820368904738,0,
5467,2011-11-09,0,1.99,2.1962512269293244,0,
5468,2011-11-10,0,2.03,2.192692789302347,0,
5469,2011-11-14,0,2.03,2.1891451454016826,0,
5470,2011-11-15,0,2.05,2.1856083846052154,0,
5471,2011-11-16,0,1.99,2.18208259629083,0,
5472,2011-11-17,0,1.94,2.1785678698364,0,
5473,2011-11-18,0,1.99,2.1750642946198124,0,
5474,2011-11-21,0,1.95,2.1715719600189485,0,
5475,2011-11-22,0,1.92,2.168090955411692,0,
5476,2011-11-23,0,1.87,2.164621370175918,0,
5477,2011-11-25,0,1.95,2.161163293689511,0,
5478,2011-11-28,0,1.94,2.157716815330357,0,
5479,2011-11-29,0,1.98,2.1542820244763305,0,
5480,2011-11-30,0,2.07,2.1508590105053162,0,
5481,2011-12-01,0,2.1,2.1474478627951985,0,
5482,2011-12-02,0,2.02,2.144048670723853,0,
5483,2011-12-05,0,2.03,2.1406615236691646,0,
5484,2011-12-06,0,2.07,2.137286511009014,0,
5485,2011-12-07,0,2.0,2.133923722121286,0,
5486,2011-12-08,0,1.98,2.130573246383857,0,
5487,2011-12-09,0,2.06,2.127235173174611,0,
5488,2011-12-12,0,2.02,2.123909591871432,0,
5489,2011-12-13,0,1.95,2.1205965918521956,0,
5490,2011-12-14,0,1.91,2.117296262494787,0,
5491,2011-12-15,0,1.92,2.11400869317709,0,
5492,2011-12-16,0,1.86,2.1107339732769805,0,
5493,2011-12-19,0,1.81,2.107472192172343,0,
5494,2011-12-20,0,1.93,2.1042234392410593,0,
5495,2011-12-21,0,1.97,2.100987803861013,0,
5496,2011-12-22,0,1.96,2.0977653754100802,0,
5497,2011-12-23,0,2.02,2.094556243266146,0,
5498,2011-12-27,0,2.0,2.0913604968070945,0,
5499,2011-12-28,0,1.92,2.0881782254108012,0,
5500,2011-12-29,0,1.89,2.0850095184551503,0,
5501,2011-12-30,0,1.87,2.081854465318026,0,
5502,2012-01-03,0,1.95,2.078713155377305,0,
5503,2012-01-04,0,1.98,2.075585678010871,0,
5504,2012-01-05,0,2.0,2.0724721225966083,0,
5505,2012-01-06,0,1.96,2.0693725785123935,0,
5506,2012-01-09,0,1.97,2.0662871351361103,0,
5507,2012-01-10,0,1.98,2.063215881845641,0,
5508,2012-01-11,0,1.91,2.0601589080188685,0,
5509,2012-01-12,0,1.91,2.05711630303367,0,
5510,2012-01-13,0,1.86,2.054088156267929,0,
5511,2012-01-17,0,1.84,2.0510745570995303,0,
5512,2012-01-18,0,1.89,2.0480755949063503,0,
5513,2012-01-19,0,1.95,2.045091359066272,0,
5514,2012-01-20,0,1.99,2.0421219389571803,0,
5515,2012-01-23,0,2.04,2.0391674239569517,0,
5516,2012-01-24,0,2.04,2.0362279034434705,0,
5517,2012-01-25,0,1.96,2.0333034667946173,0,
5518,2012-01-26,0,1.91,2.030394203388277,0,
5519,2012-01-27,0,1.87,2.027500202602326,0,
5520,2012-01-30,0,1.82,2.0246215538146473,0,
5521,2012-01-31,0,1.77,2.0217583464031263,0,
5522,2012-02-01,0,1.81,2.018910669745639,0,
5523,2012-02-02,0,1.78,2.0160786132200688,0,
5524,2012-02-03,0,1.89,2.013262266204301,0,
5525,2012-02-06,0,1.85,2.010461718076211,0,
5526,2012-02-07,0,1.92,2.007677058213683,0,
5527,2012-02-08,0,1.91,2.004908375994599,0,
5528,2012-02-09,0,1.95,2.0021557607968425,0,
5529,2012-02-10,0,1.87,1.9994193019982909,0,
5530,2012-02-13,0,1.88,1.9966990889768275,0,
5531,2012-02-14,0,1.79,1.9939952111103365,0,
5532,2012-02-15,0,1.81,1.9913077577766947,0,
5533,2012-02-16,0,1.89,1.9886368183537846,0,
5534,2012-02-17,0,1.91,1.9859824822194918,0,
5535,2012-02-21,0,1.96,1.983344838751693,0,
5536,2012-02-22,0,1.91,1.9807239773282712,0,
5537,2012-02-23,0,1.9,1.9781199873271091,0,
5538,2012-02-24,0,1.88,1.975532958126089,0,
5539,2012-02-27,0,1.79,1.9729629791030887,0,
5540,2012-02-28,0,1.84,1.9704101396359928,0,
5541,2012-02-29,0,1.9,1.9678745291026831,0,
5542,2012-03-01,0,1.94,1.9653562368810387,0,
5543,2012-03-02,0,1.92,1.9628553523489423,0,
5544,2012-03-05,0,1.92,1.960371964884278,0,
5545,2012-03-06,0,1.88,1.957906163864922,0,
5546,2012-03-07,0,1.9,1.955458038668759,0,
5547,2012-03-08,0,1.94,1.9530276786736702,0,
5548,2012-03-09,0,1.95,1.9506151732575392,0,
5549,2012-03-12,0,1.95,1.9482206117982432,0,
5550,2012-03-13,0,2.06,1.9458440836736663,0,
5551,2012-03-14,0,2.2,1.9434856782616918,0,
5552,2012-03-15,0,2.21,1.9411454849401966,0,
5553,2012-03-16,0,2.22,1.9388235930870654,0,
5554,2012-03-19,0,2.29,1.9365200920801806,0,
5555,2012-03-20,0,2.27,1.9342350712974203,0,
5556,2012-03-21,0,2.22,1.9319686201166688,0,
5557,2012-03-22,0,2.21,1.9297208279158053,0,
5558,2012-03-23,0,2.17,1.9274917840727157,0,
5559,2012-03-26,0,2.17,1.9252815779652765,0,
5560,2012-03-27,0,2.11,1.9230902989713712,0,
5561,2012-03-28,0,2.12,1.9209180364688838,0,
5562,2012-03-29,0,2.11,1.9187648798356904,0,
5563,2012-03-30,0,2.16,1.9166309184496766,0,
5564,2012-04-02,0,2.14,1.9145162416887247,0,
5565,2012-04-03,0,2.21,1.9124209389307119,0,
5566,2012-04-04,0,2.17,1.9103450995535232,0,
5567,2012-04-05,0,2.11,1.9082888129350386,0,
5568,2012-04-06,0,1.99,1.9062521684531422,0,
5569,2012-04-09,0,1.97,1.9042352554857116,0,
5570,2012-04-10,0,1.91,1.9022381634106305,0,
5571,2012-04-11,0,1.95,1.9002609816057816,0,
5572,2012-04-12,0,1.99,1.8983037994490435,0,
5573,2012-04-13,0,1.93,1.896366706318299,0,
5574,2012-04-16,0,1.92,1.894449791591432,0,
5575,2012-04-17,0,1.94,1.8925531446463202,0,
5576,2012-04-18,0,1.93,1.8906768548608457,0,
5577,2012-04-19,0,1.91,1.8888210116128918,0,
5578,2012-04-20,0,1.91,1.8869857042803415,0,
5579,2012-04-23,0,1.88,1.885171022241072,0,
5580,2012-04-24,0,1.91,1.8833770548729674,0,
5581,2012-04-25,0,1.91,1.8816038669067476,0,
5582,2012-04-26,0,1.89,1.8798514244844793,0,
5583,2012-04-27,0,1.87,1.8781196691010715,0,
5584,2012-04-30,0,1.85,1.8764085422514318,0,
5585,2012-05-01,0,1.89,1.8747179854304652,0,
5586,2012-05-02,0,1.88,1.87304794013308,0,
5587,2012-05-03,0,1.87,1.8713983478541827,0,
5588,2012-05-04,0,1.84,1.8697691500886824,0,
5589,2012-05-07,0,1.81,1.8681602883314836,0,
5590,2012-05-08,0,1.78,1.866571704077494,0,
5591,2012-05-09,0,1.78,1.8650033388216225,0,
5592,2012-05-10,0,1.78,1.8634551340587737,0,
5593,2012-05-11,0,1.74,1.8619270312838552,0,
5594,2012-05-14,0,1.68,1.8604189719917759,0,
5595,2012-05-15,0,1.67,1.8589308976774401,0,
5596,2012-05-16,0,1.66,1.8574627498357565,0,
5597,2012-05-17,0,1.6,1.8560144699616312,0,
5598,2012-05-18,0,1.63,1.8545859995499738,0,
5599,2012-05-21,0,1.66,1.8531772800956885,0,
5600,2012-05-22,0,1.7,1.8517882530936827,0,
5601,2012-05-23,0,1.64,1.8504188600388651,0,
5602,2012-05-24,0,1.67,1.8490690424261416,0,
5603,2012-05-25,0,1.66,1.847738741750419,0,
5604,2012-05-29,0,1.65,1.846427899506606,0,
5605,2012-05-30,0,1.55,1.8451364571896072,0,
5606,2012-05-31,0,1.52,1.8438643562943309,0,
5607,2012-06-01,0,1.4,1.8426115383156842,0,
5608,2012-06-04,0,1.45,1.8413779447485754,0,
5609,2012-06-05,0,1.49,1.840163517087909,0,
5610,2012-06-06,0,1.56,1.8389681968285934,0,
5611,2012-06-07,0,1.56,1.837791925465537,0,
5612,2012-06-08,0,1.55,1.836634644493644,0,
5613,2012-06-11,0,1.51,1.8354962954078236,0,
5614,2012-06-12,0,1.56,1.8343768197029826,0,
5615,2012-06-13,0,1.51,1.8332761588740272,0,
5616,2012-06-14,0,1.52,1.8321942544158643,0,
5617,2012-06-15,0,1.51,1.831131047823402,0,
5618,2012-06-18,0,1.49,1.8300864805915475,0,
5619,2012-06-19,0,1.54,1.829060494215207,0,
5620,2012-06-20,0,1.55,1.8280530301892879,0,
5621,2012-06-21,0,1.53,1.8270640300086978,0,
5622,2012-06-22,0,1.6,1.8260934351683427,0,
5623,2012-06-25,0,1.52,1.82514118716313,0,
5624,2012-06-26,0,1.55,1.8242072274879673,0,
5625,2012-06-27,0,1.55,1.8232914976377605,0,
5626,2012-06-28,0,1.51,1.822393939107418,0,
5627,2012-06-29,0,1.57,1.8215144933918463,0,
5628,2012-07-02,0,1.51,1.820653101985953,0,
5629,2012-07-03,0,1.55,1.8198097063846437,0,
5630,2012-07-05,0,1.54,1.8189842480828267,0,
5631,2012-07-06,0,1.49,1.8181766685754088,0,
5632,2012-07-09,0,1.44,1.817386909357297,0,
5633,2012-07-10,0,1.44,1.8166149119233985,0,
5634,2012-07-11,0,1.44,1.8158606177686203,0,
5635,2012-07-12,0,1.4,1.8151239683878695,0,
5636,2012-07-13,0,1.42,1.8144049052760525,0,
5637,2012-07-16,0,1.4,1.8137033699280776,0,
5638,2012-07-17,0,1.43,1.8130193038388505,0,
5639,2012-07-18,0,1.43,1.8123526485032795,0,
5640,2012-07-19,0,1.45,1.8117033454162703,0,
5641,2012-07-20,0,1.4,1.811071336072732,0,
5642,2012-07-23,0,1.37,1.8104565619675694,0,
5643,2012-07-24,0,1.34,1.809858964595691,0,
5644,2012-07-25,0,1.32,1.8092784854520032,0,
5645,2012-07-26,0,1.34,1.8087150660314133,0,
5646,2012-07-27,0,1.47,1.808168647828829,0,
5647,2012-07-30,0,1.42,1.8076391723391563,0,
5648,2012-07-31,0,1.4,1.807126581057303,0,
5649,2012-08-01,0,1.46,1.8066308154781752,0,
5650,2012-08-02,0,1.42,1.8061518170966806,0,
5651,2012-08-03,0,1.51,1.805689527407727,0,
5652,2012-08-06,0,1.49,1.80524388790622,0,
5653,2012-08-07,0,1.54,1.8048148400870676,0,
5654,2012-08-08,0,1.56,1.8044023254451769,0,
5655,2012-08-09,0,1.57,1.8040062854754546,0,
5656,2012-08-10,0,1.54,1.803626661672808,0,
5657,2012-08-13,0,1.53,1.8032633955321442,0,
5658,2012-08-14,0,1.62,1.8029164285483694,0,
5659,2012-08-15,0,1.71,1.8025857022163916,0,
5660,2012-08-16,0,1.74,1.8022711580311177,0,
5661,2012-08-17,0,1.72,1.8019727374874552,0,
5662,2012-08-20,0,1.71,1.80169038208031,0,
5663,2012-08-21,0,1.69,1.8014240333045899,0,
5664,2012-08-22,0,1.6,1.8011736326552024,0,
5665,2012-08-23,0,1.56,1.8009391216270536,0,
5666,2012-08-24,0,1.57,1.800720441715051,0,
5667,2012-08-27,0,1.53,1.8005175344141018,0,
5668,2012-08-28,0,1.53,1.8003303412191127,0,
5669,2012-08-29,0,1.54,1.8001588036249907,0,
5670,2012-08-30,0,1.52,1.8000028631266434,0,
5671,2012-08-31,0,1.48,1.799862461218978,0,
5672,2012-09-04,0,1.49,1.7997375393969006,0,
5673,2012-09-05,0,1.49,1.7996280391553192,0,
5674,2012-09-06,0,1.56,1.79953390198914,0,
5675,2012-09-07,0,1.55,1.7994550693932707,0,
5676,2012-09-10,0,1.57,1.7993914828626183,0,
5677,2012-09-11,0,1.6,1.7993430838920899,0,
5678,2012-09-12,0,1.67,1.7993098139765924,0,
5679,2012-09-13,0,1.65,1.7992916146110332,0,
5680,2012-09-14,0,1.76,1.7992884272903178,0,
5681,2012-09-17,0,1.74,1.7993001935093555,0,
5682,2012-09-18,0,1.72,1.7993268547630523,0,
5683,2012-09-19,0,1.68,1.7993683525463153,0,
5684,2012-09-20,0,1.69,1.7994246283540514,0,
5685,2012-09-21,0,1.66,1.7994956236811677,0,
5686,2012-09-24,0,1.63,1.7995812800225721,0,
5687,2012-09-25,0,1.59,1.7996815388731697,0,
5688,2012-09-26,0,1.52,1.79979634172787,0,
5689,2012-09-27,0,1.56,1.7999256300815787,0,
5690,2012-09-28,0,1.54,1.8000693454292025,0,
5691,2012-10-01,0,1.54,1.8002274292656493,0,
5692,2012-10-02,0,1.54,1.8003998230858262,0,
5693,2012-10-03,0,1.54,1.8005864683846395,0,
5694,2012-10-04,0,1.6,1.8007873066569968,0,
5695,2012-10-05,0,1.64,1.8010022793978049,0,
5696,2012-10-09,0,1.64,1.8012313281019716,0,
5697,2012-10-10,0,1.62,1.8014743942644027,0,
5698,2012-10-11,0,1.6,1.8017314193800065,0,
5699,2012-10-12,0,1.57,1.8020023449436893,0,
5700,2012-10-15,0,1.59,1.8022871124503583,0,
5701,2012-10-16,0,1.66,1.8025856633949202,0,
5702,2012-10-17,0,1.72,1.8028979392722826,0,
5703,2012-10-18,0,1.76,1.803223881577353,0,
5704,2012-10-19,0,1.69,1.8035634318050378,0,
5705,2012-10-22,0,1.73,1.8039165314502439,0,
5706,2012-10-23,0,1.68,1.804283122007879,0,
5707,2012-10-24,0,1.69,1.8046631449728492,0,
5708,2012-10-25,0,1.75,1.8050565418400621,0,
5709,2012-10-26,0,1.66,1.8054632541044255,0,
5710,2012-10-29,0,1.6,1.8058832232608455,0,
5711,2012-10-31,0,1.61,1.8063163908042292,0,
5712,2012-11-01,0,1.66,1.8067626982294842,0,
5713,2012-11-02,0,1.66,1.807222087031517,0,
5714,2012-11-05,0,1.61,1.807694498705235,0,
5715,2012-11-06,0,1.68,1.8081798747455455,0,
5716,2012-11-07,0,1.57,1.8086781566473544,0,
5717,2012-11-08,0,1.52,1.8091892859055698,0,
5718,2012-11-09,0,1.52,1.8097132040150992,0,
5719,2012-11-13,0,1.48,1.8102498524708486,0,
5720,2012-11-14,0,1.49,1.810799172767726,0,
5721,2012-11-15,0,1.5,1.811361106400637,0,
5722,2012-11-16,0,1.52,1.81193559486449,0,
5723,2012-11-19,0,1.52,1.8125225796541922,0,
5724,2012-11-20,0,1.57,1.813122002264649,0,
5725,2012-11-21,0,1.59,1.81373380419077,0,
5726,2012-11-23,0,1.6,1.81435792692746,0,
5727,2012-11-26,0,1.55,1.8149943119696264,0,
5728,2012-11-27,0,1.53,1.8156429008121775,0,
5729,2012-11-28,0,1.52,1.8163036349500197,0,
5730,2012-11-29,0,1.53,1.8169764558780601,0,
5731,2012-11-30,0,1.54,1.8176613050912047,0,
5732,2012-12-03,0,1.52,1.8183581240843623,0,
5733,2012-12-04,0,1.52,1.8190668543524393,0,
5734,2012-12-05,0,1.5,1.8197874373903418,0,
5735,2012-12-06,0,1.49,1.8205198146929782,0,
5736,2012-12-07,0,1.54,1.8212639277552554,0,
5737,2012-12-10,0,1.53,1.8220197180720792,0,
5738,2012-12-11,0,1.57,1.8227871271383582,0,
5739,2012-12-12,0,1.65,1.8235660964489993,0,
5740,2012-12-13,0,1.68,1.8243565674989086,0,
5741,2012-12-14,0,1.68,1.8251584817829936,0,
5742,2012-12-17,0,1.73,1.825971780796161,0,
5743,2012-12-18,0,1.78,1.8267964060333193,0,
5744,2012-12-19,0,1.77,1.827632298989373,0,
5745,2012-12-20,0,1.75,1.8284794011592322,0,
5746,2012-12-21,0,1.71,1.8293376540378021,0,
5747,2012-12-24,0,1.73,1.8302069991199896,0,
5748,2012-12-26,0,1.68,1.8310873779007029,0,
5749,2012-12-27,0,1.66,1.8319787318748484,0,
5750,2012-12-28,0,1.72,1.832881002537333,0,
5751,2012-12-31,0,1.73,1.8337941313830635,0,
5752,2013-01-02,0,1.78,1.8347180599069481,0,
5753,2013-01-03,0,1.84,1.8356527296038931,0,
5754,2013-01-04,0,1.86,1.8365980819688053,0,
5755,2013-01-07,0,1.85,1.8375540584965928,0,
5756,2013-01-08,0,1.81,1.8385206006821613,0,
5757,2013-01-09,0,1.81,1.839497650020418,0,
5758,2013-01-10,0,1.85,1.8404851480062716,0,
5759,2013-01-11,0,1.81,1.8414830361346282,0,
5760,2013-01-14,0,1.8,1.842491255900394,0,
5761,2013-01-15,0,1.77,1.8435097487984762,0,
5762,2013-01-16,0,1.76,1.8445384563237839,0,
5763,2013-01-17,0,1.81,1.845577319971222,0,
5764,2013-01-18,0,1.79,1.8466262812356973,0,
5765,2013-01-22,0,1.78,1.8476852816121194,0,
5766,2013-01-23,0,1.78,1.8487542625953934,0,
5767,2013-01-24,0,1.79,1.8498331656804259,0,
5768,2013-01-25,0,1.9,1.850921932362126,0,
5769,2013-01-28,0,1.93,1.852020504135399,0,
5770,2013-01-29,0,1.95,1.853128822495152,0,
5771,2013-01-30,0,1.95,1.8542468289362932,0,
5772,2013-01-31,0,1.95,1.8553744649537294,0,
5773,2013-02-01,0,1.98,1.8565116720423667,0,
5774,2013-02-04,0,1.93,1.8576583916971123,0,
5775,2013-02-05,0,1.97,1.858814565412875,0,
5776,2013-02-06,0,1.93,1.8599801346845601,0,
5777,2013-02-07,0,1.92,1.8611550410070743,0,
5778,2013-02-08,0,1.92,1.8623392258753264,0,
5779,2013-02-11,0,1.9,1.8635326307842224,0,
5780,2013-02-12,0,1.93,1.8647351972286685,0,
5781,2013-02-13,0,1.94,1.8659468667035746,0,
5782,2013-02-14,0,1.89,1.8671675807038455,0,
5783,2013-02-15,0,1.9,1.8683972807243887,0,
5784,2013-02-19,0,1.9,1.86963590826011,0,
5785,2013-02-20,0,1.9,1.8708834048059189,0,
5786,2013-02-21,0,1.86,1.8721397118567213,0,
5787,2013-02-22,0,1.84,1.873404770907423,0,
5788,2013-02-25,0,1.75,1.874678523452934,0,
5789,2013-02-26,0,1.73,1.8759609109881594,0,
5790,2013-02-27,0,1.79,1.8772518750080052,0,
5791,2013-02-28,0,1.77,1.8785513570073815,0,
5792,2013-03-01,0,1.75,1.8798592984811933,0,
5793,2013-03-04,0,1.76,1.8811756409243474,0,
5794,2013-03-05,0,1.81,1.8825003258317514,0,
5795,2013-03-06,0,1.85,1.8838332946983127,0,
5796,2013-03-07,0,1.9,1.8851744890189388,0,
5797,2013-03-08,0,1.96,1.8865238502885349,0,
5798,2013-03-11,0,1.96,1.8878813200020097,0,
5799,2013-03-12,0,1.92,1.8892468396542705,0,
5800,2013-03-13,0,1.95,1.8906203507402222,0,
5801,2013-03-14,0,1.94,1.8920017947547743,0,
5802,2013-03-15,0,1.91,1.8933911131928334,0,
5803,2013-03-18,0,1.89,1.8947882475493059,0,
5804,2013-03-19,0,1.85,1.8961931393190976,0,
5805,2013-03-20,0,1.89,1.897605729997118,0,
5806,2013-03-21,0,1.88,1.8990259610782734,0,
5807,2013-03-22,0,1.86,1.9004537740574692,0,
5808,2013-03-25,0,1.85,1.9018891104296152,0,
5809,2013-03-26,0,1.85,1.903331911689617,0,
5810,2013-03-27,0,1.78,1.9047821193323806,0,
5811,2013-03-28,0,1.8,1.9062396748528154,0,
5812,2013-04-01,0,1.78,1.9077045197458276,0,
5813,2013-04-02,0,1.8,1.9091765955063236,0,
5814,2013-04-03,0,1.77,1.9106558436292094,0,
5815,2013-04-04,0,1.71,1.9121422056093949,0,
5816,2013-04-05,0,1.65,1.913635622941786,0,
5817,2013-04-08,0,1.69,1.9151360371212878,0,
5818,2013-04-09,0,1.72,1.9166433896428103,0,
5819,2013-04-10,0,1.77,1.9181576220012597,0,
5820,2013-04-11,0,1.75,1.9196786756915412,0,
5821,2013-04-12,0,1.69,1.9212064922085645,0,
5822,2013-04-15,0,1.66,1.9227410130472358,0,
5823,2013-04-16,0,1.69,1.9242821797024614,0,
5824,2013-04-17,0,1.67,1.925829933669148,0,
5825,2013-04-18,0,1.67,1.9273842164422044,0,
5826,2013-04-19,0,1.68,1.928944969516537,0,
5827,2013-04-22,0,1.67,1.9305121343870513,0,
5828,2013-04-23,0,1.69,1.932085652548657,0,
5829,2013-04-24,0,1.67,1.9336654654962595,0,
5830,2013-04-25,0,1.69,1.9352515147247646,0,
5831,2013-04-26,0,1.65,1.9368437417290827,0,
5832,2013-04-29,0,1.65,1.938442088004119,0,
5833,2013-04-30,0,1.65,1.9400464950447813,0,
5834,2013-05-01,0,1.6,1.9416569043459742,0,
5835,2013-05-02,0,1.61,1.9432732574026077,0,
5836,2013-05-03,0,1.73,1.944895495709588,0,
5837,2013-05-06,0,1.76,1.9465235607618203,0,
5838,2013-05-07,0,1.78,1.948157394054215,0,
5839,2013-05-08,0,1.77,1.949796937081677,0,
5840,2013-05-09,0,1.77,1.9514421313391128,0,
5841,2013-05-10,0,1.86,1.9530929183214316,0,
5842,2013-05-13,0,1.87,1.9547492395235397,0,
5843,2013-05-14,0,1.91,1.956411036440343,0,
5844,2013-05-15,0,1.9,1.9580782505667491,0,
5845,2013-05-16,0,1.84,1.9597508233976657,0,
5846,2013-05-17,0,1.91,1.961428696428,0,
5847,2013-05-20,0,1.92,1.9631118111526564,0,
5848,2013-05-21,0,1.9,1.964800109066546,0,
5849,2013-05-22,0,1.98,1.9664935316645742,0,
5850,2013-05-23,0,1.97,1.9681920204416459,0,
5851,2013-05-24,0,1.96,1.9698955168926715,0,
5852,2013-05-28,0,2.1,1.971603962512557,0,
5853,2013-05-29,0,2.08,1.9733172987962087,0,
5854,2013-05-30,0,2.09,1.9750354672385328,0,
5855,2013-05-31,0,2.12,1.976758409334439,0,
5856,2013-06-03,0,2.08,1.9784860665788333,0,
5857,2013-06-04,0,2.1,1.9802183804666207,0,
5858,2013-06-05,0,2.05,1.9819552924927113,0,
5859,2013-06-06,0,2.03,1.9836967441520108,0,
5860,2013-06-07,0,2.13,1.9854426769394247,0,
5861,2013-06-10,0,2.17,1.9871930323498639,0,
5862,2013-06-11,0,2.15,1.9889477518782328,0,
5863,2013-06-12,0,2.2,1.9907067770194384,0,
5864,2013-06-13,0,2.14,1.9924700492683876,0,
5865,2013-06-14,0,2.09,1.9942375101199892,0,
5866,2013-06-17,0,2.14,1.9960091010691492,0,
5867,2013-06-18,0,2.15,1.9977847636107728,0,
5868,2013-06-19,0,2.28,1.999564439239771,0,
5869,2013-06-20,0,2.36,2.0013480694510486,0,
5870,2013-06-21,0,2.47,2.0031355957395114,0,
5871,2013-06-24,0,2.5,2.004926959600069,0,
5872,2013-06-25,0,2.54,2.006722102527627,0,
5873,2013-06-26,0,2.48,2.0085209660170933,0,
5874,2013-06-27,0,2.43,2.0103234915633736,0,
5875,2013-06-28,0,2.48,2.0121296206613764,0,
5876,2013-07-01,0,2.46,2.0139392948060086,0,
5877,2013-07-02,0,2.45,2.0157524554921755,0,
5878,2013-07-03,0,2.47,2.0175690442147864,0,
5879,2013-07-05,0,2.69,2.019389002468748,0,
5880,2013-07-08,0,2.6,2.0212122717489653,0,
5881,2013-07-09,0,2.61,2.023038793550348,0,
5882,2013-07-10,0,2.66,2.0248685093678023,0,
5883,2013-07-11,0,2.56,2.0267013606962356,0,
5884,2013-07-12,0,2.57,2.028537289030552,0,
5885,2013-07-15,0,2.52,2.030376235865663,0,
5886,2013-07-16,0,2.52,2.0322181426964723,0,
5887,2013-07-17,0,2.49,2.034062951017888,0,
5888,2013-07-18,0,2.53,2.035910602324819,0,
5889,2013-07-19,0,2.47,2.03776103811217,0,
5890,2013-07-22,0,2.46,2.039614199874848,0,
5891,2013-07-23,0,2.5,2.0414700291077623,0,
5892,2013-07-24,0,2.58,2.0433284673058187,0,
5893,2013-07-25,0,2.59,2.0451894559639228,0,
5894,2013-07-26,0,2.55,2.0470529365769834,0,
5895,2013-07-29,0,2.58,2.0489188506399074,0,
5896,2013-07-30,0,2.59,2.050787139647602,0,
5897,2013-07-31,0,2.56,2.0526577450949723,0,
5898,2013-08-01,0,2.7,2.0545306084769286,0,
5899,2013-08-02,0,2.59,2.0564056712883763,0,
5900,2013-08-05,0,2.62,2.0582828750242212,0,
5901,2013-08-06,0,2.63,2.0601621611793726,0,
5902,2013-08-07,0,2.56,2.0620434712487365,0,
5903,2013-08-08,0,2.53,2.063926746727218,0,
5904,2013-08-09,0,2.52,2.0658119291097297,0,
5905,2013-08-12,0,2.54,2.0676989598911737,0,
5906,2013-08-13,0,2.65,2.069587780566459,0,
5907,2013-08-14,0,2.66,2.0714783326304897,0,
5908,2013-08-15,0,2.72,2.0733705575781776,0,
5909,2013-08-16,0,2.79,2.0752643969044278,0,
5910,2013-08-19,0,2.82,2.077159792104144,0,
5911,2013-08-20,0,2.78,2.0790566846722394,0,
5912,2013-08-21,0,2.83,2.0809550161036183,0,
5913,2013-08-22,0,2.87,2.0828547278931846,0,
5914,2013-08-23,0,2.79,2.0847557615358503,0,
5915,2013-08-26,0,2.75,2.08665805852652,0,
5916,2013-08-27,0,2.67,2.088561560360102,0,
5917,2013-08-28,0,2.75,2.0904662085315002,0,
5918,2013-08-29,0,2.73,2.0923719445356252,0,
5919,2013-08-30,0,2.75,2.094278709867384,0,
5920,2013-09-03,0,2.84,2.0961864460216795,0,
5921,2013-09-04,0,2.88,2.098095094493425,0,
5922,2013-09-05,0,2.96,2.1000045967775227,0,
5923,2013-09-06,0,2.92,2.10191489436888,0,
5924,2013-09-09,0,2.88,2.103825928762407,0,
5925,2013-09-10,0,2.94,2.1057376414530093,0,
5926,2013-09-11,0,2.91,2.1076499739355934,0,
5927,2013-09-12,0,2.91,2.109562867705065,0,
5928,2013-09-13,0,2.89,2.1114762642563347,0,
5929,2013-09-16,0,2.86,2.1133901050843074,0,
5930,2013-09-17,0,2.85,2.1153043316838875,0,
5931,2013-09-18,0,2.68,2.117218885549988,0,
5932,2013-09-19,0,2.75,2.1191337081775123,0,
5933,2013-09-20,0,2.74,2.121048741061367,0,
5934,2013-09-23,0,2.7,2.122963925696461,0,
5935,2013-09-24,0,2.65,2.1248792035777018,0,
5936,2013-09-25,0,2.61,2.126794516199994,0,
5937,2013-09-26,0,2.66,2.128709805058245,0,
5938,2013-09-27,0,2.62,2.130625011647364,0,
5939,2013-09-30,0,2.62,2.132540077462257,0,
5940,2013-10-01,0,2.64,2.1344549439978295,0,
5941,2013-10-02,0,2.61,2.136369552748991,0,
5942,2013-10-03,0,2.59,2.1382838452106476,0,
5943,2013-10-04,0,2.63,2.1401977628777056,0,
5944,2013-10-07,0,2.62,2.1421112472450736,0,
5945,2013-10-08,0,2.61,2.144024239807658,0,
5946,2013-10-09,0,2.63,2.145936682060365,0,
5947,2013-10-10,0,2.66,2.1478485154981017,0,
5948,2013-10-11,0,2.62,2.1497596816157767,0,
5949,2013-10-15,0,2.61,2.1516701219082965,0,
5950,2013-10-16,0,2.59,2.153579777870566,0,
5951,2013-10-17,0,2.56,2.155488590997495,0,
5952,2013-10-18,0,2.56,2.1573965027839908,0,
5953,2013-10-21,0,2.59,2.159303454724957,0,
5954,2013-10-22,0,2.5,2.1612093883153043,0,
5955,2013-10-23,0,2.46,2.163114245049939,0,
5956,2013-10-24,0,2.5,2.1650179664237674,0,
5957,2013-10-25,0,2.48,2.166920493931695,0,
5958,2013-10-28,0,2.5,2.168821769068632,0,
5959,2013-10-29,0,2.48,2.170721733329484,0,
5960,2013-10-30,0,2.5,2.1726203282091574,0,
5961,2013-10-31,0,2.52,2.1745174952025605,0,
5962,2013-11-01,0,2.61,2.176413175804601,0,
5963,2013-11-04,0,2.58,2.178307311510182,0,
5964,2013-11-05,0,2.64,2.1801998438142154,0,
5965,2013-11-06,0,2.62,2.182090714211606,0,
5966,2013-11-07,0,2.58,2.183979864197262,0,
5967,2013-11-08,0,2.71,2.185867235266087,0,
5968,2013-11-12,0,2.72,2.187752768912992,0,
5969,2013-11-13,0,2.67,2.189636406632883,0,
5970,2013-11-14,0,2.61,2.191518089920665,0,
5971,2013-11-15,0,2.63,2.1933977602712487,0,
5972,2013-11-18,0,2.58,2.195275359179539,0,
5973,2013-11-19,0,2.63,2.1971508281404417,0,
5974,2013-11-20,0,2.72,2.1990241086488678,0,
5975,2013-11-21,0,2.72,2.2008951421997205,0,
5976,2013-11-22,0,2.68,2.2027638702879084,0,
5977,2013-11-25,0,2.66,2.204630234408338,0,
5978,2013-11-26,0,2.64,2.2064941760559167,0,
5979,2013-11-27,0,2.67,2.2083556367255532,0,
5980,2013-11-29,0,2.69,2.210214557912151,0,
5981,2013-12-02,0,2.76,2.2120708811106207,0,
5982,2013-12-03,0,2.73,2.213924547815868,0,
5983,2013-12-04,0,2.78,2.215775499522797,0,
5984,2013-12-05,0,2.82,2.21762367772632,0,
5985,2013-12-06,0,2.82,2.2194690239213424,0,
5986,2013-12-09,0,2.79,2.2213114796027695,0,
5987,2013-12-10,0,2.74,2.2231509862655088,0,
5988,2013-12-11,0,2.79,2.2249874854044687,0,
5989,2013-12-12,0,2.82,2.2268209185145555,0,
5990,2013-12-13,0,2.81,2.228651227090675,0,
5991,2013-12-16,0,2.82,2.2304783526277365,0,
5992,2013-12-17,0,2.78,2.232302236620646,0,
5993,2013-12-18,0,2.82,2.23412282056431,0,
5994,2013-12-19,0,2.88,2.235940045953637,0,
5995,2013-12-20,0,2.82,2.2377538542835334,0,
5996,2013-12-23,0,2.87,2.239564187048906,0,
5997,2013-12-24,0,2.92,2.2413709857446604,0,
5998,2013-12-26,0,2.93,2.2431741918657067,0,
5999,2013-12-27,0,2.95,2.244973746906951,0,
6000,2013-12-30,0,2.92,2.2467695923632975,0,
6001,2013-12-31,0,2.97,2.248561669729658,0,
6002,2014-01-02,0,2.93,2.2503499205009367,0,
6003,2014-01-03,0,2.94,2.2521342861720397,0,
6004,2014-01-06,0,2.93,2.2539147082378768,0,
6005,2014-01-07,0,2.92,2.255691128193354,0,
6006,2014-01-08,0,2.96,2.2574634875333777,0,
6007,2014-01-09,0,2.93,2.259231727752854,0,
6008,2014-01-10,0,2.83,2.2609957903466933,0,
6009,2014-01-13,0,2.81,2.2627556168098004,0,
6010,2014-01-14,0,2.84,2.264511148637081,0,
6011,2014-01-15,0,2.86,2.2662623273234455,0,
6012,2014-01-16,0,2.82,2.268009094363799,0,
6013,2014-01-17,0,2.79,2.2697513912530476,0,
6014,2014-01-21,0,2.81,2.271489159486101,0,
6015,2014-01-22,0,2.83,2.2732223405578655,0,
6016,2014-01-23,0,2.75,2.2749508759632446,0,
6017,2014-01-24,0,2.71,2.2766747071971514,0,
6018,2014-01-27,0,2.73,2.2783937757544885,0,
6019,2014-01-28,0,2.72,2.280108023130165,0,
6020,2014-01-29,0,2.65,2.2818173908190853,0,
6021,2014-01-30,0,2.7,2.2835218203161602,0,
6022,2014-01-31,0,2.65,2.2852212531162954,0,
6023,2014-02-03,0,2.56,2.2869156307143954,0,
6024,2014-02-04,0,2.58,2.288604894605371,0,
6025,2014-02-05,0,2.63,2.290288986284128,0,
6026,2014-02-06,0,2.66,2.2919678472455716,0,
6027,2014-02-07,0,2.63,2.2936414189846115,0,
6028,2014-02-10,0,2.63,2.2953096429961537,0,
6029,2014-02-11,0,2.7,2.296972460775106,0,
6030,2014-02-12,0,2.75,2.2986298138163717,0,
6031,2014-02-13,0,2.7,2.3002816436148636,0,
6032,2014-02-14,0,2.73,2.3019278916654855,0,
6033,2014-02-18,0,2.66,2.3035684994631436,0,
6034,2014-02-19,0,2.67,2.3052034085027473,0,
6035,2014-02-20,0,2.71,2.3068325602792035,0,
6036,2014-02-21,0,2.68,2.3084558962874167,0,
6037,2014-02-24,0,2.7,2.310073358022297,0,
6038,2014-02-25,0,2.65,2.3116848869787505,0,
6039,2014-02-26,0,2.62,2.3132904246516834,0,
6040,2014-02-27,0,2.61,2.314889912536002,0,
6041,2014-02-28,0,2.61,2.316483292126616,0,
6042,2014-03-03,0,2.55,2.318070504918431,0,
6043,2014-03-04,0,2.65,2.3196514924063534,0,
6044,2014-03-05,0,2.64,2.3212261960852913,0,
6045,2014-03-06,0,2.69,2.3227945574501527,0,
6046,2014-03-07,0,2.74,2.324356517995841,0,
6047,2014-03-10,0,2.74,2.325912019217268,0,
6048,2014-03-11,0,2.72,2.327461002609338,0,
6049,2014-03-12,0,2.68,2.3290034096669587,0,
6050,2014-03-13,0,2.61,2.3305391818850354,0,
6051,2014-03-14,0,2.6,2.3320682607584784,0,
6052,2014-03-17,0,2.64,2.333590587782193,0,
6053,2014-03-18,0,2.63,2.3351061044510844,0,
6054,2014-03-19,0,2.72,2.336614752260064,0,
6055,2014-03-20,0,2.73,2.3381164727040358,0,
6056,2014-03-21,0,2.69,2.3396112072779065,0,
6057,2014-03-24,0,2.68,2.341098897476585,0,
6058,2014-03-25,0,2.7,2.3425794847949786,0,
6059,2014-03-26,0,2.66,2.344052910727993,0,
6060,2014-03-27,0,2.65,2.345519116770533,0,
6061,2014-03-28,0,2.69,2.3469780444175115,0,
6062,2014-03-31,0,2.68,2.3484296351638316,0,
6063,2014-04-01,0,2.73,2.3498738305044,0,
6064,2014-04-02,0,2.8,2.351310571934125,0,
6065,2014-04-03,0,2.78,2.352739800947915,0,
6066,2014-04-04,0,2.71,2.354161459040673,0,
6067,2014-04-07,0,2.68,2.355575487707311,0,
6068,2014-04-08,0,2.66,2.356981828442733,0,
6069,2014-04-09,0,2.67,2.3583804227418472,0,
6070,2014-04-10,0,2.61,2.3597712120995586,0,
6071,2014-04-11,0,2.59,2.3611541380107766,0,
6072,2014-04-14,0,2.61,2.362529141970408,0,
6073,2014-04-15,0,2.6,2.363896165473359,0,
6074,2014-04-16,0,2.61,2.3652551500145376,0,
6075,2014-04-17,0,2.7,2.36660603708885,0,
6076,2014-04-21,0,2.69,2.367948768191203,0,
6077,2014-04-22,0,2.7,2.369283284816505,0,
6078,2014-04-23,0,2.68,2.370609528459662,0,
6079,2014-04-24,0,2.69,2.371927440615582,0,
6080,2014-04-25,0,2.65,2.373236962779169,0,
6081,2014-04-28,0,2.67,2.3745380364453355,0,
6082,2014-04-29,0,2.69,2.3758306031089846,0,
6083,2014-04-30,0,2.64,2.3771146042650235,0,
6084,2014-05-01,0,2.6,2.3783899814083598,0,
6085,2014-05-02,0,2.58,2.3796566760339024,0,
6086,2014-05-05,0,2.6,2.3809146296365555,0,
6087,2014-05-06,0,2.58,2.3821637837112277,0,
6088,2014-05-07,0,2.59,2.383404079752826,0,
6089,2014-05-08,0,2.58,2.384635459256258,0,
6090,2014-05-09,0,2.59,2.3858578637164283,0,
6091,2014-05-12,0,2.63,2.387071234628247,0,
6092,2014-05-13,0,2.58,2.38827551348662,0,
6093,2014-05-14,0,2.51,2.389470641786453,0,
6094,2014-05-15,0,2.47,2.3906565610226553,0,
6095,2014-05-16,0,2.49,2.391833212690133,0,
6096,2014-05-19,0,2.51,2.393000538283792,0,
6097,2014-05-20,0,2.49,2.3941584792985418,0,
6098,2014-05-21,0,2.5,2.395306977229288,0,
6099,2014-05-22,0,2.53,2.3964459735709376,0,
6100,2014-05-23,0,2.5,2.397575409818397,0,
6101,2014-05-27,0,2.48,2.398695227466575,0,
6102,2014-05-28,0,2.4,2.399805368010377,0,
6103,2014-05-29,0,2.41,2.4009057729447107,0,
6104,2014-05-30,0,2.44,2.4019963837644838,0,
6105,2014-06-02,0,2.5,2.403077141964603,0,
6106,2014-06-03,0,2.56,2.4041479890399744,0,
6107,2014-06-04,0,2.57,2.4052088664855065,0,
6108,2014-06-05,0,2.54,2.4062597157961068,0,
6109,2014-06-06,0,2.56,2.40730047846668,0,
6110,2014-06-09,0,2.58,2.4083310959921342,0,
6111,2014-06-10,0,2.6,2.4093515098673777,0,
6112,2014-06-11,0,2.61,2.4103616615873156,0,
6113,2014-06-12,0,2.54,2.4113614926468556,0,
6114,2014-06-13,0,2.56,2.412350944540907,0,
6115,2014-06-16,0,2.57,2.4133299587643724,0,
6116,2014-06-17,0,2.62,2.4142984768121627,0,
6117,2014-06-18,0,2.58,2.4152564401791845,0,
6118,2014-06-19,0,2.62,2.4162037903603433,0,
6119,2014-06-20,0,2.61,2.417140468850547,0,
6120,2014-06-23,0,2.6,2.418066417144702,0,
6121,2014-06-24,0,2.56,2.4189815767377167,0,
6122,2014-06-25,0,2.54,2.419885889124497,0,
6123,2014-06-26,0,2.48,2.4207792957999503,0,
6124,2014-06-27,0,2.51,2.4216617382589836,0,
6125,2014-06-30,0,2.48,2.4225331579965044,0,
6126,2014-07-01,0,2.56,2.4233934965074186,0,
6127,2014-07-02,0,2.62,2.424242695286635,0,
6128,2014-07-03,0,2.64,2.425080695829059,0,
6129,2014-07-07,0,2.59,2.4259074396295994,0,
6130,2014-07-08,0,2.55,2.4267228681831616,0,
6131,2014-07-09,0,2.54,2.4275269229846534,0,
6132,2014-07-10,0,2.52,2.428319545528982,0,
6133,2014-07-11,0,2.5,2.429100677311053,0,
6134,2014-07-14,0,2.52,2.4298702598257766,0,
6135,2014-07-15,0,2.54,2.4306282345680574,0,
6136,2014-07-16,0,2.52,2.4313745430328026,0,
6137,2014-07-17,0,2.45,2.43210912671492,0,
6138,2014-07-18,0,2.48,2.432831927109316,0,
6139,2014-07-21,0,2.46,2.433542898991715,0,
6140,2014-07-22,0,2.45,2.4342420502611026,0,
6141,2014-07-23,0,2.45,2.434929402097285,0,
6142,2014-07-24,0,2.49,2.435604975680066,0,
6143,2014-07-25,0,2.45,2.43626879218925,0,
6144,2014-07-28,0,2.46,2.43692087280464,0,
6145,2014-07-29,0,2.45,2.4375612387060395,0,
6146,2014-07-30,0,2.52,2.4381899110732532,0,
6147,2014-07-31,0,2.55,2.4388069110860875,0,
6148,2014-08-01,0,2.49,2.439412259924343,0,
6149,2014-08-04,0,2.46,2.4400059787678257,0,
6150,2014-08-05,0,2.46,2.4405880887963396,0,
6151,2014-08-06,0,2.46,2.4411586111896875,0,
6152,2014-08-07,0,2.4,2.441717567127675,0,
6153,2014-08-08,0,2.41,2.4422649777901055,0,
6154,2014-08-11,0,2.4,2.4428008643567836,0,
6155,2014-08-12,0,2.43,2.443325248007512,0,
6156,2014-08-13,0,2.39,2.443838149922095,0,
6157,2014-08-14,0,2.36,2.4443395912803396,0,
6158,2014-08-15,0,2.31,2.444829593262047,0,
6159,2014-08-18,0,2.36,2.445308177047021,0,
6160,2014-08-19,0,2.37,2.4457753638150668,0,
6161,2014-08-20,0,2.39,2.446231174745989,0,
6162,2014-08-21,0,2.39,2.44667563101959,0,
6163,2014-08-22,0,2.37,2.4471087538156753,0,
6164,2014-08-25,0,2.35,2.4475305643140484,0,
6165,2014-08-26,0,2.36,2.447941083694514,0,
6166,2014-08-27,0,2.33,2.4483403331368745,0,
6167,2014-08-28,0,2.31,2.448728333820936,0,
6168,2014-08-29,0,2.32,2.4491051069265013,0,
6169,2014-09-02,0,2.39,2.449470673633375,0,
6170,2014-09-03,0,2.38,2.449825055121361,0,
6171,2014-09-04,0,2.42,2.450168272570264,0,
6172,2014-09-05,0,2.43,2.450500347159886,0,
6173,2014-09-08,0,2.46,2.450821300070034,0,
6174,2014-09-09,0,2.48,2.4511311524805106,0,
6175,2014-09-10,0,2.52,2.4514299255711194,0,
6176,2014-09-11,0,2.52,2.451717640521665,0,
6177,2014-09-12,0,2.6,2.451994318511951,0,
6178,2014-09-15,0,2.58,2.4522599807217826,0,
6179,2014-09-16,0,2.58,2.4525146483309634,0,
6180,2014-09-17,0,2.6,2.452758342519297,0,
6181,2014-09-18,0,2.61,2.452991084466587,0,
6182,2014-09-19,0,2.57,2.4532128953526398,0,
6183,2014-09-22,0,2.56,2.453423796357257,0,
6184,2014-09-23,0,2.53,2.4536238086602435,0,
6185,2014-09-24,0,2.54,2.4538129534414046,0,
6186,2014-09-25,0,2.51,2.453991251880542,0,
6187,2014-09-26,0,2.53,2.4541587251574613,0,
6188,2014-09-29,0,2.48,2.4543153944519664,0,
6189,2014-09-30,0,2.5,2.4544612809438613,0,
6190,2014-10-01,0,2.4,2.4545964058129495,0,
6191,2014-10-02,0,2.43,2.4547207902390364,0,
6192,2014-10-03,0,2.44,2.4548344554019255,0,
6193,2014-10-06,0,2.41,2.4549374224814193,0,
6194,2014-10-07,0,2.34,2.455029712657324,0,
6195,2014-10-08,0,2.34,2.4551113471094435,0,
6196,2014-10-09,0,2.33,2.455182347017581,0,
6197,2014-10-10,0,2.3,2.455242733561541,0,
6198,2014-10-14,0,2.19,2.4552925279211264,0,
6199,2014-10-15,0,2.13,2.4553317512761432,0,
6200,2014-10-16,0,2.14,2.4553604248063947,0,
6201,2014-10-17,0,2.2,2.4553785696916846,0,
6202,2014-10-20,0,2.18,2.4553862071118164,0,
6203,2014-10-21,0,2.21,2.4553833582465963,0,
6204,2014-10-22,0,2.23,2.455370044275827,0,
6205,2014-10-23,0,2.28,2.455346286379312,0,
6206,2014-10-24,0,2.28,2.4553121057368568,0,
6207,2014-10-27,0,2.25,2.455267523528265,0,
6208,2014-10-28,0,2.27,2.455212560933339,0,
6209,2014-10-29,0,2.31,2.455147239131885,0,
6210,2014-10-30,0,2.31,2.455071579303707,0,
6211,2014-10-31,0,2.34,2.4549856026286077,0,
6212,2014-11-03,0,2.34,2.4548893302863912,0,
6213,2014-11-04,0,2.32,2.4547827834568636,0,
6214,2014-11-05,0,2.33,2.4546659833198268,0,
6215,2014-11-06,0,2.36,2.4545389510550857,0,
6216,2014-11-07,0,2.29,2.4544017078424454,0,
6217,2014-11-10,0,2.36,2.454254274861708,0,
6218,2014-11-12,0,2.35,2.4540966732926788,0,
6219,2014-11-13,0,2.33,2.4539289243151625,0,
6220,2014-11-14,0,2.29,2.453751049108961,0,
6221,2014-11-17,0,2.31,2.45356306885388,0,
6222,2014-11-18,0,2.29,2.453365004729723,0,
6223,2014-11-19,0,2.35,2.453156877916295,0,
6224,2014-11-20,0,2.31,2.4529387095933997,0,
6225,2014-11-21,0,2.3,2.4527105209408395,0,
6226,2014-11-24,0,2.27,2.4524723331384206,0,
6227,2014-11-25,0,2.25,2.4522241673659466,0,
6228,2014-11-26,0,2.22,2.4519660448032203,0,
6229,2014-11-28,0,2.16,2.451697986630048,0,
6230,2014-12-01,0,2.19,2.451420014026233,0,
6231,2014-12-02,0,2.25,2.4511321481715775,0,
6232,2014-12-03,0,2.28,2.450834410245887,0,
6233,2014-12-04,0,2.23,2.4505268214289666,0,
6234,2014-12-05,0,2.29,2.4502094029006187,0,
6235,2014-12-08,0,2.23,2.449882175840649,0,
6236,2014-12-09,0,2.18,2.449545161428859,0,
6237,2014-12-10,0,2.15,2.4491983808450555,0,
6238,2014-12-11,0,2.16,2.448841855269041,0,
6239,2014-12-12,0,2.08,2.44847560588062,0,
6240,2014-12-15,0,2.08,2.4480996538595967,0,
6241,2014-12-16,0,2.04,2.4477140203857752,0,
6242,2014-12-17,0,2.11,2.4473187266389593,0,
6243,2014-12-18,0,2.18,2.446913793798953,0,
6244,2014-12-19,0,2.13,2.4464992430455617,0,
6245,2014-12-22,0,2.12,2.4460750955585877,0,
6246,2014-12-23,0,2.23,2.445641372517835,0,
6247,2014-12-24,0,2.26,2.445198095103109,0,
6248,2014-12-26,0,2.24,2.4447452844942137,0,
6249,2014-12-29,0,2.19,2.4442829618709516,0,
6250,2014-12-30,0,2.17,2.443811148413129,0,
6251,2014-12-31,0,2.13,2.443329865300548,0,
6252,2015-01-02,0,2.1,2.4428391337130138,0,
6253,2015-01-05,0,2.01,2.44233897483033,0,
6254,2015-01-06,0,1.94,2.4418294098323017,0,
6255,2015-01-07,0,1.93,2.441310459898731,0,
6256,2015-01-08,0,1.99,2.440782146209424,0,
6257,2015-01-09,0,1.96,2.4402444899441833,0,
6258,2015-01-12,0,1.89,2.4396975122828146,0,
6259,2015-01-13,0,1.88,2.4391412344051195,0,
6260,2015-01-14,0,1.82,2.4385756774909044,0,
6261,2015-01-15,0,1.74,2.438000862719972,0,
6262,2015-01-16,0,1.8,2.437416811272126,0,
6263,2015-01-20,0,1.79,2.436823544327173,0,
6264,2015-01-21,0,1.84,2.4362210830649147,0,
6265,2015-01-22,0,1.87,2.4356094486651556,0,
6266,2015-01-23,0,1.79,2.434988662307701,0,
6267,2015-01-26,0,1.8,2.4343587451723536,0,
6268,2015-01-27,0,1.81,2.433719718438917,0,
6269,2015-01-28,0,1.71,2.4330716032871975,0,
6270,2015-01-29,0,1.74,2.4324144208969973,0,
6271,2015-01-30,0,1.66,2.431748192448121,0,
6272,2015-02-02,0,1.66,2.4310729391203725,0,
6273,2015-02-03,0,1.77,2.4303886820935556,0,
6274,2015-02-04,0,1.8,2.4296954425474757,0,
6275,2015-02-05,0,1.81,2.428993241661936,0,
6276,2015-02-06,0,1.93,2.428282100616741,0,
6277,2015-02-09,0,1.95,2.4275620405916936,0,
6278,2015-02-10,0,1.99,2.4268330827665983,0,
6279,2015-02-11,0,1.99,2.4260952483212606,0,
6280,2015-02-12,0,1.97,2.425348558435483,0,
6281,2015-02-13,0,2.01,2.4245930342890705,0,
6282,2015-02-17,0,2.12,2.4238286970618264,0,
6283,2015-02-18,0,2.04,2.423055567933555,0,
6284,2015-02-19,0,2.09,2.4222736680840606,0,
6285,2015-02-20,0,2.11,2.421483018693147,0,
6286,2015-02-23,0,2.04,2.420683640940619,0,
6287,2015-02-24,0,1.97,2.4198755560062795,0,
6288,2015-02-25,0,1.94,2.4190587850699337,0,
6289,2015-02-26,0,1.99,2.418233349311385,0,
6290,2015-02-27,0,1.98,2.417399269910438,0,
6291,2015-03-02,0,2.06,2.4165565680468957,0,
6292,2015-03-03,0,2.1,2.415705264900564,0,
6293,2015-03-04,0,2.11,2.4148453816512445,0,
6294,2015-03-05,0,2.09,2.4139769394787436,0,
6295,2015-03-06,0,2.23,2.4130999595628637,0,
6296,2015-03-09,0,2.18,2.4122144630834113,0,
6297,2015-03-10,0,2.12,2.411320471220187,0,
6298,2015-03-11,0,2.08,2.410418005152996,0,
6299,2015-03-12,0,2.07,2.4095070860616454,0,
6300,2015-03-13,0,2.1,2.4085877351259355,0,
6301,2015-03-16,0,2.05,2.407659973525672,0,
6302,2015-03-17,0,2.01,2.4067238224406595,0,
6303,2015-03-18,0,1.9,2.4057793030507004,0,
6304,2015-03-19,0,1.95,2.404826436535599,0,
6305,2015-03-20,0,1.92,2.403865244075162,0,
6306,2015-03-23,0,1.89,2.4028957468491905,0,
6307,2015-03-24,0,1.86,2.40191796603749,0,
6308,2015-03-25,0,1.89,2.400931922819864,0,
6309,2015-03-26,0,1.97,2.3999376383761173,0,
6310,2015-03-27,0,1.91,2.398935133886053,0,
6311,2015-03-30,0,1.92,2.397924430529475,0,
6312,2015-03-31,0,1.91,2.3969055494861893,0,
6313,2015-04-01,0,1.84,2.3958785119359973,0,
6314,2015-04-02,0,1.9,2.3948433390587054,0,
6315,2015-04-03,0,1.83,2.3938000520341154,0,
6316,2015-04-06,0,1.89,2.3927486720420355,0,
6317,2015-04-07,0,1.87,2.391689220262264,0,
6318,2015-04-08,0,1.89,2.3906217178746094,0,
6319,2015-04-09,0,1.94,2.389546186058875,0,
6320,2015-04-10,0,1.94,2.3884626459948635,0,
6321,2015-04-13,0,1.91,2.387371118862378,0,
6322,2015-04-14,0,1.88,2.3862716258412267,0,
6323,2015-04-15,0,1.89,2.3851641881112102,0,
6324,2015-04-16,0,1.88,2.384048826852134,0,
6325,2015-04-17,0,1.86,2.3829255632438007,0,
6326,2015-04-20,0,1.87,2.381794418466017,0,
6327,2015-04-21,0,1.89,2.380655413698585,0,
6328,2015-04-22,0,1.96,2.379508570121309,0,
6329,2015-04-23,0,1.93,2.3783539089139945,0,
6330,2015-04-24,0,1.9,2.377191451256442,0,
6331,2015-04-27,0,1.92,2.376021218328459,0,
6332,2015-04-28,0,1.98,2.3748432313098493,0,
6333,2015-04-29,0,2.05,2.3736575113804155,0,
6334,2015-04-30,0,2.04,2.372464079719962,0,
6335,2015-05-01,0,2.11,2.3712629575082933,0,
6336,2015-05-04,0,2.14,2.370054165925214,0,
6337,2015-05-05,0,2.18,2.368837726150527,0,
6338,2015-05-06,0,2.23,2.367613659364037,0,
6339,2015-05-07,0,2.17,2.3663819867455493,0,
6340,2015-05-08,0,2.15,2.365142729474866,0,
6341,2015-05-11,0,2.25,2.3638959087317906,0,
6342,2015-05-12,0,2.25,2.3626415456961305,0,
6343,2015-05-13,0,2.25,2.3613796615476863,0,
6344,2015-05-14,0,2.22,2.3601102774662635,0,
6345,2015-05-15,0,2.12,2.358833414631667,0,
6346,2015-05-18,0,2.21,2.3575490942237,0,
6347,2015-05-19,0,2.25,2.3562573374221665,0,
6348,2015-05-20,0,2.23,2.3549581654068703,0,
6349,2015-05-21,0,2.17,2.3536515993576166,0,
6350,2015-05-22,0,2.19,2.3523376604542077,0,
6351,2015-05-26,0,2.12,2.3510163698764495,0,
6352,2015-05-27,0,2.13,2.349687748804146,0,
6353,2015-05-28,0,2.12,2.3483518184171,0,
6354,2015-05-29,0,2.11,2.347008599895115,0,
6355,2015-06-01,0,2.17,2.345658114417997,0,
6356,2015-06-02,0,2.26,2.344300383165551,0,
6357,2015-06-03,0,2.36,2.342935427317577,0,
6358,2015-06-04,0,2.29,2.341563268053882,0,
6359,2015-06-05,0,2.38,2.3401839265542708,0,
6360,2015-06-08,0,2.37,2.3387974239985456,0,
6361,2015-06-09,0,2.4,2.3374037815665103,0,
6362,2015-06-10,0,2.48,2.336003020437971,0,
6363,2015-06-11,0,2.38,2.334595161792729,0,
6364,2015-06-12,0,2.37,2.3331802268105912,0,
6365,2015-06-15,0,2.34,2.3317582366713596,0,
6366,2015-06-16,0,2.31,2.3303292125548403,0,
6367,2015-06-17,0,2.31,2.328893175640835,0,
6368,2015-06-18,0,2.34,2.327450147109149,0,
6369,2015-06-19,0,2.25,2.3260001481395873,0,
6370,2015-06-22,0,2.36,2.3245431999119526,0,
6371,2015-06-23,0,2.41,2.323079323606048,0,
6372,2015-06-24,0,2.37,2.3216085404016806,0,
6373,2015-06-25,0,2.39,2.3201308714786517,0,
6374,2015-06-26,0,2.48,2.318646338016766,0,
6375,2015-06-29,0,2.31,2.317154961195829,0,
6376,2015-06-30,0,2.34,2.315656762195644,0,
6377,2015-07-01,0,2.42,2.314151762196015,0,
6378,2015-07-02,0,2.39,2.3126399823767447,0,
6379,2015-07-06,0,2.27,2.311121443917641,0,
6380,2015-07-07,0,2.25,2.309596167998503,0,
6381,2015-07-08,0,2.2,2.3080641757991374,0,
6382,2015-07-09,0,2.29,2.3065254884993496,0,
6383,2015-07-10,0,2.41,2.304980127278941,0,
6384,2015-07-13,0,2.42,2.303428113317717,0,
6385,2015-07-14,0,2.4,2.301869467795481,0,
6386,2015-07-15,0,2.34,2.3003042118920387,0,
6387,2015-07-16,0,2.34,2.298732366787192,0,
6388,2015-07-17,0,2.31,2.297153953660746,0,
6389,2015-07-20,0,2.34,2.2955689936925063,0,
6390,2015-07-21,0,2.32,2.293977508062275,0,
6391,2015-07-22,0,2.29,2.292379517949855,0,
6392,2015-07-23,0,2.25,2.290775044535054,0,
6393,2015-07-24,0,2.23,2.2891641089976726,0,
6394,2015-07-27,0,2.18,2.2875467325175167,0,
6395,2015-07-28,0,2.21,2.2859229362743902,0,
6396,2015-07-29,0,2.23,2.2842927414480982,0,
6397,2015-07-30,0,2.21,2.2826561692184417,0,
6398,2015-07-31,0,2.12,2.2810132407652275,0,
6399,2015-08-03,0,2.08,2.2793639772682597,0,
6400,2015-08-04,0,2.15,2.2777083999073406,0,
6401,2015-08-05,0,2.19,2.276046529862274,0,
6402,2015-08-06,0,2.19,2.274378388312868,0,
6403,2015-08-07,0,2.12,2.272703996438922,0,
6404,2015-08-10,0,2.12,2.2710233754202416,0,
6405,2015-08-11,0,2.04,2.2693365464366324,0,
6406,2015-08-12,0,2.04,2.2676435306678964,0,
6407,2015-08-13,0,2.09,2.265944349293839,0,
6408,2015-08-14,0,2.11,2.2642390234942633,0,
6409,2015-08-17,0,2.06,2.262527574448975,0,
6410,2015-08-18,0,2.13,2.2608100233377764,0,
6411,2015-08-19,0,2.07,2.2590863913404715,0,
6412,2015-08-20,0,2.06,2.2573566996368672,0,
6413,2015-08-21,0,2.02,2.2556209694067637,0,
6414,2015-08-24,0,1.94,2.253879221829967,0,
6415,2015-08-25,0,2.05,2.252131478086282,0,
6416,2015-08-26,0,2.12,2.250377759355511,0,
6417,2015-08-27,0,2.12,2.2486180868174594,0,
6418,2015-08-28,0,2.13,2.2468524816519295,0,
6419,2015-08-31,0,2.13,2.245080965038729,0,
6420,2015-09-01,0,2.14,2.2433035581576575,0,
6421,2015-09-02,0,2.17,2.2415202821885214,0,
6422,2015-09-03,0,2.16,2.2397311583111263,0,
6423,2015-09-04,0,2.11,2.2379362077052734,0,
6424,2015-09-08,0,2.14,2.236135451550768,0,
6425,2015-09-09,0,2.18,2.2343289110274145,0,
6426,2015-09-10,0,2.21,2.232516607315016,0,
6427,2015-09-11,0,2.16,2.230698561593377,0,
6428,2015-09-14,0,2.11,2.228874795042301,0,
6429,2015-09-15,0,2.21,2.2270453288415952,0,
6430,2015-09-16,0,2.23,2.225210184171059,0,
6431,2015-09-17,0,2.2,2.2233693822104996,0,
6432,2015-09-18,0,2.13,2.2215229441397217,0,
6433,2015-09-21,0,2.19,2.219670891138526,0,
6434,2015-09-22,0,2.14,2.217813244386718,0,
6435,2015-09-23,0,2.15,2.215950025064105,0,
6436,2015-09-24,0,2.12,2.2140812543504858,0,
6437,2015-09-25,0,2.17,2.212206953425667,0,
6438,2015-09-28,0,2.09,2.210327143469453,0,
6439,2015-09-29,0,2.04,2.2084418456616497,0,
6440,2015-09-30,0,2.06,2.206551081182057,0,
6441,2015-10-01,0,2.04,2.2046548712104808,0,
6442,2015-10-02,0,1.99,2.202753236926727,0,
6443,2015-10-05,0,2.06,2.2008461995105963,0,
6444,2015-10-06,0,2.04,2.198933780141895,0,
6445,2015-10-07,0,2.08,2.197016000000428,0,
6446,2015-10-08,0,2.12,2.195092880265997,0,
6447,2015-10-09,0,2.11,2.1931644421184058,0,
6448,2015-10-13,0,2.05,2.1912307067374615,0,
6449,2015-10-14,0,1.99,2.189291695302967,0,
6450,2015-10-15,0,2.03,2.1873474289947246,0,
6451,2015-10-16,0,2.03,2.18539792899254,0,
6452,2015-10-19,0,2.02,2.1834432164762183,0,
6453,2015-10-20,0,2.06,2.18148331262556,0,
6454,2015-10-21,0,2.03,2.179518238620372,0,
6455,2015-10-22,0,2.04,2.17754801564046,0,
6456,2015-10-23,0,2.08,2.1755726648656233,0,
6457,2015-10-26,0,2.04,2.1735922074756684,0,
6458,2015-10-27,0,2.02,2.1716066646504,0,
6459,2015-10-28,0,2.06,2.1696160575696233,0,
6460,2015-10-29,0,2.12,2.1676204074131387,0,
6461,2015-10-30,0,2.08,2.1656197353607523,0,
6462,2015-11-02,0,2.12,2.16361406259227,0,
6463,2015-11-03,0,2.17,2.1616034102874924,0,
6464,2015-11-04,0,2.2,2.1595877996262254,0,
6465,2015-11-05,0,2.21,2.1575672517882745,0,
6466,2015-11-06,0,2.25,2.1555417879534398,0,
6467,2015-11-09,0,2.21,2.153511429301529,0,
6468,2015-11-10,0,2.19,2.1514761970123444,0,
6469,2015-11-12,0,2.17,2.1494361122656924,0,
6470,2015-11-13,0,2.13,2.147391196241373,0,
6471,2015-11-16,0,2.12,2.145341470119193,0,
6472,2015-11-17,0,2.11,2.1432869550789584,0,
6473,2015-11-18,0,2.15,2.141227672300469,0,
6474,2015-11-19,0,2.13,2.139163642963529,0,
6475,2015-11-20,0,2.13,2.1370948882479484,0,
6476,2015-11-23,0,2.11,2.1350214293335243,0,
6477,2015-11-24,0,2.08,2.1329432874000633,0,
6478,2015-11-25,0,2.04,2.13086048362737,0,
6479,2015-11-27,0,2.04,2.1287730391952504,0,
6480,2015-11-30,0,1.99,2.126680975283504,0,
6481,2015-12-01,0,1.94,2.1245843130719377,0,
6482,2015-12-02,0,1.97,2.1224830737403577,0,
6483,2015-12-03,0,2.12,2.120377278468563,0,
6484,2015-12-04,0,2.04,2.1182669484363603,0,
6485,2015-12-07,0,1.94,2.116152104823555,0,
6486,2015-12-08,0,1.97,2.1140327688099485,0,
6487,2015-12-09,0,1.96,2.1119089615753466,0,
6488,2015-12-10,0,2.0,2.1097807042995522,0,
6489,2015-12-11,0,1.9,2.1076480181623722,0,
6490,2015-12-14,0,1.97,2.1055109243436068,0,
6491,2015-12-15,0,2.02,2.1033694440230613,0,
6492,2015-12-16,0,2.02,2.1012235983805434,0,
6493,2015-12-17,0,2.01,2.099073408595851,0,
6494,2015-12-18,0,2.0,2.096918895848792,0,
6495,2015-12-21,0,1.96,2.0947600813191714,0,
6496,2015-12-22,0,2.03,2.09259698618679,0,
6497,2015-12-23,0,2.06,2.090429631631453,0,
6498,2015-12-24,0,2.04,2.0882580388329655,0,
6499,2015-12-28,0,2.01,2.0860822289711334,0,
6500,2015-12-29,0,2.09,2.083902223225756,0,
6501,2015-12-30,0,2.1,2.0817180427766395,0,
6502,2015-12-31,0,2.11,2.0795297088035904,0,
6503,2016-01-04,0,2.02,2.0773372424864083,0,
6504,2016-01-05,0,2.04,2.0751406650049007,0,
6505,2016-01-06,0,1.97,2.072939997538872,0,
6506,2016-01-07,0,1.96,2.0707352612681222,0,
6507,2016-01-08,0,1.93,2.0685264773724596,0,
6508,2016-01-11,0,1.96,2.0663136670316855,0,
6509,2016-01-12,0,1.91,2.064096851425608,0,
6510,2016-01-13,0,1.86,2.0618760517340258,0,
6511,2016-01-14,0,1.85,2.0596512891367453,0,
6512,2016-01-15,0,1.78,2.057422584813574,0,
6513,2016-01-19,0,1.8,2.05518995994431,0,
6514,2016-01-20,0,1.74,2.0529534357087607,0,
6515,2016-01-21,0,1.74,2.0507130332867307,0,
6516,2016-01-22,0,1.75,2.0484687738580223,0,
6517,2016-01-25,0,1.71,2.046220678602439,0,
6518,2016-01-26,0,1.69,2.0439687686997874,0,
6519,2016-01-27,0,1.7,2.0417130653298714,0,
6520,2016-01-28,0,1.65,2.0394535896724926,0,
6521,2016-01-29,0,1.61,2.037190362907457,0,
6522,2016-02-01,0,1.62,2.034923406214569,0,
6523,2016-02-02,0,1.53,2.0326527407736306,0,
6524,2016-02-03,0,1.54,2.0303783877644475,0,
6525,2016-02-04,0,1.58,2.0281003683668253,0,
6526,2016-02-05,0,1.56,2.0258187037605633,0,
6527,2016-02-08,0,1.43,2.023533415125469,0,
6528,2016-02-09,0,1.44,2.021244523641348,0,
6529,2016-02-10,0,1.4,2.018952050488,0,
6530,2016-02-11,0,1.35,2.016656016845232,0,
6531,2016-02-12,0,1.44,2.0143564438928467,0,
6532,2016-02-16,0,1.48,2.0120533528106517,0,
6533,2016-02-17,0,1.51,2.0097467647784466,0,
6534,2016-02-18,0,1.45,2.0074367009760357,0,
6535,2016-02-19,0,1.45,2.005123182583228,0,
6536,2016-02-22,0,1.44,2.002806230779821,0,
6537,2016-02-23,0,1.42,2.0004858667456227,0,
6538,2016-02-24,0,1.42,1.9981621116604387,0,
6539,2016-02-25,0,1.39,1.995834986704068,0,
6540,2016-02-26,0,1.43,1.9935045130563178,0,
6541,2016-02-29,0,1.41,1.991170711896991,0,
6542,2016-03-01,0,1.5,1.988833604405896,0,
6543,2016-03-02,0,1.48,1.9864932117628307,0,
6544,2016-03-03,0,1.55,1.9841495551476016,0,
6545,2016-03-04,0,1.59,1.9818026557400155,0,
6546,2016-03-07,0,1.59,1.9794525347198713,0,
6547,2016-03-08,0,1.54,1.9770992132669762,0,
6548,2016-03-09,0,1.6,1.9747427125611359,0,
6549,2016-03-10,0,1.61,1.9723830537821505,0,
6550,2016-03-11,0,1.65,1.9700202581098263,0,
6551,2016-03-14,0,1.63,1.9676543467239662,0,
6552,2016-03-15,0,1.63,1.9652853408043776,0,
6553,2016-03-16,0,1.63,1.9629132615308598,0,
6554,2016-03-17,0,1.62,1.9605381300832196,0,
6555,2016-03-18,0,1.57,1.9581599676412627,0,
6556,2016-03-21,0,1.61,1.9557787953847887,0,
6557,2016-03-22,0,1.64,1.9533946344936042,0,
6558,2016-03-23,0,1.57,1.951007506147516,0,
6559,2016-03-24,0,1.61,1.9486174315263227,0,
6560,2016-03-28,0,1.6,1.9462244318098314,0,
6561,2016-03-29,0,1.58,1.9438285281778453,0,
6562,2016-03-30,0,1.63,1.9414297418101716,0,
6563,2016-03-31,0,1.57,1.9390280938866096,0,
6564,2016-04-01,0,1.56,1.9366236055869648,0,
6565,2016-04-04,0,1.55,1.9342162980910451,0,
6566,2016-04-05,0,1.5,1.9318061925786487,0,
6567,2016-04-06,0,1.53,1.9293933102295833,0,
6568,2016-04-07,0,1.47,1.9269776722236538,0,
6569,2016-04-08,0,1.49,1.92455929974066,0,
6570,2016-04-11,0,1.5,1.9221382139604093,0,
6571,2016-04-12,0,1.57,1.9197144360627043,0,
6572,2016-04-13,0,1.54,1.9172879872273532,0,
6573,2016-04-14,0,1.58,1.914858888634154,0,
6574,2016-04-15,0,1.54,1.9124271614629134,0,
6575,2016-04-18,0,1.56,1.9099928268934374,0,
6576,2016-04-19,0,1.58,1.9075559061055265,0,
6577,2016-04-20,0,1.62,1.9051164202789863,0,
6578,2016-04-21,0,1.65,1.9026743905936234,0,
6579,2016-04-22,0,1.66,1.9002298382292373,0,
6580,2016-04-25,0,1.66,1.8977827843656347,0,
6581,2016-04-26,0,1.7,1.8953332501826188,0,
6582,2016-04-27,0,1.63,1.8928812568599969,0,
6583,2016-04-28,0,1.62,1.890426825577568,0,
6584,2016-04-29,0,1.61,1.8879699775151386,0,
6585,2016-05-02,0,1.66,1.8855107338525152,0,
6586,2016-05-03,0,1.6,1.8830491157694962,0,
6587,2016-05-04,0,1.6,1.8805851444458903,0,
6588,2016-05-05,0,1.56,1.878118841061501,0,
6589,2016-05-06,0,1.6,1.8756502267961301,0,
6590,2016-05-09,0,1.53,1.8731793228295832,0,
6591,2016-05-10,0,1.53,1.8707061503416638,0,
6592,2016-05-11,0,1.47,1.8682307305121792,0,
6593,2016-05-12,0,1.48,1.8657530845209278,0,
6594,2016-05-13,0,1.42,1.8632732335477173,0,
6595,2016-05-16,0,1.47,1.8607911987723529,0,
6596,2016-05-17,0,1.48,1.8583070013746348,0,
6597,2016-05-18,0,1.57,1.8558206625343692,0,
6598,2016-05-19,0,1.54,1.8533322034313624,0,
6599,2016-05-20,0,1.52,1.850841645245413,0,
6600,2016-05-23,0,1.49,1.8483490091563295,0,
6601,2016-05-24,0,1.51,1.8458543163439138,0,
6602,2016-05-25,0,1.54,1.8433575879879738,0,
6603,2016-05-26,0,1.52,1.8408588452683081,0,
6604,2016-05-27,0,1.53,1.8383581093647234,0,
6605,2016-05-31,0,1.5,1.8358554014570267,0,
6606,2016-06-01,0,1.55,1.8333507427250155,0,
6607,2016-06-02,0,1.52,1.830844154348498,0,
6608,2016-06-03,0,1.41,1.8283356575072804,0,
6609,2016-06-06,0,1.45,1.825825273381162,0,
6610,2016-06-07,0,1.44,1.8233130231499484,0,
6611,2016-06-08,0,1.47,1.8207989279934447,0,
6612,2016-06-09,0,1.42,1.8182830090914568,0,
6613,2016-06-10,0,1.38,1.815765287623784,0,
6614,2016-06-13,0,1.35,1.8132457847702335,0,
6615,2016-06-14,0,1.35,1.8107245217106103,0,
6616,2016-06-15,0,1.34,1.8082015196247148,0,
6617,2016-06-16,0,1.3,1.8056767996923537,0,
6618,2016-06-17,0,1.35,1.8031503830933324,0,
6619,2016-06-20,0,1.39,1.8006222910074516,0,
6620,2016-06-21,0,1.44,1.7980925446145155,0,
6621,2016-06-22,0,1.42,1.795561165094331,0,
6622,2016-06-23,0,1.43,1.793028173626703,0,
6623,2016-06-24,0,1.3,1.7904935913914306,0,
6624,2016-06-27,0,1.19,1.7879574395683207,0,
6625,2016-06-28,0,1.2,1.7854197393371798,0,
6626,2016-06-29,0,1.24,1.7828805118778077,0,
6627,2016-06-30,0,1.23,1.7803397783700097,0,
6628,2016-07-01,0,1.18,1.7777975599935925,0,
6629,2016-07-05,0,1.09,1.7752538779283566,0,
6630,2016-07-06,0,1.1,1.7727087533541066,0,
6631,2016-07-07,0,1.1,1.7701622074506485,0,
6632,2016-07-08,0,1.09,1.7676142613977874,0,
6633,2016-07-11,0,1.11,1.7650649363753235,0,
6634,2016-07-12,0,1.24,1.7625142535630622,0,
6635,2016-07-13,0,1.17,1.7599622341408108,0,
6636,2016-07-14,0,1.21,1.757408899288368,0,
6637,2016-07-15,0,1.28,1.7548542701855414,0,
6638,2016-07-18,0,1.27,1.7522983680121362,0,
6639,2016-07-19,0,1.25,1.7497412139479525,0,
6640,2016-07-20,0,1.27,1.747182829172796,0,
6641,2016-07-21,0,1.25,1.7446232348664716,0,
6642,2016-07-22,0,1.24,1.742062452208786,0,
6643,2016-07-25,0,1.26,1.7395005023795367,0,
6644,2016-07-26,0,1.26,1.7369374065585317,0,
6645,2016-07-27,0,1.21,1.7343731859255775,0,
6646,2016-07-28,0,1.27,1.7318078616604728,0,
6647,2016-07-29,0,1.18,1.7292414549430246,0,
6648,2016-08-01,0,1.22,1.7266739869530385,0,
6649,2016-08-02,0,1.26,1.7241054788703147,0,
6650,2016-08-03,0,1.27,1.7215359518746591,0,
6651,2016-08-04,0,1.25,1.7189654271458763,0,
6652,2016-08-05,0,1.31,1.716393925863772,0,
6653,2016-08-08,0,1.28,1.7138214692081464,0,
6654,2016-08-09,0,1.26,1.7112480783588053,0,
6655,2016-08-10,0,1.22,1.708673774495556,0,
6656,2016-08-11,0,1.29,1.7060985787981966,0,
6657,2016-08-12,0,1.22,1.7035225124465334,0,
6658,2016-08-15,0,1.24,1.7009455966203748,0,
6659,2016-08-16,0,1.3,1.698367852499518,0,
6660,2016-08-17,0,1.26,1.695789301263771,0,
6661,2016-08-18,0,1.23,1.6932099640929397,0,
6662,2016-08-19,0,1.28,1.690629862166823,0,
6663,2016-08-22,0,1.26,1.6880490166652278,0,
6664,2016-08-23,0,1.25,1.6854674487679575,0,
6665,2016-08-24,0,1.25,1.6828851796548208,0,
6666,2016-08-25,0,1.25,1.6803022305056134,0,
6667,2016-08-26,0,1.28,1.6777186225001441,0,
6668,2016-08-29,0,1.24,1.6751343768182194,0,
6669,2016-08-30,0,1.24,1.6725495146396383,0,
6670,2016-08-31,0,1.25,1.669964057144207,0,
6671,2016-09-01,0,1.24,1.6673780255117319,0,
6672,2016-09-02,0,1.27,1.6647914409220126,0,
6673,2016-09-06,0,1.23,1.662204324554855,0,
6674,2016-09-07,0,1.2,1.659616697590064,0,
6675,2016-09-08,0,1.26,1.6570285812074457,0,
6676,2016-09-09,0,1.31,1.6544399965867995,0,
6677,2016-09-12,0,1.31,1.6518509649079314,0,
6678,2016-09-13,0,1.37,1.6492615073506487,0,
6679,2016-09-14,0,1.37,1.64667164509475,0,
6680,2016-09-15,0,1.42,1.644081399320042,0,
6681,2016-09-16,0,1.4,1.6414907912063306,0,
6682,2016-09-19,0,1.4,1.6388998419334158,0,
6683,2016-09-20,0,1.39,1.6363085726811046,0,
6684,2016-09-21,0,1.44,1.6337170046291996,0,
6685,2016-09-22,0,1.45,1.6311251589575084,0,
6686,2016-09-23,0,1.44,1.62853305684583,0,
6687,2016-09-26,0,1.34,1.6259407194739703,0,
6688,2016-09-27,0,1.3,1.6233481680217365,0,
6689,2016-09-28,0,1.3,1.620755423668928,0,
6690,2016-09-29,0,1.3,1.6181625075953507,0,
6691,2016-09-30,0,1.31,1.6155694409808112,0,
6692,2016-10-03,0,1.3,1.612976245005109,0,
6693,2016-10-04,0,1.36,1.6103829408480506,0,
6694,2016-10-05,0,1.4,1.607789549689439,0,
6695,2016-10-06,0,1.42,1.605196092709083,0,
6696,2016-10-07,0,1.4,1.6026025910867792,0,
6697,2016-10-11,0,1.42,1.6000090641733564,0,
6698,2016-10-12,0,1.42,1.5974155240037229,0,
6699,2016-10-13,0,1.45,1.5948219807838007,0,
6700,2016-10-14,0,1.48,1.592228444719518,0,
6701,2016-10-17,0,1.43,1.5896349260168054,0,
6702,2016-10-18,0,1.41,1.5870414348815842,0,
6703,2016-10-19,0,1.41,1.5844479815197836,0,
6704,2016-10-20,0,1.41,1.5818545761373308,0,
6705,2016-10-21,0,1.4,1.579261228940154,0,
6706,2016-10-24,0,1.44,1.5766679501341763,0,
6707,2016-10-25,0,1.43,1.5740747499253271,0,
6708,2016-10-26,0,1.46,1.571481638519534,0,
6709,2016-10-27,0,1.55,1.5688886261227208,0,
6710,2016-10-28,0,1.56,1.5662957229408152,0,
6711,2016-10-31,0,1.5,1.5637029391797472,0,
6712,2016-11-01,0,1.48,1.561110285045439,0,
6713,2016-11-02,0,1.44,1.5585177707438191,0,
6714,2016-11-03,0,1.44,1.5559254064808152,0,
6715,2016-11-04,0,1.41,1.5533332024623552,0,
6716,2016-11-07,0,1.42,1.5507411688943622,0,
6717,2016-11-08,0,1.45,1.548149315982765,0,
6718,2016-11-09,0,1.62,1.5455576539334923,0,
6719,2016-11-10,0,1.67,1.5429661929524672,0,
6720,2016-11-14,0,1.68,1.5403749432456184,0,
6721,2016-11-15,0,1.72,1.5377839150188746,0,
6722,2016-11-16,0,1.75,1.5351931184781584,0,
6723,2016-11-17,0,1.85,1.5326025638293987,0,
6724,2016-11-18,0,1.9,1.5300122612785225,0,
6725,2016-11-21,0,1.87,1.527422221031459,0,
6726,2016-11-22,0,1.82,1.5248324532941298,0,
6727,2016-11-23,0,1.85,1.5222429682724643,0,
6728,2016-11-25,0,1.87,1.5196537761723916,0,
6729,2016-11-28,0,1.84,1.5170648871998338,0,
6730,2016-11-29,0,1.81,1.514476311560721,0,
6731,2016-11-30,0,1.89,1.5118880594609805,0,
6732,2016-12-01,0,1.97,1.5093001411065357,0,
6733,2016-12-02,0,1.91,1.5067125667033157,0,
6734,2016-12-05,0,1.9,1.5041253464572466,0,
6735,2016-12-06,0,1.9,1.5015384905742581,0,
6736,2016-12-07,0,1.81,1.4989520092602724,0,
6737,2016-12-08,0,1.89,1.496365912721218,0,
6738,2016-12-09,0,1.93,1.4937802111630247,0,
6739,2016-12-12,0,1.98,1.4911949147916144,0,
6740,2016-12-13,0,1.94,1.488610033812916,0,
6741,2016-12-14,0,1.99,1.4860255784328587,0,
6742,2016-12-15,0,2.09,1.4834415588573648,0,
6743,2016-12-16,0,2.09,1.4808579852923636,0,
6744,2016-12-19,0,2.02,1.4782748679437818,0,
6745,2016-12-20,0,2.04,1.475692217017548,0,
6746,2016-12-21,0,2.02,1.4731100427195845,0,
6747,2016-12-22,0,2.04,1.4705283552558208,0,
6748,2016-12-23,0,2.02,1.4679471648321862,0,
6749,2016-12-27,0,2.05,1.4653664816546021,0,
6750,2016-12-28,0,1.97,1.462786315928998,0,
6751,2016-12-29,0,2.02,1.460206677861303,0,
6752,2016-12-30,0,1.94,1.4576275776574394,0,
6753,2017-01-03,0,1.92,1.4550490255233366,0,
6754,2017-01-04,0,1.93,1.4524710316649208,0,
6755,2017-01-05,0,1.85,1.449893606288121,0,
6756,2017-01-06,0,1.89,1.4473167595988594,0,
6757,2017-01-09,0,1.88,1.444740501803066,0,
6758,2017-01-10,0,1.86,1.4421648431066687,0,
6759,2017-01-11,0,1.86,1.4395897937155908,0,
6760,2017-01-12,0,1.84,1.4370153638357603,0,
6761,2017-01-13,0,1.87,1.4344415636731072,0,
6762,2017-01-17,0,1.78,1.4318684034335536,0,
6763,2017-01-18,0,1.89,1.4292958933230278,0,
6764,2017-01-19,0,1.95,1.4267240435474573,0,
6765,2017-01-20,0,1.98,1.424152864312771,0,
6766,2017-01-23,0,1.9,1.421582365824891,0,
6767,2017-01-24,0,1.96,1.4190125582897466,0,
6768,2017-01-25,0,2.02,1.4164434519132667,0,
6769,2017-01-26,0,1.99,1.4138750569013743,0,
6770,2017-01-27,0,1.97,1.411307383459997,0,
6771,2017-01-30,0,1.98,1.408740441795065,0,
6772,2017-01-31,0,1.93,1.4061742421125,0,
6773,2017-02-01,0,1.97,1.4036087946182314,0,
6774,2017-02-02,0,1.96,1.4010441095181856,0,
6775,2017-02-03,0,1.98,1.3984801970182923,0,
6776,2017-02-06,0,1.89,1.395917067324473,0,
6777,2017-02-07,0,1.87,1.3933547306426572,0,
6778,2017-02-08,0,1.79,1.3907931971787744,0,
6779,2017-02-09,0,1.86,1.388232477138746,0,
6780,2017-02-10,0,1.86,1.385672580728501,0,
6781,2017-02-13,0,1.91,1.3831135181539698,0,
6782,2017-02-14,0,1.93,1.3805552996210735,0,
6783,2017-02-15,0,1.96,1.377997935335741,0,
6784,2017-02-16,0,1.92,1.3754414355038997,0,
6785,2017-02-17,0,1.89,1.3728858103314783,0,
6786,2017-02-21,0,1.9,1.3703310700243994,0,
6787,2017-02-22,0,1.9,1.3677772247885918,0,
6788,2017-02-23,0,1.87,1.3652242848299845,0,
6789,2017-02-24,0,1.79,1.3626722603544998,0,
6790,2017-02-27,0,1.86,1.3601211615680673,0,
6791,2017-02-28,0,1.82,1.3575709986766153,0,
6792,2017-03-01,0,1.83,1.3550217818860666,0,
6793,2017-03-02,0,1.82,1.3524735214023498,0,
6794,2017-03-03,0,1.78,1.3499262274313948,0,
6795,2017-03-06,0,1.75,1.3473799101791224,0,
6796,2017-03-07,0,1.76,1.344834579851463,0,
6797,2017-03-08,0,1.84,1.3422902466543427,0,
6798,2017-03-09,0,1.87,1.339746920793691,0,
6799,2017-03-10,0,1.83,1.33720461247543,0,
6800,2017-03-13,0,1.83,1.3346633319054886,0,
6801,2017-03-14,0,1.82,1.3321230892897955,0,
6802,2017-03-15,0,1.77,1.3295838948342737,0,
6803,2017-03-16,0,1.79,1.3270457587448525,0,
6804,2017-03-17,0,1.77,1.3245086912274597,0,
6805,2017-03-20,0,1.71,1.321972702488019,0,
6806,2017-03-21,0,1.66,1.319437802732458,0,
6807,2017-03-22,0,1.63,1.3169040021667044,0,
6808,2017-03-23,0,1.65,1.314371310996688,0,
6809,2017-03-24,0,1.62,1.3118397394283292,0,
6810,2017-03-27,0,1.6,1.3093092976675584,0,
6811,2017-03-28,0,1.64,1.306779995920304,0,
6812,2017-03-29,0,1.61,1.304251844392489,0,
6813,2017-03-30,0,1.64,1.301724853290042,0,
6814,2017-03-31,0,1.64,1.2991990328188914,0,
6815,2017-04-03,0,1.56,1.2966743931849607,0,
6816,2017-04-04,0,1.56,1.2941509445941781,0,
6817,2017-04-05,0,1.53,1.291628697252471,0,
6818,2017-04-06,0,1.54,1.2891076613657682,0,
6819,2017-04-07,0,1.56,1.2865878471399919,0,
6820,2017-04-10,0,1.55,1.2840692647810708,0,
6821,2017-04-11,0,1.5,1.2815519244949347,0,
6822,2017-04-12,0,1.46,1.2790358364875054,0,
6823,2017-04-13,0,1.43,1.2765210109647118,0,
6824,2017-04-17,0,1.42,1.2740074581324834,0,
6825,2017-04-18,0,1.36,1.2714951881967422,0,
6826,2017-04-19,0,1.4,1.2689842113634178,0,
6827,2017-04-20,0,1.45,1.266474537838436,0,
6828,2017-04-21,0,1.45,1.263966177827726,0,
6829,2017-04-24,0,1.46,1.2614591415372112,0,
6830,2017-04-25,0,1.53,1.2589534391728197,0,
6831,2017-04-26,0,1.48,1.2564490809404811,0,
6832,2017-04-27,0,1.48,1.2539460770461168,0,
6833,2017-04-28,0,1.49,1.2514444376956564,0,
6834,2017-05-01,0,1.5,1.248944173095029,0,
6835,2017-05-02,0,1.47,1.2464452934501569,0,
6836,2017-05-03,0,1.48,1.2439478089669693,0,
6837,2017-05-04,0,1.5,1.241451729851392,0,
6838,2017-05-05,0,1.46,1.2389570663093554,0,
6839,2017-05-08,0,1.48,1.2364638285467813,0,
6840,2017-05-09,0,1.5,1.2339720267695986,0,
6841,2017-05-10,0,1.51,1.2314816711837364,0,
6842,2017-05-11,0,1.5,1.2289927719951164,0,
6843,2017-05-12,0,1.45,1.2265053394096685,0,
6844,2017-05-15,0,1.44,1.224019383633322,0,
6845,2017-05-16,0,1.43,1.2215349148719985,0,
6846,2017-05-17,0,1.32,1.219051943331627,0,
6847,2017-05-18,0,1.29,1.2165704792181344,0,
6848,2017-05-19,0,1.31,1.2140905327374498,0,
6849,2017-05-22,0,1.31,1.2116121140954959,0,
6850,2017-05-23,0,1.37,1.209135233498201,0,
6851,2017-05-24,0,1.32,1.2066599011514947,0,
6852,2017-05-25,0,1.31,1.2041861272612993,0,
6853,2017-05-26,0,1.31,1.2017139220335429,0,
6854,2017-05-30,0,1.27,1.199243295674156,0,
6855,2017-05-31,0,1.23,1.1967742583890604,0,
6856,2017-06-01,0,1.23,1.1943068203841842,0,
6857,2017-06-02,0,1.17,1.1918409918654556,0,
6858,2017-06-05,0,1.22,1.1893767830388027,0,
6859,2017-06-06,0,1.17,1.1869142041101481,0,
6860,2017-06-07,0,1.18,1.1844532652854207,0,
6861,2017-06-08,0,1.18,1.1819939767705496,0,
6862,2017-06-09,0,1.2,1.1795363487714576,0,
6863,2017-06-12,0,1.23,1.177080391494073,0,
6864,2017-06-13,0,1.21,1.174626115144325,0,
6865,2017-06-14,0,1.13,1.1721735299281364,0,
6866,2017-06-15,0,1.14,1.1697226460514356,0,
6867,2017-06-16,0,1.13,1.1672734737201498,0,
6868,2017-06-19,0,1.17,1.1648260231402081,0,
6869,2017-06-20,0,1.15,1.1623803045175325,0,
6870,2017-06-21,0,1.17,1.1599363280580515,0,
6871,2017-06-22,0,1.19,1.1574941039676956,0,
6872,2017-06-23,0,1.18,1.1550536424523858,0,
6873,2017-06-26,0,1.15,1.1526149537180521,0,
6874,2017-06-27,0,1.21,1.1501780479706225,0,
6875,2017-06-28,0,1.2,1.1477429354160202,0,
6876,2017-06-29,0,1.23,1.1453096262601739,0,
6877,2017-06-30,0,1.28,1.1428781307090106,0,
6878,2017-07-03,0,1.29,1.140448458968459,0,
6879,2017-07-05,0,1.28,1.1380206212444417,0,
6880,2017-07-06,0,1.33,1.1355946277428874,0,
6881,2017-07-07,0,1.34,1.1331704886697254,0,
6882,2017-07-10,0,1.34,1.1307482142308778,0,
6883,2017-07-11,0,1.32,1.1283278146322737,0,
6884,2017-07-12,0,1.28,1.1259093000798421,0,
6885,2017-07-13,0,1.3,1.1234926807795063,0,
6886,2017-07-14,0,1.29,1.1210779669371937,0,
6887,2017-07-17,0,1.24,1.1186651687588318,0,
6888,2017-07-18,0,1.2,1.1162542964503497,0,
6889,2017-07-19,0,1.15,1.1138453602176699,0,
6890,2017-07-20,0,1.12,1.1114383702667212,0,
6891,2017-07-21,0,1.08,1.1090333368034329,0,
6892,2017-07-24,0,1.08,1.1066302700337267,0,
6893,2017-07-25,0,1.15,1.1042291801635322,0,
6894,2017-07-26,0,1.16,1.101830077398778,0,
6895,2017-07-27,0,1.2,1.099432971945387,0,
6896,2017-07-28,0,1.21,1.0970378740092877,0,
6897,2017-07-31,0,1.22,1.0946447937964068,0,
6898,2017-08-01,0,1.17,1.0922537415126738,0,
6899,2017-08-02,0,1.19,1.0898647273640114,0,
6900,2017-08-03,0,1.16,1.0874777615563473,0,
6901,2017-08-04,0,1.19,1.0850928542956118,0,
6902,2017-08-07,0,1.23,1.0827100157877263,0,
6903,2017-08-08,0,1.23,1.0803292562386209,0,
6904,2017-08-09,0,1.18,1.0779505858542233,0,
6905,2017-08-10,0,1.15,1.0755740148404567,0,
6906,2017-08-11,0,1.15,1.07319955340325,0,
6907,2017-08-14,0,1.2,1.07082721174853,0,
6908,2017-08-15,0,1.23,1.0684570000822255,0,
6909,2017-08-16,0,1.21,1.066088928610259,0,
6910,2017-08-17,0,1.19,1.0637230075385595,0,
6911,2017-08-18,0,1.17,1.0613592470730557,0,
6912,2017-08-21,0,1.18,1.058997657419671,0,
6913,2017-08-22,0,1.22,1.056638248784333,0,
6914,2017-08-23,0,1.17,1.054281031372972,0,
6915,2017-08-24,0,1.17,1.0519260153915093,0,
6916,2017-08-25,0,1.13,1.0495732110458746,0,
6917,2017-08-28,0,1.18,1.0472226285419965,0,
6918,2017-08-29,0,1.09,1.0448742780857976,0,
6919,2017-08-30,0,1.11,1.042528169883207,0,
6920,2017-08-31,0,1.11,1.0401843141401508,0,
6921,2017-09-01,0,1.14,1.0378427210625591,0,
6922,2017-09-05,0,1.03,1.0355034008563535,0,
6923,2017-09-06,0,1.03,1.0331663637274635,0,
6924,2017-09-07,0,0.99,1.0308316198818173,0,
6925,2017-09-08,0,1.02,1.0284991795253384,0,
6926,2017-09-11,0,1.09,1.0261690528639544,0,
6927,2017-09-12,0,1.13,1.0238412501035958,0,
6928,2017-09-13,0,1.16,1.0215157814501843,0,
6929,2017-09-14,0,1.15,1.0191926571096488,0,
6930,2017-09-15,0,1.15,1.0168718872879157,0,
6931,2017-09-18,0,1.18,1.0145534821909148,0,
6932,2017-09-19,0,1.2,1.012237452024568,0,
6933,2017-09-20,0,1.23,1.0099238069948047,0,
6934,2017-09-21,0,1.23,1.0076125573075536,0,
6935,2017-09-22,0,1.22,1.005303713168737,0,
6936,2017-09-25,0,1.17,1.0029972847842843,0,
6937,2017-09-26,0,1.18,1.0006932823601242,0,
6938,2017-09-27,0,1.24,0.9983917161021788,0,
6939,2017-09-28,0,1.25,0.9960925962163775,0,
6940,2017-09-29,0,1.27,0.9937959329086472,0,
6941,2017-10-02,0,1.32,0.9915017363849168,0,
6942,2017-10-03,0,1.26,0.9892100168511083,0,
6943,2017-10-04,0,1.25,0.9869207845131512,0,
6944,2017-10-05,0,1.28,0.9846340495769744,0,
6945,2017-10-06,0,1.3,0.9823498222484998,0,
6946,2017-10-10,0,1.27,0.980068112733657,0,
6947,2017-10-11,0,1.25,0.977788931238375,0,
6948,2017-10-12,0,1.24,0.9755122879685755,0,
6949,2017-10-13,0,1.18,0.9732381931301882,0,
6950,2017-10-16,0,1.19,0.9709666569291397,0,
6951,2017-10-17,0,1.2,0.9686976895713587,0,
6952,2017-10-18,0,1.24,0.9664313012627681,0,
6953,2017-10-19,0,1.23,0.9641675022092964,0,
6954,2017-10-20,0,1.28,0.961906302616873,0,
6955,2017-10-23,0,1.28,0.9596477126914202,0,
6956,2017-10-24,0,1.29,0.9573917426388668,0,
6957,2017-10-25,0,1.31,0.9551384026651415,0,
6958,2017-10-26,0,1.35,0.9528877029761674,0,
6959,2017-10-27,0,1.31,0.9506396537778735,0,
6960,2017-10-30,0,1.25,0.9483942652761863,0,
6961,2017-10-31,0,1.23,0.9461515476770344,0,
6962,2017-11-01,0,1.19,0.9439115111863404,0,
6963,2017-11-02,0,1.18,0.941674166010034,0,
6964,2017-11-03,0,1.15,0.9394395223540434,0,
6965,2017-11-06,0,1.12,0.9372075904242915,0,
6966,2017-11-07,0,1.09,0.9349783804267069,0,
6967,2017-11-08,0,1.08,0.9327519025672185,0,
6968,2017-11-09,0,1.09,0.9305281670517492,0,
6969,2017-11-10,0,1.17,0.9283071840862274,0,
6970,2017-11-13,0,1.15,0.9260889638765809,0,
6971,2017-11-14,0,1.11,0.9238735166287372,0,
6972,2017-11-15,0,1.08,0.92166085254862,0,
6973,2017-11-16,0,1.1,0.9194509818421578,0,
6974,2017-11-17,0,1.06,0.9172439147152793,0,
6975,2017-11-20,0,1.07,0.9150396613739076,0,
6976,2017-11-21,0,1.05,0.9128382320239709,0,
6977,2017-11-22,0,1.02,0.9106396368713988,0,
6978,2017-11-24,0,1.04,0.9084438861221135,0,
6979,2017-11-27,0,1.04,0.9062509899820439,0,
6980,2017-11-28,0,1.03,0.9040609586571169,0,
6981,2017-11-29,0,1.08,0.9018738023532612,0,
6982,2017-11-30,0,1.14,0.8996895312764,0,
6983,2017-12-01,0,1.1,0.8975081556324612,0,
6984,2017-12-04,0,1.08,0.8953296856273746,0,
6985,2017-12-05,0,1.05,0.8931541314670621,0,
6986,2017-12-06,0,1.03,0.8909815033574533,0,
6987,2017-12-07,0,1.08,0.8888118115044765,0,
6988,2017-12-08,0,1.09,0.8866450661140546,0,
6989,2017-12-11,0,1.06,0.8844812773921162,0,
6990,2017-12-12,0,1.05,0.8823204555445885,0,
6991,2017-12-13,0,1.05,0.8801626107774001,0,
6992,2017-12-14,0,1.03,0.878007753296474,0,
6993,2017-12-15,0,1.04,0.8758558933077383,0,
6994,2017-12-18,0,1.01,0.8737070410171224,0,
6995,2017-12-19,0,1.08,0.8715612066305493,0,
6996,2017-12-20,0,1.11,0.8694184003539469,0,
6997,2017-12-21,0,1.12,0.8672786323932448,0,
6998,2017-12-22,0,1.14,0.8651419129543657,0,
6999,2017-12-26,0,1.0,0.8630082522432381,0,
7000,2017-12-27,0,0.98,0.860877660465789,0,
7001,2017-12-28,0,1.04,0.8587501478279471,0,
7002,2017-12-29,0,1.01,0.8566257245356355,0,
7003,2018-01-02,0,1.02,0.8545044007947823,0,
7004,2018-01-03,0,1.03,0.852386186811317,0,
7005,2018-01-04,0,1.05,0.8502710927911619,0,
7006,2018-01-05,0,1.08,0.848159128940246,0,
7007,2018-01-08,0,1.04,0.8460503054644982,0,
7008,2018-01-09,0,1.1,0.8439446325698411,0,
7009,2018-01-10,0,1.12,0.8418421204622036,0,
7010,2018-01-11,0,1.11,0.8397427793475127,0,
7011,2018-01-12,0,1.11,0.8376466194316965,0,
7012,2018-01-16,0,1.09,0.8355536509206786,0,
7013,2018-01-17,0,1.12,0.8334638840203872,0,
7014,2018-01-18,0,1.17,0.8313773289367516,0,
7015,2018-01-19,0,1.2,0.8292939958756942,0,
7016,2018-01-22,0,1.22,0.827213895043144,0,
7017,2018-01-23,0,1.19,0.8251370366450295,0,
7018,2018-01-24,0,1.22,0.8230634308872741,0,
7019,2018-01-25,0,1.21,0.8209930879758062,0,
7020,2018-01-26,0,1.25,0.8189260181165523,0,
7021,2018-01-29,0,1.26,0.8168622315154416,0,
7022,2018-01-30,0,1.29,0.8148017383783971,0,
7023,2018-01-31,0,1.26,0.8127445489113467,0,
7024,2018-02-01,0,1.29,0.8106906733202203,0,
7025,2018-02-02,0,1.36,0.80864012181094,0,
7026,2018-02-05,0,1.26,0.8065929045894348,0,
7027,2018-02-06,0,1.27,0.8045490318616332,0,
7028,2018-02-07,0,1.28,0.8025085138334586,0,
7029,2018-02-08,0,1.3,0.8004713607108394,0,
7030,2018-02-09,0,1.28,0.7984375826997024,0,
7031,2018-02-12,0,1.23,0.7964071900059763,0,
7032,2018-02-13,0,1.24,0.7943801928355843,0,
7033,2018-02-14,0,1.33,0.7923566013944547,0,
7034,2018-02-15,0,1.31,0.7903364258885164,0,
7035,2018-02-16,0,1.25,0.7883196765236926,0,
7036,2018-02-20,0,1.22,0.7863063635059118,0,
7037,2018-02-21,0,1.3,0.7842964970411027,0,
7038,2018-02-22,0,1.29,0.7822900873351881,0,
7039,2018-02-23,0,1.24,0.7802871445940971,0,
7040,2018-02-26,0,1.2,0.778287679023758,0,
7041,2018-02-27,0,1.24,0.776291700830094,0,
7042,2018-02-28,0,1.22,0.7742992202190341,0,
7043,2018-03-01,0,1.18,0.7723102473965044,0,
7044,2018-03-02,0,1.21,0.7703247925684339,0,
7045,2018-03-05,0,1.18,0.7683428659407459,0,
7046,2018-03-06,0,1.2,0.766364477719369,0,
7047,2018-03-07,0,1.21,0.7643896381102314,0,
7048,2018-03-08,0,1.19,0.7624183573192566,0,
7049,2018-03-09,0,1.23,0.760450645552373,0,
7050,2018-03-12,0,1.16,0.7584865130155094,0,
7051,2018-03-13,0,1.1,0.756525969914589,0,
7052,2018-03-14,0,1.05,0.7545690264555401,0,
7053,2018-03-15,0,1.04,0.7526156928442898,0,
7054,2018-03-16,0,1.07,0.7506659792867668,0,
7055,2018-03-19,0,1.05,0.7487198959888939,0,
7056,2018-03-20,0,1.08,0.7467774531565997,0,
7057,2018-03-21,0,1.15,0.7448386609958131,0,
7058,2018-03-22,0,1.11,0.7429035297124574,0,
7059,2018-03-23,0,1.07,0.7409720695124608,0,
7060,2018-03-26,0,1.06,0.7390442906017519,0,
7061,2018-03-27,0,1.0,0.7371202031862544,0,
7062,2018-03-28,0,1.04,0.7351998174718963,0,
7063,2018-03-29,0,1.01,0.7332831436646046,0,
7064,2018-04-02,0,0.96,0.7313701919703081,0,
7065,2018-04-03,0,1.04,0.7294609725949297,0,
7066,2018-04-04,0,1.08,0.7275554957443983,0,
7067,2018-04-05,0,1.11,0.7256537716246418,0,
7068,2018-04-06,0,1.04,0.7237558104415843,0,
7069,2018-04-09,0,1.01,0.721861622401154,0,
7070,2018-04-10,0,1.05,0.7199712177092794,0,
7071,2018-04-11,0,1.06,0.7180846065718839,0,
7072,2018-04-12,0,1.08,0.7162017991948959,0,
7073,2018-04-13,0,1.05,0.7143228057842421,0,
7074,2018-04-16,0,1.04,0.7124476365458516,0,
7075,2018-04-17,0,1.01,0.7105763016856471,0,
7076,2018-04-18,0,1.06,0.7087088114095574,0,
7077,2018-04-19,0,1.09,0.706845175923511,0,
7078,2018-04-20,0,1.14,0.7049854054334312,0,
7079,2018-04-23,0,1.1,0.7031295101452466,0,
7080,2018-04-24,0,1.12,0.7012775002648857,0,
7081,2018-04-25,0,1.17,0.6994293859982715,0,
7082,2018-04-26,0,1.18,0.6975851775513331,0,
7083,2018-04-27,0,1.13,0.6957448851299969,0,
7084,2018-04-30,0,1.08,0.6939085189401915,0,
7085,2018-05-01,0,1.12,0.6920760891878406,0,
7086,2018-05-02,0,1.13,0.6902476060788718,0,
7087,2018-05-03,0,1.09,0.6884230798192145,0,
7088,2018-05-04,0,1.11,0.6866025206147918,0,
7089,2018-05-07,0,1.09,0.6847859386715319,0,
7090,2018-05-08,0,1.1,0.6829733441953639,0,
7091,2018-05-09,0,1.12,0.6811647473922108,0,
7092,2018-05-10,0,1.07,0.6793601584680012,0,
7093,2018-05-11,0,1.05,0.6775595876286616,0,
7094,2018-05-14,0,1.07,0.675763045080121,0,
7095,2018-05-15,0,1.16,0.6739705410283025,0,
7096,2018-05-16,0,1.17,0.6721820856791345,0,
7097,2018-05-17,0,1.19,0.6703976892385457,0,
7098,2018-05-18,0,1.15,0.6686173619124596,0,
7099,2018-05-21,0,1.13,0.6668411139068043,0,
7100,2018-05-22,0,1.13,0.6650689554275085,0,
7101,2018-05-23,0,1.08,0.6633008966804955,0,
7102,2018-05-24,0,1.07,0.6615369478716941,0,
7103,2018-05-25,0,1.03,0.659777119207031,0,
7104,2018-05-29,0,0.84,0.658021420892434,0,
7105,2018-05-30,0,0.89,0.6562698631338276,0,
7106,2018-05-31,0,0.9,0.6545224561371396,0,
7107,2018-06-01,0,0.97,0.6527792101082986,0,
7108,2018-06-04,0,1.0,0.651040135253228,0,
7109,2018-06-05,0,0.98,0.6493052417778568,0,
7110,2018-06-06,0,1.02,0.6475745398881125,0,
7111,2018-06-07,0,0.99,0.6458480397899193,0,
7112,2018-06-08,0,1.0,0.6441257516892053,0,
7113,2018-06-11,0,1.02,0.6424076857918977,0,
7114,2018-06-12,0,1.04,0.6406938523039243,0,
7115,2018-06-13,0,1.04,0.6389842614312092,0,
7116,2018-06-14,0,1.0,0.6372789233796806,0,
7117,2018-06-15,0,0.99,0.6355778483552668,0,
7118,2018-06-18,0,0.98,0.6338810465638913,0,
7119,2018-06-19,0,0.95,0.6321885282114832,0,
7120,2018-06-20,0,0.99,0.63050030350397,0,
7121,2018-06-21,0,0.96,0.6288163826472758,0,
7122,2018-06-22,0,0.97,0.6271367758473287,0,
7123,2018-06-25,0,0.94,0.625461493310056,0,
7124,2018-06-26,0,0.95,0.6237905452413854,0,
7125,2018-06-27,0,0.9,0.6221239418472411,0,
7126,2018-06-28,0,0.9,0.6204616933335511,0,
7127,2018-06-29,0,0.92,0.6188038099062438,0,
7128,2018-07-02,0,0.89,0.6171503017712432,0,
7129,2018-07-03,0,0.85,0.6155011791344772,0,
7130,2018-07-05,0,0.87,0.6138564522018747,0,
7131,2018-07-06,0,0.84,0.6122161311793588,0,
7132,2018-07-09,0,0.87,0.610580226272858,0,
7133,2018-07-10,0,0.88,0.6089487476882994,0,
7134,2018-07-11,0,0.88,0.6073217056316111,0,
7135,2018-07-12,0,0.87,0.6056991103087169,0,
7136,2018-07-13,0,0.85,0.6040809719255449,0,
7137,2018-07-16,0,0.84,0.6024673006880237,0,
7138,2018-07-17,0,0.83,0.600858106802077,0,
7139,2018-07-18,0,0.87,0.599253400473633,0,
7140,2018-07-19,0,0.83,0.5976531919086198,0,
7141,2018-07-20,0,0.9,0.5960574913129618,0,
7142,2018-07-23,0,0.97,0.5944663088925868,0,
7143,2018-07-24,0,0.93,0.5928796548534219,0,
7144,2018-07-25,0,0.93,0.591297539401395,0,
7145,2018-07-26,0,0.99,0.5897199727424303,0,
7146,2018-07-27,0,0.96,0.5881469650824558,0,
7147,2018-07-30,0,0.94,0.5865785266273998,0,
7148,2018-07-31,0,0.93,0.5850146675831864,0,
7149,2018-08-01,0,0.97,0.5834553981557437,0,
7150,2018-08-02,0,0.96,0.5819007285509996,0,
7151,2018-08-03,0,0.94,0.5803506689748789,0,
7152,2018-08-06,0,0.89,0.5788052296333088,0,
7153,2018-08-07,0,0.92,0.5772644207322167,0,
7154,2018-08-08,0,0.89,0.5757282524775307,0,
7155,2018-08-09,0,0.87,0.5741967350751749,0,
7156,2018-08-10,0,0.82,0.5726698787310773,0,
7157,2018-08-13,0,0.81,0.5711476936511659,0,
7158,2018-08-14,0,0.81,0.5696301900413652,0,
7159,2018-08-15,0,0.79,0.5681173781076031,0,
7160,2018-08-16,0,0.8,0.5666092680558077,0,
7161,2018-08-17,0,0.82,0.5651058700919033,0,
7162,2018-08-20,0,0.75,0.5636071944218177,0,
7163,2018-08-21,0,0.77,0.562113251251478,0,
7164,2018-08-22,0,0.73,0.5606240507868121,0,
7165,2018-08-23,0,0.73,0.5591396032337446,0,
7166,2018-08-24,0,0.73,0.5576599187982031,0,
7167,2018-08-27,0,0.73,0.5561850076861159,0,
7168,2018-08-28,0,0.75,0.5547148801034071,0,
7169,2018-08-29,0,0.76,0.553249546256005,0,
7170,2018-08-30,0,0.75,0.5517890163498376,0,
7171,2018-08-31,0,0.75,0.5503333005908289,0,
7172,2018-09-04,0,0.77,0.5488824091849072,0,
7173,2018-09-05,0,0.75,0.5474363523380007,0,
7174,2018-09-06,0,0.75,0.5459951402560331,0,
7175,2018-09-07,0,0.79,0.5445587831449331,0,
7176,2018-09-10,0,0.79,0.543127291210627,0,
7177,2018-09-11,0,0.83,0.5417006746590433,0,
7178,2018-09-12,0,0.81,0.5402789436961059,0,
7179,2018-09-13,0,0.82,0.5388621085277431,0,
7180,2018-09-14,0,0.83,0.5374501793598829,0,
7181,2018-09-17,0,0.83,0.5360431663984495,0,
7182,2018-09-18,0,0.87,0.534641079849371,0,
7183,2018-09-19,0,0.92,0.5332439299185753,0,
7184,2018-09-20,0,0.89,0.5318517268119869,0,
7185,2018-09-21,0,0.88,0.5304644807355339,0,
7186,2018-09-24,0,0.85,0.5290822018951428,0,
7187,2018-09-25,0,0.89,0.5277049004967419,0,
7188,2018-09-26,0,0.85,0.5263325867462552,0,
7189,2018-09-27,0,0.87,0.5249652708496111,0,
7190,2018-09-28,0,0.85,0.5236029630127376,0,
7191,2018-10-01,0,0.85,0.5222456734415586,0,
7192,2018-10-02,0,0.81,0.5208934123420026,0,
7193,2018-10-03,0,0.92,0.5195461899199976,0,
7194,2018-10-04,0,0.96,0.5182040163814676,0,
7195,2018-10-05,0,1.0,0.5168669019323407,0,
7196,2018-10-09,0,0.96,0.515534856778544,0,
7197,2018-10-10,0,0.95,0.5142078911260052,0,
7198,2018-10-11,0,0.87,0.5128860151806488,0,
7199,2018-10-12,0,0.87,0.5115692391484028,0,
7200,2018-10-15,0,0.85,0.5102575732351952,0,
7201,2018-10-16,0,0.86,0.5089510276469502,0,
7202,2018-10-17,0,0.87,0.5076496125895961,0,
7203,2018-10-18,0,0.85,0.5063533382690607,0,
7204,2018-10-19,0,0.89,0.5050622148912685,0,
7205,2018-10-22,0,0.86,0.5037762526621474,0,
7206,2018-10-23,0,0.83,0.5024954617876244,0,
7207,2018-10-24,0,0.76,0.5012198524736271,0,
7208,2018-10-25,0,0.8,0.4999494349260802,0,
7209,2018-10-26,0,0.75,0.4986842193509115,0,
7210,2018-10-29,0,0.74,0.4974242159540494,0,
7211,2018-10-30,0,0.79,0.49616943494141774,0,
7212,2018-10-31,0,0.81,0.4949198865189451,0,
7213,2018-11-01,0,0.82,0.4936755808925586,0,
7214,2018-11-02,0,0.89,0.4924365282681835,0,
7215,2018-11-05,0,0.84,0.4912027388517475,0,
7216,2018-11-06,0,0.87,0.48997422284917747,0,
7217,2018-11-07,0,0.85,0.488750990466401,0,
7218,2018-11-08,0,0.89,0.487533051909343,0,
7219,2018-11-09,0,0.83,0.4863204173839314,0,
7220,2018-11-13,0,0.76,0.48511309709609374,0,
7221,2018-11-14,0,0.74,0.48391110125175496,0,
7222,2018-11-15,0,0.73,0.4827144400568428,0,
7223,2018-11-16,0,0.72,0.48152312371728495,0,
7224,2018-11-19,0,0.68,0.48033716243900637,0,
7225,2018-11-20,0,0.67,0.4791565664279349,0,
7226,2018-11-21,0,0.64,0.47798134588999713,0,
7227,2018-11-23,0,0.63,0.4768115110311211,0,
7228,2018-11-26,0,0.65,0.4756470720572313,0,
7229,2018-11-27,0,0.64,0.47448803917425586,0,
7230,2018-11-28,0,0.66,0.47333442258812236,0,
7231,2018-11-29,0,0.65,0.47218623250475567,0,
7232,2018-11-30,0,0.63,0.4710434791300834,0,
7233,2018-12-03,0,0.6,0.46990617267003343,0,
7234,2018-12-04,0,0.49,0.4687743233305309,0,
7235,2018-12-06,0,0.46,0.46764794131750304,0,
7236,2018-12-07,0,0.45,0.46652703683687713,0,
7237,2018-12-10,0,0.43,0.4654116200945806,0,
7238,2018-12-11,0,0.48,0.4643017012965386,0,
7239,2018-12-12,0,0.48,0.4631972906486786,0,
7240,2018-12-13,0,0.48,0.4620983983569286,0,
7241,2018-12-14,0,0.47,0.46100503462721315,0,
7242,2018-12-17,0,0.46,0.45991720966546035,0,
7243,2018-12-18,0,0.42,0.45883493367759787,0,
7244,2018-12-19,0,0.37,0.4577582168695503,0,
7245,2018-12-20,0,0.39,0.4566870694472459,0,
7246,2018-12-21,0,0.39,0.45562150161661097,0,
7247,2018-12-24,0,0.29,0.4545615235835736,0,
7248,2018-12-26,0,0.37,0.45350714555405863,0,
7249,2018-12-27,0,0.35,0.45245837773399333,0,
7250,2018-12-28,0,0.32,0.4514152303293061,0,
7251,2018-12-31,0,0.23,0.45037771354592165,0,
7252,2019-01-02,0,0.24,0.44934583758976754,0,
7253,2019-01-03,0,0.14,0.44831961266677156,0,
7254,2019-01-04,0,0.25,0.4472990489828587,0,
7255,2019-01-07,0,0.25,0.44628415674395694,0,
7256,2019-01-08,0,0.27,0.4452749461559925,0,
7257,2019-01-09,0,0.29,0.44427142742489356,0,
7258,2019-01-10,0,0.31,0.4432736107565848,0,
7259,2019-01-11,0,0.27,0.4422815063569939,0,
7260,2019-01-14,0,0.25,0.441295124432049,0,
7261,2019-01-15,0,0.27,0.4403144751876746,0,
7262,2019-01-16,0,0.29,0.4393395688297985,0,
7263,2019-01-17,0,0.33,0.4383704155643487,0,
7264,2019-01-18,0,0.37,0.43740702559725,0,
7265,2019-01-22,0,0.31,0.43644940913442987,0,
7266,2019-01-23,0,0.34,0.4354975763818153,0,
7267,2019-01-24,0,0.35,0.43455153754533404,0,
7268,2019-01-25,0,0.36,0.4336113028309111,0,
7269,2019-01-28,0,0.33,0.43267688244447394,0,
7270,2019-01-29,0,0.3,0.4317482865919504,0,
7271,2019-01-30,0,0.28,0.4308255254792657,0,
7272,2019-01-31,0,0.21,0.4299086093123472,0,
7273,2019-02-01,0,0.3,0.42899754829712267,0,
7274,2019-02-04,0,0.31,0.42809235263951717,0,
7275,2019-02-05,0,0.29,0.4271930325454585,0,
7276,2019-02-06,0,0.28,0.4262995982208732,0,
7277,2019-02-07,0,0.23,0.42541205987168895,0,
7278,2019-02-08,0,0.19,0.4245304277038311,0,
7279,2019-02-11,0,0.19,0.423654711923227,0,
7280,2019-02-12,0,0.25,0.42278492273580437,0,
7281,2019-02-13,0,0.27,0.42192107034748866,0,
7282,2019-02-14,0,0.23,0.4210631649642069,0,
7283,2019-02-15,0,0.23,0.42021121679188717,0,
7284,2019-02-19,0,0.19,0.41936523603645437,0,
7285,2019-02-20,0,0.19,0.41852523290383636,0,
7286,2019-02-21,0,0.23,0.41769121759995964,0,
7287,2019-02-22,0,0.18,0.41686320033075197,0,
7288,2019-02-25,0,0.19,0.41604119130213857,0,
7289,2019-02-26,0,0.18,0.415225200720047,0,
7290,2019-02-27,0,0.23,0.41441523879040476,0,
7291,2019-02-28,0,0.27,0.4136113157191371,0,
7292,2019-03-01,0,0.31,0.4128134417121716,0,
7293,2019-03-04,0,0.26,0.4120216269754359,0,
7294,2019-03-05,0,0.26,0.41123588171485526,0,
7295,2019-03-06,0,0.21,0.4104562161363573,0,
7296,2019-03-07,0,0.18,0.4096826404458686,0,
7297,2019-03-08,0,0.16,0.4089151648493168,0,
7298,2019-03-11,0,0.18,0.4081537995526272,0,
7299,2019-03-12,0,0.14,0.4073985547617273,0,
7300,2019-03-13,0,0.15,0.4066494406825447,0,
7301,2019-03-14,0,0.17,0.4059064675210048,0,
7302,2019-03-15,0,0.13,0.4051696454830351,0,
7303,2019-03-18,0,0.16,0.40443898477456275,0,
7304,2019-03-19,0,0.14,0.4037144956015136,0,
7305,2019-03-20,0,0.06,0.402996188169815,0,
7306,2019-03-21,0,0.04,0.40228407268539423,0,
7307,2019-03-22,0,-0.02,0.40157815935417696,0,
7308,2019-03-25,0,-0.02,0.4008784583820906,0,
7309,2019-03-26,0,-0.04,0.40018497997506197,0,
7310,2019-03-27,0,-0.04,0.3994977343390183,0,
7311,2019-03-28,0,-0.04,0.39881673167988546,0,
7312,2019-03-29,0,0.01,0.39814198220359054,0,
7313,2019-04-01,0,0.06,0.39747349611606125,0,
7314,2019-04-02,0,0.06,0.3968112836232228,0,
7315,2019-04-03,0,0.08,0.39615535493100296,0,
7316,2019-04-04,0,0.06,0.39550572024532893,0,
7317,2019-04-05,0,0.06,0.39486238977212634,0,
7318,2019-04-08,0,0.08,0.3942253737173225,0,
7319,2019-04-09,0,0.08,0.39359468228684447,0,
7320,2019-04-10,0,0.04,0.39297032568661927,0,
7321,2019-04-11,0,0.07,0.39235231412257277,0,
7322,2019-04-12,0,0.12,0.39174065780063216,0,
7323,2019-04-15,0,0.11,0.391135366926725,0,
7324,2019-04-16,0,0.16,0.3905364517067769,0,
7325,2019-04-17,0,0.14,0.3899439223467152,0,
7326,2019-04-18,0,0.14,0.38935778905246715,0,
7327,2019-04-22,0,0.14,0.38877806202995857,0,
7328,2019-04-23,0,0.11,0.3882047514851167,0,
7329,2019-04-24,0,0.08,0.3876378676238684,0,
7330,2019-04-25,0,0.1,0.3870774206521411,0,
7331,2019-04-26,0,0.08,0.38652342077586044,0,
7332,2019-04-29,0,0.1,0.3859758782009535,0,
7333,2019-04-30,0,0.07,0.3854348031333479,0,
7334,2019-05-01,0,0.08,0.38490020577896944,0,
7335,2019-05-02,0,0.07,0.38437209634374514,0,
7336,2019-05-03,0,0.1,0.38385048503360253,0,
7337,2019-05-06,0,0.06,0.3833353820544673,0,
7338,2019-05-07,0,0.02,0.38282679761226696,0,
7339,2019-05-08,0,0.06,0.38232474191292787,0,
7340,2019-05-09,0,0.02,0.38182922516237755,0,
7341,2019-05-10,0,0.04,0.3813402575665419,0,
7342,2019-05-13,0,-0.01,0.3808578493313482,0,
7343,2019-05-14,0,0.0,0.38038201066272354,0,
7344,2019-05-15,0,-0.04,0.379912751766594,0,
7345,2019-05-16,0,0.0,0.37945008284888665,0,
7346,2019-05-17,0,0.0,0.3789940141155287,0,
7347,2019-05-20,0,0.02,0.3785445557724463,0,
7348,2019-05-21,0,0.04,0.3781017180255665,0,
7349,2019-05-22,0,0.01,0.3776655110808161,0,
7350,2019-05-23,0,-0.06,0.3772359451441224,0,
7351,2019-05-24,0,-0.03,0.3768130304214113,0,
7352,2019-05-28,0,-0.11,0.37639677711860997,0,
7353,2019-05-29,0,-0.12,0.3759871954416456,0,
7354,2019-05-30,0,-0.15,0.3755842955964444,0,
7355,2019-05-31,0,-0.2,0.37518808778893326,0,
7356,2019-06-03,0,-0.28,0.37479858222503953,0,
7357,2019-06-04,0,-0.23,0.3744157891106892,0,
7358,2019-06-05,0,-0.23,0.37403971865180946,0,
7359,2019-06-06,0,-0.2,0.3736703810543271,0,
7360,2019-06-07,0,-0.18,0.3733077865241693,0,
7361,2019-06-10,0,-0.14,0.372951945267262,0,
7362,2019-06-11,0,-0.12,0.3726028674895324,0,
7363,2019-06-12,0,-0.11,0.37226056339690783,0,
7364,2019-06-13,0,-0.08,0.3719250431953143,0,
7365,2019-06-14,0,-0.11,0.37159631709067875,0,
7366,2019-06-17,0,-0.14,0.37127439528892864,0,
7367,2019-06-18,0,-0.16,0.37095928799598976,0,
7368,2019-06-19,0,-0.15,0.37065100541778945,0,
7369,2019-06-20,0,-0.13,0.3703495577602544,0,
7370,2019-06-21,0,-0.04,0.3700549552293119,0,
7371,2019-06-24,0,-0.1,0.3697672080308879,0,
7372,2019-06-25,0,-0.12,0.3694863263709095,0,
7373,2019-06-26,0,-0.1,0.36921232045530394,0,
7374,2019-06-27,0,-0.13,0.36894520048999735,0,
7375,2019-06-28,0,-0.12,0.3686849766809169,0,
7376,2019-07-01,0,-0.18,0.3684316592339895,0,
7377,2019-07-02,0,-0.22,0.36818525835514154,0,
7378,2019-07-03,0,-0.25,0.36794578425030006,0,
7379,2019-07-05,0,-0.18,0.3677132471253919,0,
7380,2019-07-08,0,-0.2,0.3674876571863438,0,
7381,2019-07-09,0,-0.18,0.36726902463908245,0,
7382,2019-07-10,0,-0.13,0.3670573596895347,0,
7383,2019-07-11,0,-0.04,0.3668526725436276,0,
7384,2019-07-12,0,-0.02,0.36665497340728737,0,
7385,2019-07-15,0,-0.07,0.36646427248644126,0,
7386,2019-07-16,0,-0.02,0.3662805799870161,0,
7387,2019-07-17,0,-0.08,0.36610390611493837,0,
7388,2019-07-18,0,-0.0,0.36593426107613514,0,
7389,2019-07-19,0,-0.01,0.3657716550765329,0,
7390,2019-07-22,0,-0.04,0.3656160983220589,0,
7391,2019-07-23,0,0.02,0.36546760101863934,0,
7392,2019-07-24,0,-0.05,0.3653261733722017,0,
7393,2019-07-25,0,-0.02,0.36519182558867236,0,
7394,2019-07-26,0,-0.04,0.36506456787397795,0,
7395,2019-07-29,0,-0.06,0.36494441043404563,0,
7396,2019-07-30,0,-0.02,0.3648313634748021,0,
7397,2019-07-31,0,-0.06,0.364725437202174,0,
7398,2019-08-01,0,-0.16,0.3646266418220881,0,
7399,2019-08-02,0,-0.19,0.3645349875404715,0,
7400,2019-08-05,0,-0.29,0.36445048456325074,0,
7401,2019-08-06,0,-0.31,0.3643731430963527,0,
7402,2019-08-07,0,-0.31,0.3643029733457042,0,
7403,2019-08-08,0,-0.3,0.3642399855172321,0,
7404,2019-08-09,0,-0.26,0.36418418981686296,0,
7405,2019-08-12,0,-0.35,0.36413559645052357,0,
7406,2019-08-13,0,-0.32,0.36409421562414107,0,
7407,2019-08-14,0,-0.36,0.3640600575436419,0,
7408,2019-08-15,0,-0.38,0.364033132414953,0,
7409,2019-08-16,0,-0.32,0.3640134504440012,0,
7410,2019-08-19,0,-0.33,0.36400102183671323,0,
7411,2019-08-20,0,-0.38,0.3639958567990159,0,
7412,2019-08-21,0,-0.37,0.36399796553683605,0,
7413,2019-08-22,0,-0.37,0.3640073582561005,0,
7414,2019-08-23,0,-0.44,0.36402404516273573,0,
7415,2019-08-26,0,-0.46,0.364048036462669,0,
7416,2019-08-27,0,-0.49,0.3640793423618267,0,
7417,2019-08-28,0,-0.52,0.3641179730661359,0,
7418,2019-08-29,0,-0.49,0.3641639387815233,0,
7419,2019-08-30,0,-0.49,0.3642172497139157,0,
7420,2019-09-03,0,-0.51,0.3642779160692399,0,
7421,2019-09-04,0,-0.5,0.3643459480534227,0,
7422,2019-09-05,0,-0.39,0.36442135587239083,0,
7423,2019-09-06,0,-0.4,0.36450414973207107,0,
7424,2019-09-09,0,-0.33,0.36459433983839035,0,
7425,2019-09-10,0,-0.23,0.36469193639727543,0,
7426,2019-09-11,0,-0.2,0.3647969496146527,0,
7427,2019-09-12,0,-0.15,0.36490938969644965,0,
7428,2019-09-13,0,-0.06,0.36502926684859277,0,
7429,2019-09-16,0,-0.14,0.3651565912770086,0,
7430,2019-09-17,0,-0.17,0.36529137318762434,0,
7431,2019-09-18,0,-0.14,0.36543362278636665,0,
7432,2019-09-19,0,-0.13,0.3655833502791622,0,
7433,2019-09-20,0,-0.16,0.3657405658719377,0,
7434,2019-09-23,0,-0.21,0.36590527977062015,0,
7435,2019-09-24,0,-0.28,0.3660775021811363,0,
7436,2019-09-25,0,-0.15,0.3662572433094129,0,
7437,2019-09-26,0,-0.13,0.366444513361377,0,
7438,2019-09-27,0,-0.11,0.36663932254295495,0,
7439,2019-09-30,0,-0.19,0.36684168106007375,0,
7440,2019-10-01,0,-0.17,0.36705159911866037,0,
7441,2019-10-02,0,-0.18,0.3672690869246415,0,
7442,2019-10-03,0,-0.15,0.36749415468394375,0,
7443,2019-10-04,0,-0.18,0.367726812602494,0,
7444,2019-10-07,0,-0.18,0.3679670708862191,0,
7445,2019-10-08,0,-0.17,0.36821493974104597,0,
7446,2019-10-09,0,-0.09,0.3684704293729009,0,
7447,2019-10-10,0,-0.01,0.3687335499877114,0,
7448,2019-10-11,0,0.08,0.3690043117914038,0,
7449,2019-10-15,0,0.1,0.3692827249899049,0,
7450,2019-10-16,0,0.09,0.36956879978914176,0,
7451,2019-10-17,0,0.1,0.36986254639504107,0,
7452,2019-10-18,0,0.1,0.37016397501352943,0,
7453,2019-10-21,0,0.13,0.37047309585053373,0,
7454,2019-10-22,0,0.13,0.37078991911198084,0,
7455,2019-10-23,0,0.12,0.3711144550037976,0,
7456,2019-10-24,0,0.1,0.3714467137319104,0,
7457,2019-10-25,0,0.14,0.3717867055022467,0,
7458,2019-10-28,0,0.2,0.3721344405207329,0,
7459,2019-10-29,0,0.21,0.3724899289932956,0,
7460,2019-10-30,0,0.15,0.37285318112586213,0,
7461,2019-10-31,0,0.14,0.37322420712435883,0,
7462,2019-11-01,0,0.2,0.3736030171947129,0,
7463,2019-11-04,0,0.26,0.3739896215428504,0,
7464,2019-11-05,0,0.3,0.374384030374699,0,
7465,2019-11-06,0,0.25,0.374786253896185,0,
7466,2019-11-07,0,0.35,0.3751963023132351,0,
7467,2019-11-08,0,0.38,0.3756141858317766,0,
7468,2019-11-12,0,0.32,0.37603991465773595,0,
7469,2019-11-13,0,0.3,0.3764734989970396,0,
7470,2019-11-14,0,0.25,0.37691494905561507,0,
7471,2019-11-15,0,0.27,0.3773642750393888,0,
7472,2019-11-18,0,0.24,0.3778214871542877,0,
7473,2019-11-19,0,0.21,0.378286595606238,0,
7474,2019-11-20,0,0.15,0.37875961060116725,0,
7475,2019-11-21,0,0.18,0.379240542345002,0,
7476,2019-11-22,0,0.18,0.3797294010436687,0,
7477,2019-11-25,0,0.14,0.3802261969030946,0,
7478,2019-11-26,0,0.13,0.38073094012920655,0,
7479,2019-11-27,0,0.14,0.38124364092793056,0,
7480,2019-11-29,0,0.18,0.38176430950519435,0,
7481,2019-12-02,0,0.23,0.38229295606692454,0,
7482,2019-12-03,0,0.14,0.38282959081904766,0,
7483,2019-12-04,0,0.21,0.38337422396748994,0,
7484,2019-12-05,0,0.26,0.3839268657181794,0,
7485,2019-12-06,0,0.31,0.38448752627704225,0,
7486,2019-12-09,0,0.29,0.38505621585000466,0,
7487,2019-12-10,0,0.29,0.3856329446429946,0,
7488,2019-12-11,0,0.21,0.38621772286193845,0,
7489,2019-12-12,0,0.33,0.38681056071276215,0,
7490,2019-12-13,0,0.25,0.38741146840139373,0,
7491,2019-12-16,0,0.31,0.3880204561337596,0,
7492,2019-12-17,0,0.32,0.38863753411578617,0,
7493,2019-12-18,0,0.35,0.3892627125534001,0,
7494,2019-12-19,0,0.34,0.3898960016525291,0,
7495,2019-12-20,0,0.33,0.39053741161909933,0,
7496,2019-12-23,0,0.33,0.3911869526590371,0,
7497,2019-12-24,0,0.31,0.39184463497827027,0,
7498,2019-12-26,0,0.31,0.3925104687827252,0,
7499,2019-12-27,0,0.3,0.3931844642783281,0,
7500,2019-12-30,0,0.32,0.39386663167100683,0,
7501,2019-12-31,0,0.36,0.3945569811666877,0,
7502,2020-01-02,0,0.33,0.39525552297129746,0,
7503,2020-01-03,0,0.28,0.39596226729076217,0,
7504,2020-01-06,0,0.25,0.39667722433100994,0,
7505,2020-01-07,0,0.29,0.39740040429796697,0,
7506,2020-01-08,0,0.33,0.3981318173975593,0,
7507,2020-01-09,0,0.31,0.3988714738357153,0,
7508,2020-01-10,0,0.29,0.3996193838183608,0,
7509,2020-01-13,0,0.28,0.40037555755142223,0,
7510,2020-01-14,0,0.25,0.4011400052408275,0,
7511,2020-01-15,0,0.21,0.4019127370925027,0,
7512,2020-01-16,0,0.26,0.4026937633123747,0,
7513,2020-01-17,0,0.28,0.4034830941063696,0,
7514,2020-01-21,0,0.21,0.40428073968041567,0,
7515,2020-01-22,0,0.21,0.40508671024043885,0,
7516,2020-01-23,0,0.18,0.4059010159923654,0,
7517,2020-01-24,0,0.15,0.40672366714212327,0,
7518,2020-01-27,0,0.06,0.40755467389563893,0,
7519,2020-01-28,0,0.07,0.40839404645883803,0,
7520,2020-01-29,0,0.04,0.409241795037649,0,
7521,2020-01-30,0,0.0,0.41009792983799814,0,
7522,2020-01-31,0,-0.04,0.4109624610658119,0,
7523,2020-02-03,0,-0.03,0.4118353989270164,0,
7524,2020-02-04,0,0.04,0.41271675362754,0,
7525,2020-02-05,0,0.08,0.4136065353733089,0,
7526,2020-02-06,0,0.07,0.4145047543702487,0,
7527,2020-02-07,0,0.03,0.41541142082428817,0,
7528,2020-02-10,0,-0.02,0.4163265449413529,0,
7529,2020-02-11,0,0.02,0.41725013692736934,0,
7530,2020-02-12,0,0.04,0.41818220698826564,0,
7531,2020-02-13,0,0.02,0.4191227653299679,0,
7532,2020-02-14,0,0.01,0.42007182215840266,0,
7533,2020-02-18,0,-0.03,0.42102938767949616,0,
7534,2020-02-19,0,-0.02,0.42199547209917676,0,
7535,2020-02-20,0,-0.06,0.42297008562337035,0,
7536,2020-02-21,0,-0.1,0.423953238458003,0,
7537,2020-02-24,0,-0.15,0.42494494080900325,0,
7538,2020-02-25,0,-0.19,0.42594520288229687,0,
7539,2020-02-26,0,-0.19,0.42695403488380973,0,
7540,2020-02-27,0,-0.14,0.42797144701947065,0,
7541,2020-02-28,0,-0.14,0.42899744949520546,0,
7542,2020-03-02,1,-0.02,0.43003205251694065,0,beg
7543,2020-03-03,1,0.07,0.4310752662906025,1,
7544,2020-03-04,1,0.3,0.4321271010221194,1,
7545,2020-03-05,1,0.3,0.43318756691741733,1,
7546,2020-03-06,1,0.28,0.43425667418242214,1,
7547,2020-03-09,1,0.21,0.4353344330230624,1,
7548,2020-03-10,1,0.32,0.4364208536452642,1,
7549,2020-03-11,1,0.4,0.43751594625495305,1,
7550,2020-03-12,1,0.55,0.4386197210580578,1,
7551,2020-03-13,1,0.65,0.4397321882605044,1,
7552,2020-03-16,1,0.49,0.44085335806821857,1,
7553,2020-03-17,1,0.83,0.441983240687129,1,
7554,2020-03-18,1,1.15,0.44312184632316187,1,
7555,2020-03-19,1,1.08,0.4442691851822434,1,
7556,2020-03-20,1,0.87,0.44542526747029976,1,
7557,2020-03-23,1,0.74,0.4465901033932594,1,
7558,2020-03-24,1,0.83,0.44776370315704866,1,
7559,2020-03-25,1,0.88,0.4489460769675927,1,
7560,2020-03-26,1,0.83,0.4501372350308209,1,
7561,2020-03-27,1,0.69,0.4513371875526589,1,
7562,2020-03-30,1,0.57,0.4525459447390322,1,
7563,2020-03-31,1,0.59,0.4537635167958698,1,
7564,2020-04-01,1,0.53,0.4549899139290975,1,
7565,2020-04-02,1,0.54,0.45622514634464206,1,
7566,2020-04-03,1,0.52,0.4574692242484292,1,
7567,2020-04-06,1,0.52,0.4587221578463879,1,
7568,2020-04-07,1,0.61,0.45998395734444397,1,
7569,2020-04-08,1,0.55,0.46125463294852287,1,
7570,2020-04-09,1,0.48,0.4625341948645537,1,
7571,2020-04-13,1,0.5,0.4638226532984623,1,
7572,2020-04-14,1,0.56,0.4651200184561741,1,
7573,2020-04-15,1,0.49,0.46642630054361817,1,
7574,2020-04-16,1,0.47,0.4677415097667203,1,
7575,2020-04-17,1,0.53,0.4690656563314073,1,
7576,2020-04-20,1,0.51,0.4703987504436048,1,
7577,2020-04-21,1,0.47,0.47174080230924176,1,
7578,2020-04-22,1,0.51,0.4730918221342439,1,
7579,2020-04-23,1,0.5,0.4744518201245369,1,
7580,2020-04-24,1,0.48,0.4758208064860497,1,
7581,2020-04-27,1,0.55,0.47719879142470834,1,
7582,2020-04-28,1,0.51,0.4785857851464378,1,
7583,2020-04-29,1,0.53,0.47998179785716777,1,
7584,2020-04-30,1,0.55,0.4813868397628239,1,
7585,2020-05-01,0,0.52,0.48280092106933264,1,end
7586,2020-05-04,0,0.51,0.48422405198261964,0,
7587,2020-05-05,0,0.53,0.4856562427086142,0,
7588,2020-05-06,0,0.6,0.487097503453242,0,
7589,2020-05-07,0,0.52,0.48854784442242827,0,
7590,2020-05-08,0,0.56,0.4900072758221027,0,
7591,2020-05-11,0,0.61,0.4914758078581907,0,
7592,2020-05-12,0,0.55,0.4929534507366175,0,
7593,2020-05-13,0,0.51,0.49444021466331267,0,
7594,2020-05-14,0,0.51,0.495936109844202,0,
7595,2020-05-15,0,0.52,0.49744114648521187,0,
7596,2020-05-18,0,0.6,0.4989553347922677,0,
7597,2020-05-19,0,0.56,0.5004786849712994,0,
7598,2020-05-20,0,0.56,0.5020112072282321,0,
7599,2020-05-21,0,0.56,0.5035529117689913,0,
7600,2020-05-22,0,0.54,0.5051038087995063,0,
7601,2020-05-26,0,0.54,0.5066639085257029,0,
7602,2020-05-27,0,0.53,0.5082332211535066,0,
7603,2020-05-28,0,0.54,0.5098117568888464,0,
7604,2020-05-29,0,0.51,0.5113995259376481,0,
7605,2020-06-01,0,0.52,0.5129965385058386,0,
7606,2020-06-02,0,0.53,0.514602804799343,0,
7607,2020-06-03,0,0.61,0.5162183350240909,0,
7608,2020-06-04,0,0.67,0.5178431393860079,0,
7609,2020-06-05,0,0.76,0.519477228091019,0,
7610,2020-06-08,0,0.71,0.5211206113450545,0,
7611,2020-06-09,0,0.64,0.5227732993540393,0,
7612,2020-06-10,0,0.57,0.5244353023238986,0,
7613,2020-06-11,0,0.49,0.5261066304605625,0,
7614,2020-06-12,0,0.54,0.5277872939699562,0,
7615,2020-06-15,0,0.53,0.5294773030580064,0,
7616,2020-06-16,0,0.57,0.5311766679306384,0,
7617,2020-06-17,0,0.56,0.532885398793782,0,
7618,2020-06-18,0,0.54,0.5346035058533629,0,
7619,2020-06-19,0,0.54,0.5363309993153056,0,
7620,2020-06-22,0,0.54,0.5380678893855406,0,
7621,2020-06-23,0,0.55,0.5398141862699927,0,
7622,2020-06-24,0,0.53,0.5415699001745875,0,
7623,2020-06-25,0,0.52,0.543335041305255,0,
7624,2020-06-26,0,0.5,0.5451096198679198,0,
7625,2020-06-29,0,0.5,0.5468936460685093,0,
7626,2020-06-30,0,0.5,0.5486871301129486,0,
7627,2020-07-01,0,0.54,0.5504900822071672,0,
7628,2020-07-02,0,0.54,0.5523025125570911,0,
7629,2020-07-06,0,0.53,0.5541244313686446,0,
7630,2020-07-07,0,0.5,0.5559558488477585,0,
7631,2020-07-08,0,0.52,0.5577967752003574,0,
7632,2020-07-09,0,0.49,0.5596472206323669,0,
7633,2020-07-10,0,0.52,0.5615071953497169,0,
7634,2020-07-13,0,0.5,0.5633767095583326,0,
7635,2020-07-14,0,0.48,0.5652557734641405,0,
7636,2020-07-15,0,0.48,0.5671443972730662,0,
7637,2020-07-16,0,0.51,0.5690425911910396,0,
7638,2020-07-17,0,0.53,0.5709503654239856,0,
7639,2020-07-20,0,0.49,0.5728677301778297,0,
7640,2020-07-21,0,0.48,0.5747946956585018,0,
7641,2020-07-22,0,0.47,0.576731272071927,0,
7642,2020-07-23,0,0.47,0.5786774696240307,0,
7643,2020-07-24,0,0.48,0.5806332985207425,0,
7644,2020-07-27,0,0.51,0.5825987689679882,0,
7645,2020-07-28,0,0.48,0.5845738911716944,0,
7646,2020-07-29,0,0.47,0.5865586753377858,0,
7647,2020-07-30,0,0.46,0.588553131672193,0,
7648,2020-07-31,0,0.46,0.5905572703808408,0,
7649,2020-08-03,0,0.46,0.5925711016696544,0,
7650,2020-08-04,0,0.43,0.5945946357445642,0,
7651,2020-08-05,0,0.45,0.596627882811495,0,
7652,2020-08-06,0,0.45,0.598670853076372,0,
7653,2020-08-07,0,0.47,0.6007235567451256,0,
7654,2020-08-10,0,0.48,0.602786004023681,0,
7655,2020-08-11,0,0.53,0.6048582051179641,0,
7656,2020-08-12,0,0.57,0.6069401702339007,0,
7657,2020-08-13,0,0.61,0.609031909577421,0,
7658,2020-08-14,0,0.61,0.6111334333544503,0,
7659,2020-08-17,0,0.59,0.6132447517709128,0,
7660,2020-08-18,0,0.58,0.6153658750327393,0,
7661,2020-08-19,0,0.57,0.6174968133458554,0,
7662,2020-08-20,0,0.54,0.6196375769161852,0,
7663,2020-08-21,0,0.54,0.6217881759496596,0,
7664,2020-08-24,0,0.53,0.6239486206522035,0,
7665,2020-08-25,0,0.57,0.6261189212297434,0,
7666,2020-08-26,0,0.57,0.6282990878882047,0,
7667,2020-08-27,0,0.63,0.6304891308335177,0,
7668,2020-08-28,0,0.64,0.6326890602716072,0,
7669,2020-08-31,0,0.61,0.634898886408398,0,
7670,2020-09-01,0,0.56,0.6371186194498213,0,
7671,2020-09-02,0,0.54,0.6393482696018016,0,
7672,2020-09-03,0,0.52,0.6415878470702636,0,
7673,2020-09-04,0,0.61,0.643837362061138,0,
7674,2020-09-08,0,0.55,0.64609682478035,0,
7675,2020-09-09,0,0.59,0.6483662454338263,0,
7676,2020-09-10,0,0.56,0.6506456342274913,0,
7677,2020-09-11,0,0.56,0.6529350013672762,0,
7678,2020-09-14,0,0.57,0.6552343570591057,0,
7679,2020-09-15,0,0.57,0.6575437115089044,0,
7680,2020-09-16,0,0.56,0.6598630749226034,0,
7681,2020-09-17,0,0.6,0.6621924575061272,0,
7682,2020-09-18,0,0.6,0.6645318694654008,0,
7683,2020-09-21,0,0.58,0.6668813210063549,0,
7684,2020-09-22,0,0.58,0.6692408223349143,0,
7685,2020-09-23,0,0.57,0.671610383657004,0,
7686,2020-09-24,0,0.57,0.6739900151785545,0,
7687,2020-09-25,0,0.56,0.6763797271054905,0,
7688,2020-09-28,0,0.56,0.6787795296437397,0,
7689,2020-09-29,0,0.57,0.6811894329992252,0,
7690,2020-09-30,0,0.59,0.6836094473778792,0,
7691,2020-10-01,0,0.59,0.6860395829856263,0,
7692,2020-10-02,0,0.61,0.6884798500283908,0,
7693,2020-10-05,0,0.68,0.6909302587121038,0,
7694,2020-10-06,0,0.66,0.6933908192426902,0,
7695,2020-10-07,0,0.71,0.6958615418260745,0,
7696,2020-10-08,0,0.69,0.6983424366681878,0,
7697,2020-10-09,0,0.69,0.7008335139749546,0,
7698,2020-10-13,0,0.63,0.7033347839523019,0,
7699,2020-10-14,0,0.61,0.7058462568061545,0,
7700,2020-10-15,0,0.63,0.708367942742443,0,
7701,2020-10-16,0,0.65,0.7108998519670924,0,
7702,2020-10-19,0,0.67,0.7134419946860271,0,
7703,2020-10-20,0,0.71,0.7159943811051785,0,
7704,2020-10-21,0,0.73,0.7185570214304713,0,
7705,2020-10-22,0,0.78,0.7211299258678296,0,
7706,2020-10-23,0,0.75,0.7237131046231848,0,
7707,2020-10-26,0,0.7,0.7263065679024618,0,
7708,2020-10-27,0,0.69,0.7289103259115871,0,
7709,2020-10-28,0,0.69,0.7315243888564854,0,
7710,2020-10-29,0,0.76,0.7341487669430877,0,
7711,2020-10-30,0,0.79,0.736783470377319,0,
7712,2020-11-02,0,0.78,0.7394285093651036,0,
7713,2020-11-03,0,0.8,0.7420838941123726,0,
7714,2020-11-04,0,0.68,0.744749634825051,0,
7715,2020-11-05,0,0.69,0.7474257417090624,0,
7716,2020-11-06,0,0.73,0.7501122249703396,0,
7717,2020-11-09,0,0.85,0.7528090948148061,0,
7718,2020-11-10,0,0.88,0.7555163614483884,0,
7719,2020-11-12,0,0.78,0.758234035077012,0,
7720,2020-11-13,0,0.8,0.7609621259066075,0,
7721,2020-11-16,0,0.82,0.7637006441431001,0,
7722,2020-11-17,0,0.78,0.7664495999924136,0,
7723,2020-11-18,0,0.79,0.7692090036604798,0,
7724,2020-11-19,0,0.79,0.771978865353223,0,
7725,2020-11-20,0,0.76,0.7747591952765676,0,
7726,2020-11-23,0,0.78,0.7775500036364453,0,
7727,2020-11-24,0,0.79,0.7803513006387804,0,
7728,2020-11-25,0,0.79,0.7831630964895001,0,
7729,2020-11-27,0,0.75,0.785985401394528,0,
7730,2020-11-30,0,0.76,0.7888182255597963,0,
7731,2020-12-01,0,0.83,0.7916615791912291,0,
7732,2020-12-02,0,0.86,0.794515472494751,0,
7733,2020-12-03,0,0.84,0.7973799156762938,0,
7734,2020-12-04,0,0.88,0.8002549189417811,0,
7735,2020-12-07,0,0.86,0.8031404924971379,0,
7736,2020-12-08,0,0.83,0.8060366465482959,0,
7737,2020-12-09,0,0.87,0.8089433913011794,0,
7738,2020-12-10,0,0.84,0.811860736961715,0,
7739,2020-12-11,0,0.82,0.8147886937358267,0,
7740,2020-12-14,0,0.81,0.8177272718294472,0,
7741,2020-12-15,0,0.84,0.8206764814485003,0,
7742,2020-12-16,0,0.83,0.8236363327989097,0,
7743,2020-12-17,0,0.86,0.826606836086608,0,
7744,2020-12-18,0,0.87,0.8295880015175193,0,
7745,2020-12-21,0,0.86,0.8325798392975677,0,
7746,2020-12-22,0,0.84,0.8355823596326855,0,
7747,2020-12-23,0,0.87,0.8385955727287964,0,
7748,2020-12-24,0,0.85,0.8416194887918274,0,
7749,2020-12-28,0,0.83,0.8446541180277026,0,
7750,2020-12-29,0,0.84,0.8476994706423543,0,
7751,2020-12-30,0,0.85,0.8507555568417065,0,
7752,2020-12-31,0,0.84,0.8538223868316831,0,
7753,2021-01-04,0,0.84,0.8568999708182167,0,
7754,2021-01-05,0,0.87,0.859988319007231,0,
7755,2021-01-06,0,0.95,0.8630874416046503,0,
7756,2021-01-07,0,0.99,0.866197348816407,0,
7757,2021-01-08,0,1.04,0.8693180508484248,0,
7758,2021-01-11,0,1.06,0.8724495579066307,0,
7759,2021-01-12,0,1.05,0.8755918801969487,0,
7760,2021-01-13,0,1.01,0.8787450279253112,0,
7761,2021-01-14,0,1.05,0.881909011297642,0,
7762,2021-01-15,0,1.02,0.8850838405198651,0,
7763,2021-01-19,0,1.01,0.8882695257979132,0,
7764,2021-01-20,0,1.02,0.8914660773377102,0,
7765,2021-01-21,0,1.03,0.8946735053451798,0,
7766,2021-01-22,0,1.02,0.8978918200262547,0,
7767,2021-01-25,0,0.96,0.9011210315868589,0,
7768,2021-01-26,0,0.98,0.9043611502329189,0,
7769,2021-01-27,0,0.96,0.907612186170359,0,
7770,2021-01-28,0,1.0,0.9108741496051115,0,
7771,2021-01-29,0,1.05,0.9141470507431004,0,
7772,2021-02-01,0,1.02,0.9174308997902492,0,
7773,2021-02-02,0,1.05,0.9207257069524912,0,
7774,2021-02-03,0,1.1,0.9240314824357501,0,
7775,2021-02-04,0,1.1,0.9273482364459492,0,
7776,2021-02-05,0,1.15,0.930675979189022,0,
7777,2021-02-08,0,1.13,0.9340147208708917,0,
7778,2021-02-09,0,1.13,0.9373644716974855,0,
7779,2021-02-10,0,1.09,0.9407252418747268,0,
7780,2021-02-11,0,1.1,0.9440970416085488,0,
7781,2021-02-12,0,1.15,0.9474798811048751,0,
7782,2021-02-16,0,1.26,0.9508737705696294,0,
7783,2021-02-17,0,1.25,0.9542787202087446,0,
7784,2021-02-18,0,1.26,0.9576947402281448,0,
7785,2021-02-19,0,1.3,0.9611218408337531,0,
7786,2021-02-22,0,1.34,0.9645600322315027,0,
7787,2021-02-23,0,1.33,0.9680093246273173,0,
7788,2021-02-24,0,1.35,0.9714697282271242,0,
7789,2021-02-25,0,1.5,0.9749412532368461,0,
7790,2021-02-26,0,1.4,0.978423909862417,0,
7791,2021-03-01,0,1.4,0.9819177083097601,0,
7792,2021-03-02,0,1.38,0.9854226587847988,0,
7793,2021-03-03,0,1.42,0.988938771493467,0,
7794,2021-03-04,0,1.5,0.9924660566416874,0,
7795,2021-03-05,0,1.52,0.9960045244353841,0,
7796,2021-03-08,0,1.54,0.9995541850804904,0,
7797,2021-03-09,0,1.5,1.0031150487829295,0,
7798,2021-03-10,0,1.49,1.0066871257486287,0,
7799,2021-03-11,0,1.5,1.0102704261835111,0,
7800,2021-03-12,0,1.6,1.0138649602935101,0,
7801,2021-03-15,0,1.58,1.017470738284549,0,
7802,2021-03-16,0,1.6,1.0210877703625518,0,
7803,2021-03-17,0,1.61,1.0247160667334518,0,
7804,2021-03-18,0,1.7,1.0283556376031722,0,
7805,2021-03-19,0,1.73,1.0320064931776372,0,
7806,2021-03-22,0,1.66,1.0356686436627789,0,
7807,2021-03-23,0,1.62,1.0393420992645217,0,
7808,2021-03-24,0,1.6,1.0430268701887924,0,
7809,2021-03-25,0,1.61,1.0467229666415145,0,
7810,2021-03-26,0,1.65,1.0504303988286212,0,
7811,2021-03-29,0,1.7,1.0541491769560356,0,
7812,2021-03-30,0,1.71,1.057879311229682,0,
7813,2021-03-31,0,1.71,1.0616207528457304,0,
7814,2021-04-01,0,1.67,1.065373216961289,0,
7815,2021-04-02,0,1.7,1.0691363597237047,0,
7816,2021-04-05,0,1.7,1.0729098372803316,0,
7817,2021-04-06,0,1.65,1.0766933057785173,0,
7818,2021-04-07,0,1.66,1.0804864213656047,0,
7819,2021-04-08,0,1.63,1.084288840188952,0,
7820,2021-04-09,0,1.65,1.0881002183959034,0,
7821,2021-04-12,0,1.67,1.0919202121338087,0,
7822,2021-04-13,0,1.61,1.0957484775500126,0,
7823,2021-04-14,0,1.62,1.099584670791872,0,
7824,2021-04-15,0,1.54,1.1034284480067318,0,
7825,2021-04-16,0,1.57,1.1072794653419369,0,
7826,2021-04-19,0,1.59,1.1111373789448444,0,
7827,2021-04-20,0,1.55,1.1150018449627992,0,
7828,2021-04-21,0,1.54,1.1188725195431468,0,
7829,2021-04-22,0,1.54,1.1227490588332434,0,
7830,2021-04-23,0,1.55,1.126631118980434,0,
7831,2021-04-26,0,1.55,1.1305183561320682,0,
7832,2021-04-27,0,1.62,1.1344104264354913,0,
7833,2021-04-28,0,1.62,1.1383069860380584,0,
7834,2021-04-29,0,1.64,1.1422076910871162,0,
7835,2021-04-30,0,1.64,1.1461121977300093,0,
7836,2021-05-03,0,1.59,1.1500201621140944,0,
7837,2021-05-04,0,1.59,1.1539312403867166,0,
7838,2021-05-05,0,1.57,1.1578450886952216,0,
7839,2021-05-06,0,1.56,1.161761363186965,0,
7840,2021-05-07,0,1.58,1.165679720009292,0,
7841,2021-05-10,0,1.61,1.1695998153095526,0,
7842,2021-05-11,0,1.63,1.1735213052350915,0,
7843,2021-05-12,0,1.67,1.1774438459332655,0,
7844,2021-05-13,0,1.64,1.1813670935514184,0,
7845,2021-05-14,0,1.62,1.1852907042368974,0,
7846,2021-05-17,0,1.62,1.189214334137058,0,
7847,2021-05-18,0,1.62,1.193137639399245,0,
7848,2021-05-19,0,1.67,1.197060276170805,0,
7849,2021-05-20,0,1.62,1.2009819005990927,0,
7850,2021-05-21,0,1.62,1.2049021688314547,0,
7851,2021-05-24,0,1.59,1.208820737015239,0,
7852,2021-05-25,0,1.54,1.2127372612977916,0,
7853,2021-05-26,0,1.56,1.216651397826469,0,
7854,2021-05-27,0,1.59,1.2205628027486155,0,
7855,2021-05-28,0,1.57,1.224471132211578,0,
7856,2021-06-01,0,1.6,1.228376042362711,0,
7857,2021-06-02,0,1.57,1.232277189349361,0,
7858,2021-06-03,0,1.61,1.236174229318873,0,
7859,2021-06-04,0,1.54,1.2400668184186032,0,
7860,2021-06-07,0,1.55,1.243954612795897,0,
7861,2021-06-08,0,1.51,1.247837268598103,0,
7862,2021-06-09,0,1.47,1.2517144419725672,0,
7863,2021-06-10,0,1.42,1.2555857890666455,0,
7864,2021-06-11,0,1.44,1.2594509660276836,0,
7865,2021-06-14,0,1.48,1.2633096290030266,0,
7866,2021-06-15,0,1.48,1.26716143414003,0,
7867,2021-06-16,0,1.53,1.2710060375860404,0,
7868,2021-06-17,0,1.48,1.2748430954884018,0,
7869,2021-06-18,0,1.4,1.278672263994472,0,
7870,2021-06-21,0,1.45,1.282493199251595,0,
7871,2021-06-22,0,1.44,1.286305557407121,0,
7872,2021-06-23,0,1.45,1.2901089946083946,0,
7873,2021-06-24,0,1.44,1.2939031670027719,0,
7874,2021-06-25,0,1.48,1.2976877307375982,0,
7875,2021-06-28,0,1.44,1.3014623419602191,0,
7876,2021-06-29,0,1.45,1.3052266568179913,0,
7877,2021-06-30,0,1.4,1.3089803314582589,0,
7878,2021-07-01,0,1.43,1.312723022028369,0,
7879,2021-07-02,0,1.39,1.3164543846756762,0,
7880,2021-07-06,0,1.32,1.3201740755475269,0,
7881,2021-07-07,0,1.28,1.3238817507912692,0,
7882,2021-07-08,0,1.24,1.3275770665542495,0,
7883,2021-07-09,0,1.31,1.331259678983823,0,
7884,2021-07-12,0,1.32,1.3349292442273357,0,
7885,2021-07-13,0,1.37,1.3385854184321329,0,
7886,2021-07-14,0,1.31,1.3422278577455702,0,
7887,2021-07-15,0,1.26,1.345856218314994,0,
7888,2021-07-16,0,1.26,1.349470156287749,0,
7889,2021-07-19,0,1.13,1.3530693278111916,0,
7890,2021-07-20,0,1.18,1.3566533890326664,0,
7891,2021-07-21,0,1.25,1.3602219960995237,0,
7892,2021-07-22,0,1.22,1.363774805159108,0,
7893,2021-07-23,0,1.25,1.3673114723587758,0,
7894,2021-07-26,0,1.24,1.3708316538458722,0,
7895,2021-07-27,0,1.2,1.3743350057677433,0,
7896,2021-07-28,0,1.21,1.377821184271744,0,
7897,2021-07-29,0,1.22,1.3812898455052205,0,
7898,2021-07-30,0,1.18,1.3847406456155187,0,
7899,2021-08-02,0,1.14,1.3881732407499936,0,
7900,2021-08-03,0,1.13,1.391587287055991,0,
7901,2021-08-04,0,1.13,1.3949824406808602,0,
7902,2021-08-05,0,1.18,1.3983583577719467,0,
7903,2021-08-06,0,1.25,1.4017146944766066,0,
7904,2021-08-09,0,1.27,1.405051106942184,0,
7905,2021-08-10,0,1.31,1.4083672513160264,0,
7906,2021-08-11,0,1.3,1.4116627837454883,0,
7907,2021-08-12,0,1.3,1.4149373603779158,0,
7908,2021-08-13,0,1.23,1.4181906373606545,0,
7909,2021-08-16,0,1.2,1.4214222708410598,0,
7910,2021-08-17,0,1.19,1.424631916966477,0,
7911,2021-08-18,0,1.2,1.4278192318842562,0,
7912,2021-08-19,0,1.18,1.4309838717417422,0,
7913,2021-08-20,0,1.21,1.434125492686291,0,
7914,2021-08-23,0,1.2,1.4372437508652476,0,
7915,2021-08-24,0,1.24,1.440338302425959,0,
7916,2021-08-25,0,1.29,1.4434088035157797,0,
7917,2021-08-26,0,1.29,1.4464549102820554,0,
7918,2021-08-27,0,1.26,1.4494762788721327,0,
7919,2021-08-30,0,1.24,1.452472565433365,0,
7920,2021-08-31,0,1.26,1.4554434261131002,0,
7921,2021-09-01,0,1.26,1.4583885170586866,0,
7922,2021-09-02,0,1.24,1.46130749441747,0,
7923,2021-09-03,0,1.28,1.4642000143368055,0,
7924,2021-09-07,0,1.32,1.4670657329640389,0,
7925,2021-09-08,0,1.3,1.469904306446517,0,
7926,2021-09-09,0,1.26,1.4727153909315938,0,
7927,2021-09-10,0,1.3,1.4754986425666148,0,
7928,2021-09-13,0,1.27,1.478253717498928,0,
7929,2021-09-14,0,1.24,1.4809802718758867,0,
7930,2021-09-15,0,1.27,1.4836779618448368,0,
7931,2021-09-16,0,1.3,1.4863464435531277,0,
7932,2021-09-17,0,1.33,1.4889853731481066,0,
7933,2021-09-20,0,1.27,1.4915944067771263,0,
7934,2021-09-21,0,1.3,1.4941732005875341,0,
7935,2021-09-22,0,1.29,1.4967214107266762,0,
7936,2021-09-23,0,1.38,1.4992386933419064,0,
7937,2021-09-24,0,1.44,1.5017247045805722,0,
7938,2021-09-27,0,1.44,1.5041791005900182,0,
7939,2021-09-28,0,1.5,1.5066015375175996,0,
7940,2021-09-29,0,1.51,1.5089916715106628,0,
7941,2021-09-30,0,1.48,1.5113491587165542,0,
7942,2021-10-01,0,1.44,1.513673655282628,0,
7943,2021-10-04,0,1.45,1.5159648173562301,0,
7944,2021-10-05,0,1.5,1.5182223010847093,0,
7945,2021-10-06,0,1.49,1.520445762615413,0,
7946,2021-10-07,0,1.53,1.5226348580956952,0,
7947,2021-10-08,0,1.56,1.5247892436729011,0,
7948,2021-10-12,0,1.53,1.526908575494379,0,
7949,2021-10-13,0,1.51,1.5289925097074812,0,
7950,2021-10-14,0,1.47,1.5310407024595547,0,
7951,2021-10-15,0,1.54,1.533052809897947,0,
7952,2021-10-18,0,1.53,1.5350284881700103,0,
7953,2021-10-19,0,1.6,1.5369673934230916,0,
7954,2021-10-20,0,1.6,1.5388691818045408,0,
7955,2021-10-21,0,1.62,1.5407335094617045,0,
7956,2021-10-22,0,1.6,1.5425600325419349,0,
7957,2021-10-25,0,1.57,1.54434840719258,0,
7958,2021-10-26,0,1.56,1.5460982895609867,0,
7959,2021-10-27,0,1.48,1.5478093357945069,0,
7960,2021-10-28,0,1.51,1.5494812020404882,0,
7961,2021-10-29,0,1.5,1.5511135444462785,0,
7962,2021-11-01,0,1.53,1.5527060191592297,0,
7963,2021-11-02,0,1.51,1.5542582823266884,0,
7964,2021-11-03,0,1.55,1.555769990096005,0,
7965,2021-11-04,0,1.49,1.5572407986145258,0,
7966,2021-11-05,0,1.4,1.5586703640296027,0,
7967,2021-11-08,0,1.45,1.5600583424885839,0,
7968,2021-11-09,0,1.42,1.5614043901388173,0,
7969,2021-11-10,0,1.51,1.5627081631276534,0,
7970,2021-11-12,0,1.53,1.5639693176024405,0,
7971,2021-11-15,0,1.57,1.5651875097105268,0,
7972,2021-11-16,0,1.57,1.5663623955992625,0,
7973,2021-11-17,0,1.55,1.5674936314159964,0,
7974,2021-11-18,0,1.54,1.5685808733080775,0,
7975,2021-11-19,0,1.49,1.569623777422853,0,
7976,2021-11-22,0,1.57,1.5706219999076745,0,
7977,2021-11-23,0,1.61,1.5715751969098894,0,
7978,2021-11-24,0,1.57,1.5724830245768466,0,
7979,2021-11-26,0,1.42,1.5733451390558961,0,
7980,2021-11-29,0,1.46,1.5741611964943867,0,
7981,2021-11-30,0,1.38,1.5749308530396662,0,
7982,2021-12-01,0,1.37,1.5756537648390851,0,
7983,2021-12-02,0,1.39,1.5763295880399915,0,
7984,2021-12-03,0,1.29,1.5769579787897345,0,
7985,2021-12-06,0,1.38,1.5775385932356625,0,
7986,2021-12-07,0,1.42,1.5780710875251258,0,
7987,2021-12-08,0,1.45,1.5785551178054726,0,
7988,2021-12-09,0,1.43,1.5789903402240513,0,
7989,2021-12-10,0,1.42,1.5793764109282125,0,
7990,2021-12-13,0,1.37,1.5797129860653036,0,
7991,2021-12-14,0,1.39,1.579999721782674,0,
7992,2021-12-15,0,1.42,1.5802362742276732,0,
7993,2021-12-16,0,1.39,1.5804222995476498,0,
7994,2021-12-17,0,1.36,1.5805574538899527,0,
7995,2021-12-20,0,1.36,1.5806413934019312,0,
7996,2021-12-21,0,1.41,1.580673774230934,0,
7997,2021-12-22,0,1.38,1.58065425252431,0,
7998,2021-12-23,0,1.43,1.580582484429408,0,
7999,2021-12-27,0,1.42,1.5804581260935775,0,
8000,2021-12-28,0,1.43,1.5802808336641676,0,
8001,2021-12-29,0,1.5,1.5800502632885267,0,
8002,2021-12-30,0,1.47,1.5797660711140034,0,
8003,2021-12-31,0,1.46,1.579427913287948,0,
8004,2022-01-03,0,1.54,1.5790354459577083,0,
8005,2022-01-04,0,1.57,1.5785883252706345,0,
8006,2022-01-05,0,1.62,1.5780862073740745,0,
8007,2022-01-06,0,1.63,1.5775287484153766,0,
8008,2022-01-07,0,1.66,1.5769156045418922,0,
8009,2022-01-10,0,1.65,1.576246431900968,0,
8010,2022-01-11,0,1.64,1.5755208866399535,0,
8011,2022-01-12,0,1.62,1.5747386249061992,0,
8012,2022-01-13,0,1.58,1.573899302847052,0,
8013,2022-01-14,0,1.65,1.5730025766098616,0,
8014,2022-01-18,0,1.71,1.5720481023419772,0,
8015,2022-01-19,0,1.66,1.5710355361907484,0,
8016,2022-01-20,0,1.66,1.5699645343035227,0,
8017,2022-01-21,0,1.58,1.5688347528276498,0,
8018,2022-01-24,0,1.56,1.56764584791048,0,
8019,2022-01-25,0,1.59,1.5663974756993595,0,
8020,2022-01-26,0,1.66,1.5650892923416395,0,
8021,2022-01-27,0,1.61,1.5637209539846684,0,
8022,2022-01-28,0,1.59,1.5622921167757946,0,
8023,2022-01-31,0,1.57,1.5608024368623672,0,
8024,2022-02-01,0,1.62,1.5592515703917358,0,
8025,2022-02-02,0,1.59,1.5576391735112496,0,
8026,2022-02-03,0,1.62,1.5559649023682565,0,
8027,2022-02-04,0,1.7,1.5542284131101054,0,
8028,2022-02-07,0,1.65,1.5524293618841478,0,
8029,2022-02-08,0,1.71,1.5505674048377291,0,
8030,2022-02-09,0,1.68,1.5486421981182001,0,
8031,2022-02-10,0,1.63,1.5466533978729111,0,
8032,2022-02-11,0,1.56,1.5446006602492077,0,
8033,2022-02-14,0,1.55,1.5424836413944407,0,
8034,2022-02-15,0,1.65,1.5403019974559593,0,
8035,2022-02-16,0,1.65,1.5380553845811147,0,
8036,2022-02-17,0,1.61,1.535743458917251,0,
8037,2022-02-18,0,1.56,1.53336587661172,0,
8038,2022-02-22,0,1.56,1.530922293811872,0,
8039,2022-02-23,0,1.65,1.528412366665052,0,
8040,2022-02-24,0,1.64,1.5258357513186123,0,
8041,2022-02-25,0,1.64,1.5231921039199026,0,
8042,2022-02-28,0,1.48,1.5204810806162676,0,
8043,2022-03-01,0,1.4,1.5177023375550587,0,
8044,2022-03-02,0,1.52,1.5148555308836253,0,
8045,2022-03-03,0,1.48,1.5119403167493188,0,
8046,2022-03-04,0,1.4,1.5089563512994828,0,
8047,2022-03-07,0,1.4,1.5059032906814684,0,
8048,2022-03-08,0,1.5,1.5027807910426285,0,
8049,2022-03-09,0,1.56,1.499588508530306,0,
8050,2022-03-10,0,1.59,1.496326099291852,0,
8051,2022-03-11,0,1.6,1.4929932194746192,0,
8052,2022-03-14,0,1.69,1.4895895252259503,0,
8053,2022-03-15,0,1.69,1.4861146726931973,0,
8054,2022-03-16,0,1.75,1.4825683180237097,0,
8055,2022-03-17,0,1.8,1.4789501173648385,0,
8056,2022-03-18,0,1.72,1.4752597268639276,0,
8057,2022-03-21,0,1.77,1.4714968026683284,0,
8058,2022-03-22,0,1.87,1.4676610009253936,0,
8059,2022-03-23,0,1.81,1.463751977782465,0,
8060,2022-03-24,0,1.81,1.4597693893868955,0,
8061,2022-03-25,0,1.93,1.4557128918860371,0,
8062,2022-03-28,0,1.87,1.4515821414272323,0,
8063,2022-03-29,0,1.86,1.4473767941578324,0,
8064,2022-03-30,0,1.8,1.4430965062251917,0,
8065,2022-03-31,0,1.79,1.4387409337766504,0,
8066,2022-04-01,0,1.86,1.4343097329595622,0,
8067,2022-04-04,0,1.75,1.4298025599212754,0,
8068,2022-04-05,0,1.89,1.4252190708091435,0,
8069,2022-04-06,0,1.94,1.4205589217705068,0,
8070,2022-04-07,0,1.98,1.4158217689527188,0,
8071,2022-04-08,0,2.02,1.4110072685031327,0,
8072,2022-04-11,0,2.02,1.4061150765690886,0,
8073,2022-04-12,0,1.98,1.4011448492979404,0,
8074,2022-04-13,0,1.95,1.3960962428370411,0,
8075,2022-04-14,0,2.04,1.3909689133337304,0,
8076,2022-04-18,0,2.04,1.3857625169353622,0,
8077,2022-04-19,0,2.12,1.3804767097892858,0,
8078,2022-04-20,0,2.03,1.3751111480428542,0,
8079,2022-04-21,0,2.06,1.3696654878434074,0,
8080,2022-04-22,0,2.06,1.3641393853382988,0,
8081,2022-04-25,0,1.9,1.3585324966748824,0,
8082,2022-04-26,0,1.94,1.3528444780004971,0,
8083,2022-04-27,0,2.0,1.3470749854624973,0,
8084,2022-04-28,0,2.03,1.3412236752082372,0,
8085,2022-04-29,0,2.04,1.3352902033850549,0,
8086,2022-05-02,0,2.09,1.329274226140304,0,
8087,2022-05-03,0,2.06,1.3231753996213356,0,
8088,2022-05-04,0,2.04,1.3169933799755023,0,
8089,2022-05-05,0,2.19,1.3107278233501427,0,
8090,2022-05-06,0,2.27,1.3043783858926106,0,
8091,2022-05-09,0,2.13,1.2979447237502622,0,
8092,2022-05-10,0,2.1,1.2914266553100326,0,
8093,2022-05-11,0,2.0,1.2848246479172747,0,
8094,2022-05-12,0,1.88,1.2781393311569407,0,
8095,2022-05-13,0,1.9,1.2713713346139635,0,
8096,2022-05-16,0,1.8,1.2645212878732943,0,
8097,2022-05-17,0,1.92,1.2575898205198797,0,
8098,2022-05-18,0,1.86,1.250577562138671,0,
8099,2022-05-19,0,1.78,1.2434851423146012,0,
8100,2022-05-20,0,1.74,1.2363131906326226,0,
8101,2022-05-23,0,1.78,1.2290623366776863,0,
8102,2022-05-24,0,1.69,1.221733210034726,0,
8103,2022-05-25,0,1.69,1.2143264402886935,0,
8104,2022-05-26,0,1.68,1.2068426570245412,0,
8105,2022-05-27,0,1.66,1.199282489827201,0,
8106,2022-05-31,0,1.69,1.1916465682816255,0,
8107,2022-06-01,0,1.79,1.18393552197276,0,
8108,2022-06-02,0,1.75,1.1761499804855575,0,
8109,2022-06-03,0,1.75,1.1682905734049491,0,
8110,2022-06-06,0,1.78,1.1603579303158877,0,
8111,2022-06-07,0,1.72,1.1523526808033264,0,
8112,2022-06-08,0,1.74,1.1442754544521963,0,
8113,2022-06-09,0,1.74,1.1361268808474496,0,
8114,2022-06-10,0,1.76,1.1279075895740402,0,
8115,2022-06-13,0,1.7,1.1196182102168986,0,
8116,2022-06-14,0,1.66,1.1112593723609767,0,
8117,2022-06-15,0,1.59,1.1028317055912218,0,
8118,2022-06-16,0,1.68,1.0943358394925864,0,
8119,2022-06-17,0,1.62,1.0857724036500007,0,
8120,2022-06-21,0,1.61,1.077142027648418,0,
8121,2022-06-22,0,1.55,1.068445341072792,0,
8122,2022-06-23,0,1.44,1.0596829735080529,0,
8123,2022-06-24,0,1.4,1.0508555545391536,0,
8124,2022-06-27,0,1.41,1.0419637137510471,0,
8125,2022-06-28,0,1.41,1.0330080807286648,0,
8126,2022-06-29,0,1.32,1.0239892850569583,0,
8127,2022-06-30,0,1.26,1.014907956320875,0,
8128,2022-07-01,0,1.14,1.0057647241053675,0,
8129,2022-07-05,0,0.92,0.9965602179953651,0,
8130,2022-07-06,0,1.03,0.9872950675758223,0,
8131,2022-07-07,0,1.05,0.977969902431693,0,
8132,2022-07-08,0,1.1,0.9685853521479053,0,
8133,2022-07-11,0,0.81,0.9591420463094138,0,
8134,2022-07-12,0,0.73,0.9496406145011725,0,
8135,2022-07-13,0,0.52,0.9400816863081097,0,
8136,2022-07-14,0,0.56,0.9304658913151801,0,
8137,2022-07-15,0,0.56,0.9207938591073285,0,
8138,2022-07-18,0,0.46,0.9110662192695099,0,
8139,2022-07-19,0,0.48,0.9012836013866525,0,
8140,2022-07-20,0,0.53,0.8914466350437106,0,
8141,2022-07-21,0,0.43,0.881555949825638,0,
8142,2022-07-22,0,0.27,0.8716121753173635,0,
8143,2022-07-25,0,0.18,0.8616159411038407,0,
8144,2022-07-26,0,0.26,0.8515678767700248,0,
8145,2022-07-27,0,0.33,0.8414686119008433,0,
8146,2022-07-28,0,0.26,0.8313187760812508,0,
8147,2022-07-29,0,0.25,0.8211189988961926,0,
8148,2022-08-01,0,0.04,0.810869909930624,0,
8149,2022-08-02,0,0.18,0.8005721387694722,0,
8150,2022-08-03,0,0.2,0.7902263149976915,0,
8151,2022-08-04,0,0.18,0.7798330682002375,0,
8152,2022-08-05,0,0.25,0.7693930279620363,0,
8153,2022-08-08,0,0.12,0.7589068238680438,0,
8154,2022-08-09,0,0.12,0.7483750855032141,0,
8155,2022-08-10,0,0.12,0.7377984424524747,0,
8156,2022-08-11,0,0.25,0.7271775243007805,0,
8157,2022-08-12,0,0.2,0.7165129606330767,0,
8158,2022-08-15,0,0.06,0.705805381034319,0,
8159,2022-08-16,0,0.11,0.6950554150894337,0,
8160,2022-08-17,0,0.2,0.6842636923833757,0,
8161,2022-08-18,0,0.16,0.6734308425011004,0,
8162,2022-08-19,0,0.23,0.6625574950275344,0,
8163,2022-08-22,0,0.2,0.6516442795476327,0,
8164,2022-08-23,0,0.25,0.6406918256463503,0,
8165,2022-08-24,0,0.29,0.6297007629086142,0,
8166,2022-08-25,0,0.14,0.6186717209193789,0,
8167,2022-08-26,0,0.14,0.6076053292635905,0,
8168,2022-08-29,0,0.14,0.5965022175262048,0,
8169,2022-08-30,0,0.13,0.5853630152921463,0,
8170,2022-08-31,0,0.18,0.5741883521463722,0,
8171,2022-09-01,0,0.28,0.5629788576738372,0,
8172,2022-09-02,0,0.26,0.5517351614594664,0,
8173,2022-09-06,0,0.29,0.5404578930882167,0,
8174,2022-09-07,0,0.2,0.5291476821450433,0,
8175,2022-09-08,0,0.23,0.5178051582148707,0,
8176,2022-09-09,0,0.25,0.5064309508826557,0,
8177,2022-09-12,0,0.2,0.4950256897333433,0,
8178,2022-09-13,0,0.14,0.48359000435189003,0,
8179,2022-09-14,0,0.16,0.47212452432322066,0,
8180,2022-09-15,0,0.23,0.4606298792322907,0,
8181,2022-09-16,0,0.25,0.4491066986640566,0,
8182,2022-09-19,0,0.12,0.4375556122034428,0,
8183,2022-09-20,0,0.21,0.42597724943540544,0,
8184,2022-09-21,0,0.19,0.4143722399449012,0,
8185,2022-09-22,0,0.41,0.4027412133168541,0,
8186,2022-09-23,0,0.44,0.39108479913622,0,
8187,2022-09-26,0,0.48,0.37940362698794494,0,
8188,2022-09-27,0,0.62,0.3676983264569853,0,
8189,2022-09-28,0,0.32,0.35596952712826524,0,
8190,2022-09-29,0,0.39,0.34421785858674103,0,
8191,2022-09-30,0,0.5,0.3324439504173683,0,
8192,2022-10-03,0,0.2,0.3206484322050719,0,
8193,2022-10-04,0,0.16,0.30883193353480914,0,
8194,2022-10-05,0,0.29,0.2969950839915241,0,
8195,2022-10-06,0,0.37,0.2851385131601628,0,
8196,2022-10-07,0,0.43,0.27326285062569283,0,
8197,2022-10-11,0,0.26,0.26136872597301547,0,
8198,2022-10-12,0,0.2,0.24945676878709963,0,
8199,2022-10-13,0,0.18,0.23752760865289005,0,
8200,2022-10-14,0,0.18,0.22558187515533223,0,
8201,2022-10-17,0,0.04,0.21362019787937184,0,
8202,2022-10-18,0,-0.03,0.20164320640997635,0,
8203,2022-10-19,0,0.06,0.18965153033204765,0,
8204,2022-10-20,0,0.15,0.17764579923055362,0,
8205,2022-10-21,0,0.12,0.1656266426904393,0,
8206,2022-10-24,0,0.08,0.15359469029665063,0,
8207,2022-10-25,0,-0.04,0.141550571634133,0,
8208,2022-10-26,0,-0.07,0.12949491628783238,0,
8209,2022-10-27,0,-0.16,0.11742835384271577,0,
8210,2022-10-28,0,-0.16,0.10535151388368504,0,
8211,2022-10-31,0,-0.12,0.09326502599570856,0,
8212,2022-11-01,0,-0.16,0.08116951976373114,0,
8213,2022-11-02,0,-0.12,0.06906562477269867,0,
8214,2022-11-03,0,-0.11,0.05695397060755594,0,
8215,2022-11-04,0,-0.04,0.044835186853249755,0,
8216,2022-11-07,0,-0.07,0.03270990309474706,0,
8217,2022-11-08,0,-0.14,0.02057874891694966,0,
8218,2022-11-09,0,-0.16,0.008442353904825176,0,
8219,2022-11-10,0,-0.46,-0.0036986523566809263,0,
8220,2022-11-14,0,-0.46,-0.015843640282622966,0,
8221,2022-11-15,0,-0.5,-0.027991980288055034,0,
8222,2022-11-16,0,-0.65,-0.04014304278801001,0,
8223,2022-11-17,0,-0.55,-0.052296198197585776,0,
8224,2022-11-18,0,-0.52,-0.06445081693181519,0,
8225,2022-11-21,0,-0.58,-0.0766062694057528,0,
8226,2022-11-22,0,-0.64,-0.08876192603445246,0,
8227,2022-11-23,0,-0.69,-0.10091715723296873,0,
8228,2022-11-25,0,-0.73,-0.11307133341635571,0,
8229,2022-11-28,0,-0.72,-0.12522382499964654,0,
8230,2022-11-29,0,-0.62,-0.13737400239793898,0,
8231,2022-11-30,0,-0.69,-0.14952123602626552,0,
8232,2022-12-01,0,-0.8,-0.16166489629968092,0,
8233,2022-12-02,0,-0.83,-0.1738043536332395,0,
8234,2022-12-05,0,-0.76,-0.18593897844199492,0,
8235,2022-12-06,0,-0.86,-0.19806814114100235,0,
8236,2022-12-07,0,-0.87,-0.2101912121452939,0,
8237,2022-12-08,0,-0.8,-0.2223075618699677,0,
8238,2022-12-09,0,-0.73,-0.23441656073005693,0,
8239,2022-12-12,0,-0.77,-0.24651757914061526,0,
8240,2022-12-13,0,-0.83,-0.2586099875166976,0,
8241,2022-12-14,0,-0.83,-0.2706931562733577,0,
8242,2022-12-15,0,-0.89,-0.28276645582562876,0,
8243,2022-12-16,0,-0.82,-0.29482925658860815,0,
8244,2022-12-19,0,-0.8,-0.3068809289773291,0,
8245,2022-12-20,0,-0.65,-0.3189208434068457,0,
8246,2022-12-21,0,-0.64,-0.33094837029221225,0,
8247,2022-12-22,0,-0.67,-0.34296288004848285,0,
8248,2022-12-23,0,-0.58,-0.35496374309071294,0,
8249,2022-12-27,0,-0.62,-0.3669503298339339,0,
8250,2022-12-28,0,-0.58,-0.3789220106932448,0,
8251,2022-12-29,0,-0.62,-0.39087815608367804,0,
8252,2022-12-30,0,-0.54,-0.40281813642028685,0,
8253,2023-01-03,0,-0.74,-0.41474132211812675,0,
8254,2023-01-04,0,-0.85,-0.4266470835922516,0,
8255,2023-01-05,0,-0.95,-0.43853479125771644,0,
8256,2023-01-06,0,-1.12,-0.4504038155295533,0,
8257,2023-01-09,0,-1.17,-0.46225352682286025,0,
8258,2023-01-10,0,-1.12,-0.47408329555267015,0,
8259,2023-01-11,0,-1.17,-0.48589249213403696,0,
8260,2023-01-12,0,-1.23,-0.49768048698201517,0,
8261,2023-01-13,0,-1.17,-0.5094466505116596,0,
8262,2023-01-17,0,-1.18,-0.5211903531380027,0,
8263,2023-01-18,0,-1.32,-0.532910965276142,0,
8264,2023-01-19,0,-1.31,-0.5446078573411106,0,
8265,2023-01-20,0,-1.23,-0.5562803997479618,0,
8266,2023-01-23,0,-1.21,-0.5679279629117518,0,
8267,2023-01-24,0,-1.25,-0.5795499172475336,0,
8268,2023-01-25,0,-1.25,-0.5911456331703621,0,
8269,2023-01-26,0,-1.21,-0.602714481095271,0,
8270,2023-01-27,0,-1.21,-0.6142558314373555,0,
8271,2023-01-30,0,-1.17,-0.6257690546116506,0,
8272,2023-01-31,0,-1.18,-0.6372535210332099,0,
8273,2023-02-01,0,-1.27,-0.6487086011170874,0,
8274,2023-02-02,0,-1.26,-0.6601336652783378,0,
8275,2023-02-03,0,-1.17,-0.6715280839320158,0,
8276,2023-02-06,0,-1.08,-0.6828912274931549,0,
8277,2023-02-07,0,-1.04,-0.6942224663768507,0,
8278,2023-02-08,0,-1.08,-0.7055211709981374,0,
8279,2023-02-09,0,-1.09,-0.7167867117720684,0,
8280,2023-02-10,0,-1.04,-0.7280184591136989,0,
8281,2023-02-13,0,-1.08,-0.7392157834380835,0,
8282,2023-02-14,0,-1.02,-0.7503780551602558,0,
8283,2023-02-15,0,-0.98,-0.7615046446953108,0,
8284,2023-02-16,0,-0.98,-0.7725949224582827,0,
8285,2023-02-17,0,-1.02,-0.7836482588642256,0,
8286,2023-02-21,0,-0.91,-0.7946640243281945,0,
8287,2023-02-22,0,-0.9,-0.8056415892652435,0,
8288,2023-02-23,0,-0.96,-0.8165803240904269,0,
8289,2023-02-24,0,-0.91,-0.8274795992187792,0,
8290,2023-02-27,0,-0.96,-0.8383387850653946,0,
8291,2023-02-28,0,-0.96,-0.8491572520453075,0,
8292,2023-03-01,0,-0.89,-0.8599343705735724,0,
8293,2023-03-02,0,-0.83,-0.8706695110652438,0,
8294,2023-03-03,0,-0.94,-0.881362043935376,0,
8295,2023-03-06,0,-0.94,-0.8920113395990237,0,
8296,2023-03-07,0,-1.06,-0.902616768471221,0,
8297,2023-03-08,0,-1.07,-0.9131777009670616,0,
8298,2023-03-09,0,-1.11,-0.9236935075015813,0,
8299,2023-03-10,0,-1.3,-0.934163558489833,0,
8300,2023-03-13,0,-1.32,-0.9445872243468723,0,
8301,2023-03-14,0,-1.23,-0.9549638754877529,0,
8302,2023-03-15,0,-1.24,-0.9652928823275106,0,
8303,2023-03-16,0,-1.18,-0.9755736152812376,0,
8304,2023-03-17,0,-1.12,-0.9858054447639691,0,
8305,2023-03-20,0,-1.33,-0.9959877411907596,0,
8306,2023-03-21,0,-1.19,-1.0061198749766636,0,
8307,2023-03-22,0,-1.31,-1.0162012165367353,0,
8308,2023-03-23,0,-1.35,-1.0262311362860297,0,
8309,2023-03-24,0,-1.36,-1.0362090046395827,0,
8310,2023-03-27,0,-1.38,-1.046134192012484,0,
8311,2023-03-28,0,-1.25,-1.0560060688197717,0,
8312,2023-03-29,0,-1.23,-1.0658240054764987,0,
8313,2023-03-30,0,-1.42,-1.0755873723977198,0,
8314,2023-03-31,0,-1.36,-1.0852955399984898,0,
8315,2023-04-03,0,-1.47,-1.094947878693863,0,
8316,2023-04-04,0,-1.52,-1.1045437588988756,0,
8317,2023-04-05,0,-1.56,-1.1140825510286174,0,
8318,2023-04-06,0,-1.61,-1.1235636254981256,0,
8319,2023-04-07,0,-1.56,-1.132986352722455,0,
8320,2023-04-10,0,-1.67,-1.1423501031166574,0,
8321,2023-04-11,0,-1.61,-1.1516542470957911,0,
8322,2023-04-12,0,-1.6,-1.1608981550748907,0,
8323,2023-04-13,0,-1.64,-1.1700811974690453,0,
8324,2023-04-14,0,-1.61,-1.1792027446932924,0,
8325,2023-04-17,0,-1.61,-1.1882621671626874,0,
8326,2023-04-18,0,-1.62,-1.1972588352922828,0,
8327,2023-04-19,0,-1.56,-1.2061921194971332,0,
8328,2023-04-20,0,-1.58,-1.2150613901922949,0,
8329,2023-04-21,0,-1.56,-1.2238660177928038,0,
8330,2023-04-24,0,-1.68,-1.2326053727137485,0,
8331,2023-04-25,0,-1.72,-1.2412788253701659,0,
8332,2023-04-26,0,-1.73,-1.2498857461771116,0,
8333,2023-04-27,0,-1.65,-1.2584255055496387,0,
8334,2023-04-28,0,-1.65,-1.266897473902802,0,
8335,2023-05-01,0,-1.67,-1.2753010216516418,0,
8336,2023-05-02,0,-1.8,-1.2836355192112414,0,
8337,2023-05-03,0,-1.88,-1.2919003369966404,0,
8338,2023-05-04,0,-1.88,-1.3000948454228936,0,
8339,2023-05-05,0,-1.81,-1.308218414905055,0,
8340,2023-05-08,0,-1.78,-1.3162704158581797,0,
8341,2023-05-09,0,-1.76,-1.3242502186973204,0,
8342,2023-05-10,0,-1.81,-1.3321571938375192,0,
8343,2023-05-11,0,-1.81,-1.339990711693858,0,
8344,2023-05-12,0,-1.79,-1.3477501426813772,0,
8345,2023-05-15,0,-1.71,-1.3554348572151314,0,
8346,2023-05-16,0,-1.69,-1.3630442257101738,0,
8347,2023-05-17,0,-1.69,-1.3705776185815604,0,
8348,2023-05-18,0,-1.65,-1.3780344062443444,0,
8349,2023-05-19,0,-1.59,-1.3854139591135668,0,
8350,2023-05-22,0,-1.68,-1.3927156476043108,0,
8351,2023-05-23,0,-1.63,-1.3999388421316146,0,
8352,2023-05-24,0,-1.64,-1.4070829131105338,0,
8353,2023-05-25,0,-1.54,-1.414147230956123,0,
8354,2023-05-26,0,-1.54,-1.4211311660834365,0,
8355,2023-05-30,0,-1.86,-1.4280340889075165,0,
8356,2023-05-31,0,-1.87,-1.4348553698434414,0,
8357,2023-06-01,0,-1.89,-1.4415943793062547,0,
8358,2023-06-02,0,-1.81,-1.4482504877110083,0,
8359,2023-06-05,0,-1.77,-1.4548230654727587,0,
8360,2023-06-06,0,-1.74,-1.4613114830065599,0,
8361,2023-06-07,0,-1.63,-1.4677151107274649,0,
8362,2023-06-08,0,-1.65,-1.474033319050519,0,
8363,2023-06-09,0,-1.62,-1.4802654783907978,0,
8364,2023-06-12,0,-1.67,-1.4864109591633452,0,
8365,2023-06-13,0,-1.52,-1.4924691317832146,0,
8366,2023-06-14,0,-1.53,-1.4984393666654612,0,
8367,2023-06-15,0,-1.61,-1.5043210342251387,0,
8368,2023-06-16,0,-1.56,-1.5101135048773018,0,
8369,2023-06-20,0,-1.64,-1.515816149036995,0,
8370,2023-06-21,0,-1.68,-1.5214283371192927,0,
8371,2023-06-22,0,-1.6,-1.526949600858608,0,
8372,2023-06-23,0,-1.67,-1.5323801172668434,0,
8373,2023-06-26,0,-1.77,-1.5377202246752661,0,
8374,2023-06-27,0,-1.67,-1.5429702614151475,0,
8375,2023-06-28,0,-1.73,-1.5481305658177487,0,
8376,2023-06-29,0,-1.61,-1.5532014762143567,0,
8377,2023-06-30,0,-1.61,-1.5581833309362327,0,
8378,2023-07-03,0,-1.58,-1.5630764683146465,0,
8379,2023-07-05,0,-1.49,-1.5678812266808677,0,
8380,2023-07-06,0,-1.41,-1.5725979443661675,0,
8381,2023-07-07,0,-1.4,-1.577226959701814,0,
8382,2023-07-10,0,-1.47,-1.5817686110190698,0,
8383,2023-07-11,0,-1.5,-1.5862232366492206,0,
8384,2023-07-12,0,-1.61,-1.5905911749235295,0,
8385,2023-07-13,0,-1.71,-1.5948727641732645,0,
8386,2023-07-14,0,-1.66,-1.5990683427296972,0,
8387,2023-07-17,0,-1.68,-1.6031782489240944,0,
8388,2023-07-18,0,-1.69,-1.6072028210877305,0,
8389,2023-07-19,0,-1.74,-1.6111423975518655,0,
8390,2023-07-20,0,-1.64,-1.614997316647783,0,
8391,2023-07-21,0,-1.66,-1.6187679167067466,0,
8392,2023-07-24,0,-1.65,-1.6224545360600269,0,
8393,2023-07-25,0,-1.59,-1.6260575130388926,0,
8394,2023-07-26,0,-1.65,-1.6295771859746144,0,
8395,2023-07-27,0,-1.5,-1.6330138931984544,0,
8396,2023-07-28,0,-1.55,-1.6363679730416967,0,
8397,2023-07-31,0,-1.57,-1.6396397638356044,0,
8398,2023-08-01,0,-1.49,-1.6428296039114476,0,
8399,2023-08-02,0,-1.45,-1.645937831600495,0,
8400,2023-08-03,0,-1.34,-1.648964785234018,0,
8401,2023-08-04,0,-1.49,-1.6519108031432859,0,
8402,2023-08-07,0,-1.46,-1.6547762236595618,0,
8403,2023-08-08,0,-1.55,-1.6575613851141289,0,
8404,2023-08-09,0,-1.54,-1.6602666258382495,0,
8405,2023-08-10,0,-1.45,-1.6628922841631943,0,
8406,2023-08-11,0,-1.38,-1.6654386984202338,0,
8407,2023-08-14,0,-1.36,-1.6679062069406367,0,
8408,2023-08-15,0,-1.34,-1.6702951480556738,0,
8409,2023-08-16,0,-1.27,-1.67260586009661,0,
8410,2023-08-17,0,-1.25,-1.6748386813947238,0,
8411,2023-08-18,0,-1.29,-1.676993950281281,0,
8412,2023-08-21,0,-1.23,-1.6790720050875514,0,
8413,2023-08-22,0,-1.23,-1.6810731841448048,0,
8414,2023-08-23,0,-1.38,-1.6829978257843117,0,
8415,2023-08-24,0,-1.34,-1.6848462683373377,0,
8416,2023-08-25,0,-1.36,-1.6866188501351596,0,
8417,2023-08-28,0,-1.38,-1.6883159095090448,0,
8418,2023-08-29,0,-1.43,-1.689937784790262,0,
8419,2023-08-30,0,-1.43,-1.691484814310081,0,
8420,2023-08-31,0,-1.46,-1.692957336399773,0,
8421,2023-09-01,0,-1.35,-1.6943556893906062,0,
8422,2023-09-05,0,-1.28,-1.6956802116138492,0,
8423,2023-09-06,0,-1.25,-1.6969312414007762,0,
8424,2023-09-07,0,-1.26,-1.6981091170826552,0,
8425,2023-09-08,0,-1.29,-1.6992141769907556,0,
8426,2023-09-11,0,-1.25,-1.7002467594563468,0,
8427,2023-09-12,0,-1.29,-1.701207202810699,0,
8428,2023-09-13,0,-1.29,-1.7020958453850827,0,
8429,2023-09-14,0,-1.25,-1.7029130255107663,0,
8430,2023-09-15,0,-1.22,-1.7036590815190213,0,
8431,2023-09-18,0,-1.22,-1.7043343517411176,0,
8432,2023-09-19,0,-1.17,-1.704939174508324,0,
8433,2023-09-20,0,-1.21,-1.7054738881519107,0,
8434,2023-09-21,0,-1.08,-1.705938831003148,0,
8435,2023-09-22,0,-1.11,-1.7063343413933052,0,
8436,2023-09-25,0,-1.03,-1.7066607576536514,0,
8437,2023-09-26,0,-1.02,-1.7069184181154586,0,
8438,2023-09-27,0,-0.96,-1.7071076611099958,0,
8439,2023-09-28,0,-0.96,-1.7072288249685323,0,
8440,2023-09-29,0,-0.96,-1.7072822480223377,0,
8441,2023-10-02,0,-0.92,-1.7072682686026825,0,
8442,2023-10-03,0,-0.81,-1.7071872250408366,0,
8443,2023-10-04,0,-0.87,-1.7070394556680697,0,
8444,2023-10-05,0,-0.89,-1.7068252988156514,0,
8445,2023-10-06,0,-0.84,-1.7065450928148527,0,
8446,2023-10-10,0,-0.95,-1.706199175996942,0,
8447,2023-10-11,0,-1.03,-1.7057878866931895,0,
8448,2023-10-12,0,-0.92,-1.7053115632348652,0,
8449,2023-10-13,0,-0.99,-1.7047705439532408,0,
8450,2023-10-16,0,-0.9,-1.704165167179583,0,
8451,2023-10-17,0,-0.79,-1.7034957712451637,0,
8452,2023-10-18,0,-0.7,-1.702762694481251,0,
8453,2023-10-19,0,-0.61,-1.7019662752191163,0,
8454,2023-10-20,0,-0.65,-1.7011068517900303,0,
8455,2023-10-23,0,-0.71,-1.7001847625252617,0,
8456,2023-10-24,0,-0.75,-1.6992003457560796,0,
8457,2023-10-25,0,-0.63,-1.6981539398137542,0,
8458,2023-10-26,0,-0.72,-1.6970458830295563,0,
8459,2023-10-27,0,-0.75,-1.695876513734754,0,
8460,2023-10-30,0,-0.71,-1.6946461702606201,0,
8461,2023-10-31,0,-0.71,-1.6933551909384212,0,
8462,2023-11-01,0,-0.8,-1.6920039140994325,0,
8463,2023-11-02,0,-0.87,-1.6905926780749165,0,
8464,2023-11-03,0,-0.96,-1.689121821196147,0,
8465,2023-11-06,0,-0.88,-1.687591681794394,0,
8466,2023-11-07,0,-0.96,-1.6860025982009257,0,
8467,2023-11-08,0,-1.04,-1.6843549087470138,0,
8468,2023-11-09,0,-0.92,-1.6826489517639305,0,
8469,2023-11-10,0,-0.92,-1.6808850655829404,0,
8470,2023-11-13,0,-0.92,-1.679063588535315,0,
8471,2023-11-14,0,-1.07,-1.6771848589523246,0,
8472,2023-11-15,0,-1.0,-1.6752492151652385,0,
8473,2023-11-16,0,-1.05,-1.6732569955053285,0,
8474,2023-11-17,0,-1.05,-1.6712085383038626,0,
8475,2023-11-20,0,-1.12,-1.6691041818921155,0,
8476,2023-11-21,0,-1.12,-1.6669442646013493,0,
8477,2023-11-22,0,-1.12,-1.664729124762837,0,
8478,2023-11-24,0,-1.07,-1.6624591007078497,0,
8479,2023-11-27,0,-1.1,-1.660134530767655,0,
8480,2023-11-28,0,-1.12,-1.6577557532735254,0,
8481,2023-11-29,0,-1.18,-1.6553231065567289,0,
8482,2023-11-30,0,-1.08,-1.6528369289485416,0,
8483,2023-12-01,0,-1.21,-1.6502975587802229,0,
8484,2023-12-04,0,-1.17,-1.6477053343830474,0,
8485,2023-12-05,0,-1.27,-1.6450605940882845,0,
8486,2023-12-06,0,-1.33,-1.6423636762272058,0,
8487,2023-12-07,0,-1.3,-1.6396149191310796,0,
8488,2023-12-08,0,-1.21,-1.6368146611311811,0,
8489,2023-12-11,0,-1.23,-1.6339632405587712,0,
8490,2023-12-12,0,-1.25,-1.6310609957451228,0,
8491,2023-12-13,0,-1.4,-1.6281082650215084,0,
8492,2023-12-14,0,-1.5,-1.6251053867191947,0,
8493,2023-12-15,0,-1.53,-1.622052699169453,0,
8494,2023-12-18,0,-1.5,-1.618950540703554,0,
8495,2023-12-19,0,-1.49,-1.6157992496527736,0,
8496,2023-12-20,0,-1.58,-1.6125991643483681,0,
8497,2023-12-21,0,-1.52,-1.6093506231216144,0,
8498,2023-12-22,0,-1.54,-1.6060539643037817,0,
8499,2023-12-26,0,-1.56,-1.6027095262261406,0,
8500,2023-12-27,0,-1.65,-1.5993176472199613,0,
8501,2023-12-28,0,-1.61,-1.595878665616513,0,
8502,2023-12-29,0,-1.52,-1.5923929197470716,0,
8503,2024-01-02,0,-1.5,-1.5888607479428951,0,
8504,2024-01-03,0,-1.57,-1.5852824885352585,0,
8505,2024-01-04,0,-1.49,-1.5816584798554332,0,
8506,2024-01-05,0,-1.42,-1.5779890602346878,0,
8507,2024-01-08,0,-1.48,-1.5742745680042929,0,
8508,2024-01-09,0,-1.45,-1.570515341495525,0,
8509,2024-01-10,0,-1.42,-1.56671171903964,0,
8510,2024-01-11,0,-1.48,-1.5628640389679145,0,
8511,2024-01-12,0,-1.49,-1.5589726396116204,0,
8512,2024-01-16,0,-1.38,-1.5550378593020242,0,
8513,2024-01-17,0,-1.37,-1.551060036370398,0,
8514,2024-01-18,0,-1.31,-1.5470395091480107,0,
8515,2024-01-19,0,-1.29,-1.5429766159661409,0,
8516,2024-01-22,0,-1.34,-1.5388716951560413,0,
8517,2024-01-23,0,-1.31,-1.5347250850489917,0,
8518,2024-01-24,0,-1.26,-1.5305371239762604,0,
8519,2024-01-25,0,-1.3,-1.526308150269119,0,
8520,2024-01-26,0,-1.29,-1.5220385022588339,0,
8521,2024-01-29,0,-1.34,-1.5177285182766784,0,
8522,2024-01-30,0,-1.36,-1.513378536653929,0,
8523,2024-01-31,0,-1.42,-1.5089888957218398,0,
8524,2024-02-01,0,-1.54,-1.5045599338116882,0,
8525,2024-02-02,0,-1.39,-1.5000919892547446,0,
8526,2024-02-05,0,-1.25,-1.4955854003822784,0,
8527,2024-02-06,0,-1.35,-1.4910405055255602,0,
8528,2024-02-07,0,-1.34,-1.4864576430158676,0,
8529,2024-02-08,0,-1.29,-1.4818371511844532,0,
8530,2024-02-09,0,-1.27,-1.4771793683625973,0,
8531,2024-02-12,0,-1.25,-1.472484632881567,0,
8532,2024-02-13,0,-1.14,-1.4677532830726345,0,
8533,2024-02-14,0,-1.16,-1.462985657267068,0,
8534,2024-02-15,0,-1.18,-1.4581820937961387,0,
8535,2024-02-16,0,-1.14,-1.4533429309911248,0,
8536,2024-02-20,0,-1.17,-1.4484685071832775,0,
8537,2024-02-21,0,-1.12,-1.443559160703877,0,
8538,2024-02-22,0,-1.12,-1.438615229884192,0,
8539,2024-02-23,0,-1.2,-1.4336370530554932,0,
8540,2024-02-26,0,-1.18,-1.4286249685490502,0,
8541,2024-02-27,0,-1.14,-1.4235793146961335,0,
8542,2024-02-28,0,-1.18,-1.4185004298280206,0,
8543,2024-02-29,0,-1.2,-1.4133886522759636,0,
8544,2024-03-01,0,-1.22,-1.4082443203712423,0,
8545,2024-03-04,0,-1.26,-1.4030677724451261,0,
8546,2024-03-05,0,-1.34,-1.397859346828885,0,
8547,2024-03-06,0,-1.35,-1.3926193818537882,0,
8548,2024-03-07,0,-1.38,-1.3873482158511157,0,
8549,2024-03-08,0,-1.37,-1.3820461871521184,0,
8550,2024-03-11,0,-1.38,-1.376713634088076,0,
8551,2024-03-12,0,-1.32,-1.371350894990257,0,
8552,2024-03-13,0,-1.29,-1.365958308189932,0,
8553,2024-03-14,0,-1.19,-1.3605362120183717,0,
8554,2024-03-15,0,-1.17,-1.3550849448068443,0,
8555,2024-03-18,0,-1.14,-1.3496048448866318,0,
8556,2024-03-19,0,-1.18,-1.344096250588982,0,
8557,2024-03-20,0,-1.2,-1.338559500245176,0,
8558,2024-03-21,0,-1.21,-1.332994932186483,0,
8559,2024-03-22,0,-1.24,-1.327402884744173,0,
8560,2024-03-25,0,-1.21,-1.3217836962495166,0,
8561,2024-03-26,0,-1.21,-1.316137705033783,0,
8562,2024-03-27,0,-1.25,-1.3104652494282523,0,
8563,2024-03-28,0,-1.25,-1.304766667764174,0,
8564,2024-04-01,0,-1.11,-1.2990422983728278,0,
8565,2024-04-02,0,-1.05,-1.2932924795854845,0,
8566,2024-04-03,0,-1.05,-1.2875175497334128,0,
8567,2024-04-04,0,-1.1,-1.2817178471478838,0,
8568,2024-04-05,0,-1.04,-1.2758937101601764,0,
8569,2024-04-08,0,-1.0,-1.2700454771015413,0,
8570,2024-04-09,0,-1.06,-1.2641734863032572,0,
8571,2024-04-10,0,-0.9,-1.258278076096595,0,
8572,2024-04-11,0,-0.89,-1.252359584812824,0,
8573,2024-04-12,0,-0.95,-1.246418350783214,0,
8574,2024-04-15,0,-0.82,-1.2404547123390353,0,
8575,2024-04-16,0,-0.78,-1.234469007811568,0,
8576,2024-04-17,0,-0.86,-1.2284615755320616,0,
8577,2024-04-18,0,-0.82,-1.2224327538317954,0,
8578,2024-04-19,0,-0.83,-1.2163828810420398,0,
8579,2024-04-22,0,-0.79,-1.2103122954940646,0,
8580,2024-04-23,0,-0.83,-1.2042213355191396,0,
8581,2024-04-24,0,-0.8,-1.198110339448546,0,
8582,2024-04-25,0,-0.76,-1.191979645613531,0,
8583,2024-04-26,0,-0.79,-1.1858295923453763,0,
8584,2024-04-29,0,-0.82,-1.1796605179753514,0,
8585,2024-04-30,0,-0.76,-1.1734727608347257,0,
8586,2024-05-01,0,-0.83,-1.1672666592547698,0,
8587,2024-05-02,0,-0.87,-1.1610425515667528,0,
8588,2024-05-03,0,-0.95,-1.1548007761019567,0,
8589,2024-05-06,0,-0.96,-1.1485416711916283,0,
8590,2024-05-07,0,-0.98,-1.1422655751670487,0,
8591,2024-05-08,0,-0.96,-1.1359728263594875,0,
8592,2024-05-09,0,-1.0,-1.1296637631002155,0,
8593,2024-05-10,0,-0.96,-1.1233387237205021,0,
8594,2024-05-13,0,-0.96,-1.116998046551617,0,
8595,2024-05-14,0,-0.99,-1.1106420699248418,0,
8596,2024-05-15,0,-1.08,-1.104271132171423,0,
8597,2024-05-16,0,-1.07,-1.0978855716226419,0,
8598,2024-05-17,0,-1.04,-1.0914857266097686,0,
8599,2024-05-20,0,-1.0,-1.0850719354640734,0,
8600,2024-05-21,0,-1.04,-1.0786445365168256,0,
8601,2024-05-22,0,-1.02,-1.0722038680993067,0,
8602,2024-05-23,0,-0.99,-1.0657502685427638,0,
8603,2024-05-24,0,-1.0,-1.0592840761784779,0,
8604,2024-05-28,0,-0.92,-1.0528056293377193,0,
8605,2024-05-29,0,-0.84,-1.0463152663517565,0,
8606,2024-05-30,0,-0.91,-1.0398133255518616,0,
8607,2024-05-31,0,-0.95,-1.0333001452693027,0,
8608,2024-06-03,0,-1.1,-1.026776063835362,0,
8609,2024-06-04,0,-1.18,-1.020241419581286,0,
8610,2024-06-05,0,-1.21,-1.0136965508383566,0,
8611,2024-06-06,0,-1.22,-1.007141795937843,0,
8612,2024-06-07,0,-1.08,-1.000577493211015,0,
8613,2024-06-10,0,-1.04,-0.9940039809891428,0,
8614,2024-06-11,0,-1.12,-0.9874215976034969,0,
8615,2024-06-12,0,-1.2,-0.9808306813853577,0,
8616,2024-06-13,0,-1.26,-0.9742315706659718,0,
8617,2024-06-14,0,-1.3,-0.9676246037766221,0,
8618,2024-06-17,0,-1.23,-0.9610101190485768,0,
8619,2024-06-18,0,-1.28,-0.9543884548131069,0,
8620,2024-06-20,0,-1.25,-0.9477599494014811,0,
8621,2024-06-21,0,-1.24,-0.9411249411449824,0,
8622,2024-06-24,0,-1.25,-0.9344837683748566,0,
8623,2024-06-25,0,-1.25,-0.9278367694223847,0,
8624,2024-06-26,0,-1.17,-0.9211842826188377,0,
8625,2024-06-27,0,-1.2,-0.9145266462954841,0,
8626,2024-06-28,0,-1.12,-0.907864198783595,0,
8627,2024-07-01,0,-0.98,-0.9011972784144396,0,
8628,2024-07-02,0,-1.04,-0.8945262235193,0,
8629,2024-07-03,0,-1.1,-0.8878513724294219,0,
8630,2024-07-05,0,-1.17,-0.8811730634760871,0,
8631,2024-07-08,0,-1.17,-0.8744916349905657,0,
8632,2024-07-09,0,-1.16,-0.8678074253041277,0,
8633,2024-07-10,0,-1.17,-0.8611207727480429,0,
8634,2024-07-11,0,-1.24,-0.8544320156535804,0,
8635,2024-07-12,0,-1.25,-0.8477414923520238,0,
8636,2024-07-15,0,-1.19,-0.8410495411746166,0,
8637,2024-07-16,0,-1.25,-0.8343565004526421,0,
8638,2024-07-17,0,-1.26,-0.8276627085173701,0,
8639,2024-07-18,0,-1.22,-0.820968503700071,0,
8640,2024-07-19,0,-1.17,-0.8142742243320135,0,
8641,2024-07-22,0,-1.17,-0.80758020874448,0,
8642,2024-07-23,0,-1.16,-0.8008867952687161,0,
8643,2024-07-24,0,-1.12,-0.794194322236004,0,
8644,2024-07-25,0,-1.12,-0.7875031279776133,0,
8645,2024-07-26,0,-1.17,-0.7808135508248144,0,
8646,2024-07-29,0,-1.24,-0.7741259291088767,0,
8647,2024-07-30,0,-1.25,-0.7674406011610699,0,
8648,2024-07-31,0,-1.32,-0.7607579053126764,0,
8649,2024-08-01,0,-1.38,-0.7540781798949413,0,
8650,2024-08-02,0,-1.49,-0.7474017632391474,0,
8651,2024-08-05,0,-1.56,-0.7407289936765638,0,
8652,2024-08-06,0,-1.44,-0.7340602095384609,0,
8653,2024-08-07,0,-1.38,-0.7273957491561079,0,
8654,2024-08-08,0,-1.34,-0.7207359508607754,0,
8655,2024-08-09,0,-1.39,-0.7140811529837449,0,
8656,2024-08-12,0,-1.43,-0.7074316938562624,0,
8657,2024-08-13,0,-1.47,-0.7007879118096098,0,
8658,2024-08-14,0,-1.49,-0.6941501451750562,0,
8659,2024-08-15,0,-1.42,-0.6875187322838723,0,
8660,2024-08-16,0,-1.44,-0.6808940114673284,0,
8661,2024-08-19,0,-1.44,-0.674276321056705,0,
8662,2024-08-20,0,-1.47,-0.6676659993832494,0,
8663,2024-08-21,0,-1.46,-0.6610633847782421,0,
8664,2024-08-22,0,-1.42,-0.6544688155729542,0,
8665,2024-08-23,0,-1.44,-0.6478826300986541,0,
8666,2024-08-26,0,-1.42,-0.6413051666866133,0,
8667,2024-08-27,0,-1.4,-0.6347367636681007,0,
8668,2024-08-28,0,-1.37,-0.6281777593743981,0,
8669,2024-08-29,0,-1.34,-0.6216284921367516,0,
8670,2024-08-30,0,-1.29,-0.6150893002864438,0,
8671,2024-09-03,0,-1.35,-0.6085605221547433,0,
8672,2024-09-04,0,-1.4,-0.6020424960729205,0,
8673,2024-09-05,0,-1.42,-0.5955355603722456,0,
8674,2024-09-06,0,-1.4,-0.5890400533839879,0,
8675,2024-09-09,0,-1.41,-0.5825563134394294,0,
8676,2024-09-10,0,-1.4,-0.5760846788698163,0,
8677,2024-09-11,0,-1.44,-0.5696254880064302,0,
8678,2024-09-12,0,-1.37,-0.5631790791805409,0,
8679,2024-09-13,0,-1.3,-0.5567457907234189,0,
8680,2024-09-16,0,-1.33,-0.550325960966333,0,
8681,2024-09-17,0,-1.3,-0.5439199282405651,0,
8682,2024-09-18,0,-1.13,-0.5375280308773623,0,
8683,2024-09-19,0,-1.06,-0.5311506072080056,0,
8684,2024-09-20,0,-1.02,-0.5247879955637651,0,
8685,2024-09-23,0,-0.96,-0.5184405342759101,0,
8686,2024-09-24,0,-0.95,-0.5121085616757112,0,
8687,2024-09-25,0,-0.9,-0.505792416094438,0,
8688,2024-09-26,0,-0.88,-0.4994924358633719,0,
8689,2024-09-27,0,-0.92,-0.4932089593137599,0,
8690,2024-09-30,0,-0.92,-0.4869423247768825,0,
8691,2024-10-01,0,-0.96,-0.4806928705840108,0,
8692,2024-10-02,0,-0.9,-0.47446093506641396,0,
8693,2024-10-03,0,-0.82,-0.4682468565553618,0,
8694,2024-10-04,0,-0.75,-0.4620509733821245,0,
8695,2024-10-07,0,-0.73,-0.4558736238779832,0,
8696,2024-10-08,0,-0.71,-0.4497151463741851,0,
8697,2024-10-09,0,-0.69,-0.44357587920201086,0,
8698,2024-10-10,0,-0.66,-0.4374561606927311,0,
8699,2024-10-11,0,-0.65,-0.431356329177615,0,
8700,2024-10-15,0,-0.7,-0.42527672298793356,0,
8701,2024-10-16,0,-0.7,-0.41921768045496643,0,
8702,2024-10-17,0,-0.65,-0.4131795399099619,0,
8703,2024-10-18,0,-0.65,-0.40716263968420097,0,
8704,2024-10-21,0,-0.54,-0.4011673181089532,0,
8705,2024-10-22,0,-0.51,-0.3951939135154888,0,
8706,2024-10-23,0,-0.49,-0.3892427642350774,0,
8707,2024-10-24,0,-0.49,-0.3833142085989891,0,
8708,2024-10-25,0,-0.48,-0.37740858493850404,0,
8709,2024-10-28,0,-0.41,-0.37152623158487125,0,
8710,2024-10-29,0,-0.41,-0.365667486869371,0,
8711,2024-10-30,0,-0.37,-0.359832689123273,0,
8712,2024-10-31,0,-0.35,-0.3540221766778472,0,
8713,2024-11-01,0,-0.24,-0.3482362878643638,0,
8714,2024-11-04,0,-0.34,-0.34247536101410253,0,
8715,2024-11-05,0,-0.37,-0.33673973445831257,0,
8716,2024-11-06,0,-0.21,-0.3310297465282745,0,
8717,2024-11-07,0,-0.32,-0.325345735555258,0,
8718,2024-11-08,0,-0.33,-0.319688039870533,0,
8719,2024-11-12,0,-0.2,-0.31405699780536933,0,
8720,2024-11-13,0,-0.15,-0.30845294769103676,0,
8721,2024-11-14,0,-0.18,-0.30287622785881546,0,
8722,2024-11-15,0,-0.16,-0.2973271766399547,0,
8723,2024-11-18,0,-0.2,-0.29180613236573494,0,
8724,2024-11-19,0,-0.23,-0.28631343336742543,0,
8725,2024-11-20,0,-0.2,-0.28084941797629664,0,
8726,2024-11-21,0,-0.2,-0.2754144245236182,0,
8727,2024-11-22,0,-0.21,-0.27000879134066014,0,
8728,2024-11-25,0,-0.35,-0.2646328567587017,0,
8729,2024-11-26,0,-0.31,-0.25928695910899346,0,
8730,2024-11-27,0,-0.34,-0.253971436722815,0,
8731,2024-11-29,0,-0.4,-0.2486866279314363,0,
8732,2024-12-02,0,-0.31,-0.24343287106612715,0,
8733,2024-12-03,0,-0.25,-0.23821050445815717,0,
8734,2024-12-04,0,-0.27,-0.23301986643880618,0,
8735,2024-12-05,0,-0.29,-0.2278612953393246,0,
8736,2024-12-06,0,-0.26,-0.2227351294909921,0,
8737,2024-12-09,0,-0.21,-0.21764170722507858,0,
8738,2024-12-10,0,-0.19,-0.2125813668728535,0,
8739,2024-12-11,0,-0.12,-0.2075544467655872,0,
8740,2024-12-12,0,-0.02,-0.20256128523454925,0,
8741,2024-12-13,0,0.06,-0.19760222061101873,0,
8742,2024-12-16,0,0.01,-0.19267759122624728,0,
8743,2024-12-17,0,0.02,-0.18778773541151397,0,
8744,2024-12-18,0,0.13,-0.18293299149808812,0,
8745,2024-12-19,0,0.22,-0.17811369781724048,0,
8746,2024-12-20,0,0.17,-0.17333019270024047,0,
8747,2024-12-23,0,0.22,-0.1685828144783576,0,
8748,2024-12-24,0,0.18,-0.1638719014828709,0,
8749,2024-12-26,0,0.23,-0.15919779204503287,0,
8750,2024-12-27,0,0.31,-0.15456082449612157,0,
8751,2024-12-30,0,0.17,-0.14996133716740756,0,
8752,2024-12-31,0,0.2,-0.14539966839016022,0,
8753,2025-01-02,0,0.2,-0.14087615649564939,0,
8754,2025-01-03,0,0.25,-0.13639113981515338,0,
8755,2025-01-06,0,0.27,-0.13194495667992567,0,
8756,2025-01-07,0,0.32,-0.12753794542124403,0,
8757,2025-01-08,0,0.32,-0.12317044437037848,0,
8758,2025-01-09,0,0.33,-0.11884279185859922,0,
8759,2025-01-10,0,0.4,-0.11455532621717564,0,
8760,2025-01-13,0,0.41,-0.11030838577737787,0,
8761,2025-01-14,0,0.41,-0.10610230887048298,0,
8762,2025-01-15,0,0.31,-0.10193743382774599,0,
8763,2025-01-16,0,0.27,-0.09781409898044448,0,
8764,2025-01-17,0,0.27,-0.09373264265984795,0,
8765,2025-01-21,0,0.2,-0.08969340319722671,0,
8766,2025-01-22,0,0.23,-0.08569671892385008,0,
8767,2025-01-23,0,0.29,-0.08174292817098826,0,
8768,2025-01-24,0,0.28,-0.07783236926991845,0,
8769,2025-01-27,0,0.2,-0.07396538055189558,0,
8770,2025-01-28,0,0.24,-0.07014230034819709,0,
8771,2025-01-29,0,0.24,-0.06636346699009285,0,
8772,2025-01-30,0,0.21,-0.06262921880885283,0,
8773,2025-01-31,0,0.27,-0.05893989413574664,0,
8774,2025-02-03,0,0.2,-0.05529583130205094,0,
8775,2025-02-04,0,0.18,-0.05169736863902216,0,
8776,2025-02-05,0,0.09,-0.04814484447793692,0,
8777,2025-02-06,0,0.11,-0.04463859715006517,0,
8778,2025-02-07,0,0.14,-0.04117896498667649,0,
8779,2025-02-10,0,0.16,-0.03776628631904108,0,
8780,2025-02-11,0,0.19,-0.03440089947842863,0,
8781,2025-02-12,0,0.27,-0.031083142796114918,0,
8782,2025-02-13,0,0.17,-0.027813354603357862,0,
8783,2025-02-14,0,0.12,-0.024591873231433484,0,
8784,2025-02-18,0,0.2,-0.021419037011611533,0,
8785,2025-02-19,0,0.19,-0.018295184275161844,0,
8786,2025-02-20,0,0.16,-0.015220653353354208,0,
8787,2025-02-21,0,0.09,-0.012195782577458902,0,
8788,2025-02-24,0,0.09,-0.009220910278750521,0,
8789,2025-02-25,0,0.0,-0.006296374788488615,0,
8790,2025-02-26,0,-0.05,-0.0034225144379484707,0,
8791,2025-02-27,0,-0.03,-0.000599667558399547,0,
8792,2025-02-28,0,-0.08,0.002171827518888003,0,
8793,2025-03-03,0,-0.18,0.004891632462644249,0,
8794,2025-03-04,0,-0.12,0.0075594089415947086,0,
8795,2025-03-05,0,-0.06,0.01017481862447897,0,
8796,2025-03-06,0,-0.04,0.012737523180022595,0,
8797,2025-03-07,0,-0.01,0.015247184276955456,0,
8798,2025-03-10,0,-0.11,0.01770346358400786,0,
8799,2025-03-11,0,-0.05,0.020106022769909845,0,
8800,2025-03-12,0,-0.02,0.022454523503391582,0,
8801,2025-03-13,0,-0.07,0.024748627453179045,0,
8802,2025-03-14,0,-0.02,0.026987996288010796,0,
8803,2025-03-17,0,-0.03,0.029172291676612574,0,
8804,2025-03-18,0,-0.04,0.03130117528771478,0,
8805,2025-03-19,0,-0.08,0.033374308790047436,0,
8806,2025-03-20,0,-0.08,0.035391353852340546,0,
8807,2025-03-21,0,-0.08,0.03735197214332442,0,
8808,2025-03-24,0,0.0,0.03925582533172557,0,
8809,2025-03-25,0,-0.02,0.04110257508628144,0,
8810,2025-03-26,0,0.01,0.04289188307571834,0,
8811,2025-03-27,0,0.04,0.04462341096876633,0,
8812,2025-03-28,0,-0.06,0.04629682043415591,0,
8813,2025-03-31,0,-0.08,0.04791177314061701,0,
8814,2025-04-01,0,-0.15,0.04946793075687693,0,
8815,2025-04-02,0,-0.12,0.050964954951671484,0,
8816,2025-04-03,0,-0.25,0.05240250739372798,0,
8817,2025-04-04,0,-0.27,0.053780249751776546,0,
8818,2025-04-07,0,-0.13,0.055097843694547274,0,
8819,2025-04-08,0,-0.04,0.05635495089077047,0,
8820,2025-04-09,0,-0.0,0.05755123300917603,0,
8821,2025-04-10,0,0.06,0.05868635171849229,0,
8822,2025-04-11,0,0.14,0.05975996868745334,0,
8823,2025-04-14,0,0.04,0.06077174558478718,0,
8824,2025-04-15,0,0.01,0.06172134407922428,0,
8825,2025-04-16,0,-0.04,0.0626084258394943,0,
8826,2025-04-17,0,0.0,0.06343265253432773,0,
8827,2025-04-21,0,0.08,0.06419368583245466,0,
8828,2025-04-22,0,0.08,0.06489118740260383,0,
8829,2025-04-23,0,0.07,0.06552481891350803,0,
8830,2025-04-24,0,0.0,0.06609424203389619,0,
8831,2025-04-25,0,-0.03,0.06659911843249819,0,
8832,2025-04-28,0,-0.08,0.06703910977804434,0,
8833,2025-04-29,0,-0.11,0.0674138777392648,0,
8834,2025-04-30,0,-0.13,0.06772308398488913,0,
8835,2025-05-01,0,-0.05,0.06796639018364856,0,
8836,2025-05-02,0,0.0,0.06814345800427266,0,
8837,2025-05-05,0,0.03,0.06825394911549154,0,
8838,2025-05-06,0,-0.03,0.06829752518603538,0,
8839,2025-05-07,0,-0.08,0.06827384788463425,0,
8840,2025-05-08,0,0.03,0.06818257888001847,0,
8841,2025-05-09,0,0.03,0.06802337984091811,0,
8842,2025-05-12,0,0.03,0.06779591243606331,0,
8843,2025-05-13,0,0.08,0.06749983833418383,0,
8844,2025-05-14,0,0.12,0.06713481920401024,0,
8845,2025-05-15,0,0.07,0.06670051671427255,0,
8846,2025-05-16,0,0.05,0.06619659253370097,0,
8847,2025-05-19,0,0.07,0.06562270833102651,0,
8848,2025-05-20,0,0.1,0.06497852577497734,0,
8849,2025-05-21,0,0.21,0.06426370653428473,0,
8850,2025-05-22,0,0.16,0.06347791227767874,0,
8851,2025-05-23,0,0.14,0.06262080467388928,0,
8852,2025-05-27,0,0.08,0.061692045391646716,0,
8853,2025-05-28,0,0.12,0.06069129609968124,0,
8854,2025-05-29,0,0.06,0.05961821846672477,0,
8855,2025-05-30,0,0.04,0.058472474161503696,0,
8856,2025-06-02,0,0.01,0.057253724852750015,0,
8857,2025-06-03,0,0.03,0.05596163220919395,0,
8858,2025-06-04,0,-0.07,0.054595857899565364,0,
8859,2025-06-05,0,-0.04,0.05315606359259467,0,
8860,2025-06-06,0,0.08,0.05164191095701193,0,
8861,2025-06-09,0,0.04,0.050053061661550186,0,
8862,2025-06-10,0,0.01,0.04838917737493384,0,
8863,2025-06-11,0,-0.04,0.04664991976589583,0,
8864,2025-06-12,0,-0.09,0.044834950503166354,0,
8865,2025-06-13,0,-0.04,0.04294393125547549,0,
8866,2025-06-16,0,0.03,0.04097652369155333,0,
8867,2025-06-17,0,-0.03,0.03893238948013389,0,
8868,2025-06-18,0,-0.04,0.03681119028993976,0,
8869,2025-06-20,0,-0.0,0.03461258778970483,0,
8870,2025-06-23,0,-0.04,0.03233624364815921,0,
8871,2025-06-24,0,-0.08,0.029981819534033033,0,
8872,2025-06-25,0,-0.08,0.02754897711605636,0,
8873,2025-06-26,0,-0.12,0.025037378062959526,0,
8874,2025-06-27,0,-0.09,0.022446684043477244,0,
8875,2025-06-30,0,-0.16,0.01977655672633033,0,
8876,2025-07-01,0,-0.14,0.017026657780253474,0,
8877,2025-07-02,0,-0.11,0.014196648873976897,0,
8878,2025-07-03,0,-0.07,0.011286191676230739,0,
8879,2025-07-07,0,-0.01,0.008294947855745083,0,
8880,2025-07-08,0,0.0,0.005222579081250067,0,
8881,2025-07-09,0,-0.08,0.0020687470214817427,0,
8882,2025-07-10,0,-0.07,-0.001166886654841326,0,
8883,2025-07-11,0,0.01,-0.004484660278983338,0,
8884,2025-07-14,0,0.0,-0.007884912182214182,0,
8885,2025-07-15,0,0.08,-0.011367980695803637,0,
8886,2025-07-16,0,0.04,-0.01493420415102159,0,
8887,2025-07-17,0,0.05,-0.018583920879131216,0,
8888,2025-07-18,0,0.04,-0.022317469211415697,0,
8889,2025-07-21,0,-0.03,-0.026135187479138233,0,
8890,2025-07-22,0,-0.06,-0.03003741401356877,0,
8891,2025-07-23,0,-0.0,-0.03402448714597714,0,
8892,2025-07-24,0,0.0,-0.03809674520763315,0,
8893,2025-07-25,0,-0.01,-0.042254526529806796,0,
8894,2025-07-28,0,0.01,-0.04649816944376006,0,
8895,2025-07-29,0,-0.06,-0.05082801228077821,0,
8896,2025-07-30,0,-0.03,-0.05524439337212356,0,
8897,2025-07-31,0,-0.04,-0.059747651049065875,0,
8898,2025-08-01,0,-0.11,-0.06433812364287511,0,
8899,2025-08-04,0,-0.12,-0.0690161494848211,0,
8900,2025-08-05,0,-0.12,-0.07378206690617367,0,
8901,2025-08-06,0,-0.1,-0.07863621423819375,0,
8902,2025-08-07,0,-0.08,-0.083578929812169,0,
8903,2025-08-08,0,-0.05,-0.0886105519593604,0,
8904,2025-08-11,0,-0.07,-0.09373141901103788,0,
8905,2025-08-12,0,-0.04,-0.09894186929847128,0,
8906,2025-08-13,0,-0.04,-0.10424224115293046,0,
8907,2025-08-14,0,-0.0,-0.10963287290567533,0,
8908,2025-08-15,0,0.03,-0.11511410288799555,0,
8909,2025-08-18,0,0.0,-0.1206862694311511,0,
8910,2025-08-19,0,0.0,-0.1263497108664119,0,
8911,2025-08-20,0,-0.0,-0.1321047655250478,0,
8912,2025-08-21,0,0.0,-0.13795177173832862,0,
8913,2025-08-22,0,-0.0,-0.1438910678375243,0,
8914,2025-08-25,0,-0.0,-0.14992299215389365,0,
8915,2025-08-26,0,-0.02,-0.15604788301872846,0,
8916,2025-08-27,0,-0.01,-0.16226607876328764,0,
